n_features,features,rows_train,rows_test,r2_log,rmse_log,r2_level,mae_level,alpha,error
4,"BED_RMS, RES_FLOOR, emp_dist_m, INT_COND",16000,4000,0.48460332139830276,0.5172519300645703,-0.14871436624849377,888812.7884834611,1.0,
4,"TT_RMS, RES_FLOOR, emp_dist_m, INT_COND",16000,4000,0.48061235498992816,0.519250734358744,-1.479584134193186,1020349.2980597803,1.0,
5,"LIVING_AREA, BED_RMS, RES_FLOOR, emp_dist_m, INT_COND",16000,4000,0.4721039250800809,0.5234865509479768,-0.8170497409499242,953427.4262984451,1.0,
3,"RES_FLOOR, emp_dist_m, INT_COND",16000,4000,0.47026293645033,0.5243985619133993,0.11310618123954541,893482.8210154305,1.0,
5,"LIVING_AREA, TT_RMS, RES_FLOOR, emp_dist_m, INT_COND",16000,4000,0.4697636917578011,0.5246456104611599,-1.2325450574396268,1023912.2907528748,1.0,
4,"LIVING_AREA, RES_FLOOR, emp_dist_m, INT_COND",16000,4000,0.4658103904712557,0.5265977877526286,-0.31656635808121303,908964.3499277494,1.0,
3,"BED_RMS, RES_FLOOR, INT_COND",16000,4000,0.4585963146238644,0.5301416384552063,-2.5338527386773904,1088959.6002430334,1.0,
2,"RES_FLOOR, INT_COND",16000,4000,0.45456225128275773,0.5321130472142536,-2.02118737450458,1034932.6551087005,1.0,
6,"LIVING_AREA, BED_RMS, TT_RMS, RES_FLOOR, emp_dist_m, INT_COND",16000,4000,0.44646737836872985,0.5360470648540167,-3.2634266534284544,1167173.0764778142,1.0,
5,"LAND_SF, TT_RMS, RES_FLOOR, emp_dist_m, INT_COND",16000,4000,0.44322293405565527,0.537615747303651,0.005289158389672477,888415.7506339329,1.0,
5,"BED_RMS, TT_RMS, RES_FLOOR, emp_dist_m, INT_COND",16000,4000,0.44312409035913736,0.5376634661957973,-2.5154757401191086,1085615.2236734766,1.0,
5,"LAND_SF, BED_RMS, RES_FLOOR, emp_dist_m, INT_COND",16000,4000,0.4398451062164769,0.5392440718229446,0.029537175200663457,905960.3811279426,1.0,
3,"BED_RMS, RES_FLOOR, emp_dist_m",16000,4000,0.43907655614172003,0.539613874906811,-0.18543811627507667,918393.1454555679,1.0,
2,"RES_FLOOR, emp_dist_m",16000,4000,0.4363952170265355,0.5409020745841634,0.1275278492350228,912281.1946914091,1.0,
5,"YR_BUILT, TT_RMS, RES_FLOOR, emp_dist_m, INT_COND",16000,4000,0.43508807113274706,0.5415289575264598,-0.04080499495237855,889365.309922287,1.0,
6,"YR_BUILT, LIVING_AREA, TT_RMS, RES_FLOOR, emp_dist_m, INT_COND",16000,4000,0.43497700124192396,0.5415821911394674,-0.771887700975437,955024.0234445966,1.0,
3,"TT_RMS, RES_FLOOR, emp_dist_m",16000,4000,0.43470863678878036,0.5417107913513726,-1.7283074153767641,1062469.502693536,1.0,
6,"YR_BUILT, LIVING_AREA, BED_RMS, RES_FLOOR, emp_dist_m, INT_COND",16000,4000,0.43237964009466745,0.5428255667614285,-0.816746265687508,981459.2474565234,1.0,
6,"LIVING_AREA, TT_RMS, RES_FLOOR, NUM_PARKING, emp_dist_m, INT_COND",16000,4000,0.4316475745995382,0.5431754976751683,-0.7924355610078055,972181.0546787251,1.0,
4,"LIVING_AREA, BED_RMS, RES_FLOOR, INT_COND",16000,4000,0.43112230380426586,0.5434264408589623,-2.4053836671985076,1128243.5695800807,1.0,
5,"YR_BUILT, BED_RMS, RES_FLOOR, emp_dist_m, INT_COND",16000,4000,0.4309343796225894,0.543516191729316,0.420502850318748,867838.7008459117,1.0,
5,"TT_RMS, RES_FLOOR, NUM_PARKING, emp_dist_m, INT_COND",16000,4000,0.43059632838937145,0.5436776046081202,-0.08536795575057776,913852.9983896127,1.0,
6,"LIVING_AREA, TT_RMS, RES_FLOOR, neighborhood_walkability, emp_dist_m, INT_COND",16000,4000,0.4305102692257782,0.5437186885302061,-0.7749627948264548,958214.6323460111,1.0,
6,"LIVING_AREA, BED_RMS, RES_FLOOR, NUM_PARKING, emp_dist_m, INT_COND",16000,4000,0.42928859146831577,0.5443015727637683,-0.803620473013096,977993.8258327529,1.0,
6,"LIVING_AREA, TT_RMS, RES_FLOOR, median_hh_income, emp_dist_m, INT_COND",16000,4000,0.4284593896988771,0.5446968443494011,-0.7759045977393588,959985.379505091,1.0,
6,"LIVING_AREA, BED_RMS, RES_FLOOR, neighborhood_walkability, emp_dist_m, INT_COND",16000,4000,0.427660545111923,0.545077373903107,-0.8207249313517009,984020.508225311,1.0,
5,"TT_RMS, RES_FLOOR, neighborhood_walkability, emp_dist_m, INT_COND",16000,4000,0.4268898450383277,0.5454442452084882,-0.04475500490636364,892688.0957072516,1.0,
5,"BED_RMS, RES_FLOOR, NUM_PARKING, emp_dist_m, INT_COND",16000,4000,0.42681510252926746,0.5454798112702491,0.47870105713322064,856370.5194314645,1.0,
5,"TT_RMS, RES_FLOOR, median_hh_income, emp_dist_m, INT_COND",16000,4000,0.42645034802287873,0.5456533456537368,-0.045820437432319006,893722.5984650045,1.0,
6,"LIVING_AREA, BED_RMS, RES_FLOOR, median_hh_income, emp_dist_m, INT_COND",16000,4000,0.4256622288513521,0.5460281102729306,-0.822073012231203,985371.1634940134,1.0,
4,"LAND_SF, RES_FLOOR, emp_dist_m, INT_COND",16000,4000,0.4254773340716661,0.5461159937696083,0.2085518445811353,895713.164723579,1.0,
3,"TT_RMS, RES_FLOOR, INT_COND",16000,4000,0.42540665395888433,0.5461495854407691,-2.523264971045892,1082175.604477923,1.0,
1,RES_FLOOR,16000,4000,0.42507575440551915,0.5463068224189374,-2.020813415727077,1057049.7891672053,1.0,
3,"LIVING_AREA, RES_FLOOR, emp_dist_m",16000,4000,0.4238677117690066,0.5468804767929789,-0.3329726966180746,939020.0117765311,1.0,
6,"LAND_SF, LIVING_AREA, TT_RMS, RES_FLOOR, emp_dist_m, INT_COND",16000,4000,0.42384068321379054,0.5468933047633138,-0.7720134924372859,957363.5224175466,1.0,
4,"LIVING_AREA, BED_RMS, RES_FLOOR, emp_dist_m",16000,4000,0.4234357018228543,0.5470854761807644,-0.8403105561227899,983021.0549307923,1.0,
6,"LAND_SF, BED_RMS, TT_RMS, RES_FLOOR, emp_dist_m, INT_COND",16000,4000,0.4233555496705024,0.5471235019089494,-1.9257519359064132,1090398.6062235292,1.0,
7,"YR_BUILT, LIVING_AREA, BED_RMS, TT_RMS, RES_FLOOR, emp_dist_m, INT_COND",16000,4000,0.4225142904220758,0.5475224522123754,-0.9695498098648385,1043972.3655912078,1.0,
5,"YR_BUILT, LIVING_AREA, RES_FLOOR, emp_dist_m, INT_COND",16000,4000,0.42234360514209357,0.547603360810683,-0.49302321839491126,963669.6195832391,1.0,
5,"BED_RMS, RES_FLOOR, neighborhood_walkability, emp_dist_m, INT_COND",16000,4000,0.42234183639286016,0.5476041991743641,0.46465718927780775,862811.0203849738,1.0,
5,"BED_RMS, RES_FLOOR, median_hh_income, emp_dist_m, INT_COND",16000,4000,0.42198446948105206,0.5477735600321989,0.44997377138459327,866266.0125049698,1.0,
6,"LAND_SF, LIVING_AREA, BED_RMS, RES_FLOOR, emp_dist_m, INT_COND",16000,4000,0.42173987481596054,0.5478894464680174,-0.8113613234022883,979298.5417518369,1.0,
4,"LIVING_AREA, TT_RMS, RES_FLOOR, emp_dist_m",16000,4000,0.42081275379215066,0.5483284845092397,-1.3352102786165658,1061970.481401246,1.0,
5,"LIVING_AREA, RES_FLOOR, NUM_PARKING, emp_dist_m, INT_COND",16000,4000,0.42021212313972256,0.548612725536415,-0.5032420431657674,966081.2127964125,1.0,
7,"LIVING_AREA, BED_RMS, TT_RMS, RES_FLOOR, neighborhood_walkability, emp_dist_m, INT_COND",16000,4000,0.41978613600479986,0.5488142294495719,-0.8559074366291195,1034190.063272329,1.0,
7,"LIVING_AREA, BED_RMS, TT_RMS, RES_FLOOR, NUM_PARKING, emp_dist_m, INT_COND",16000,4000,0.4190029523753953,0.5491845044455621,-1.7049779595036578,1085195.545121126,1.0,
7,"LIVING_AREA, BED_RMS, TT_RMS, RES_FLOOR, median_hh_income, emp_dist_m, INT_COND",16000,4000,0.4174397723182217,0.5499228021787738,-0.8768514413446562,1037950.8191702449,1.0,
6,"YR_BUILT, BED_RMS, TT_RMS, RES_FLOOR, emp_dist_m, INT_COND",16000,4000,0.4166602968805596,0.5502905822010917,-1.7636387873900525,1082830.0872457935,1.0,
4,"LIVING_AREA, TT_RMS, RES_FLOOR, INT_COND",16000,4000,0.41620189512192973,0.550506755240548,-3.258420873675261,1172355.655740316,1.0,
4,"LAND_SF, BED_RMS, RES_FLOOR, INT_COND",16000,4000,0.4158606573988446,0.5506676209811285,-0.01044572787948872,914345.2384388901,1.0,
7,"LAND_SF, LIVING_AREA, BED_RMS, TT_RMS, RES_FLOOR, emp_dist_m, INT_COND",16000,4000,0.4158147227075951,0.5506892718510947,-1.7921823441408744,1104174.3405506148,1.0,
5,"LIVING_AREA, RES_FLOOR, neighborhood_walkability, emp_dist_m, INT_COND",16000,4000,0.41412909789519836,0.5514831868102797,-0.5100368546885536,967972.4939078804,1.0,
4,"YR_BUILT, RES_FLOOR, emp_dist_m, INT_COND",16000,4000,0.41377198823609207,0.5516512357531083,0.060254505991311436,912927.2909993633,1.0,
5,"LIVING_AREA, RES_FLOOR, median_hh_income, emp_dist_m, INT_COND",16000,4000,0.4130815477720742,0.5519759986830657,-0.5061516475536112,967869.621525215,1.0,
6,"BED_RMS, TT_RMS, RES_FLOOR, NUM_PARKING, emp_dist_m, INT_COND",16000,4000,0.41205868137996515,0.5524567740946184,-1.8369780999237846,1084282.193644126,1.0,
6,"BED_RMS, TT_RMS, RES_FLOOR, neighborhood_walkability, emp_dist_m, INT_COND",16000,4000,0.4119516218354,0.5525070708474594,-1.641161098519608,1077633.9478699262,1.0,
4,"RES_FLOOR, NUM_PARKING, emp_dist_m, INT_COND",16000,4000,0.4112457738058368,0.5528385648916836,0.057456768717711215,915262.2029859641,1.0,
4,"LAND_SF, TT_RMS, RES_FLOOR, INT_COND",16000,4000,0.41110569078132275,0.552904329763336,-1.5390803530117707,1062697.3879801591,1.0,
6,"BED_RMS, TT_RMS, RES_FLOOR, median_hh_income, emp_dist_m, INT_COND",16000,4000,0.41034245956374116,0.5532625071106122,-1.5871166686547729,1075174.420329336,1.0,
2,"BED_RMS, RES_FLOOR",16000,4000,0.40943063772416555,0.5536901129051426,-2.537026184110605,1117354.1291055426,1.0,
3,"LAND_SF, RES_FLOOR, INT_COND",16000,4000,0.40876884083541754,0.5540002608900372,-0.3943759486877565,992897.4821033129,1.0,
4,"YR_BUILT, BED_RMS, RES_FLOOR, INT_COND",16000,4000,0.4057868344636023,0.5553956156685447,-0.11607780770863818,932128.6326737158,1.0,
3,"LIVING_AREA, RES_FLOOR, INT_COND",16000,4000,0.4048216466922764,0.5558465006215688,-2.189030826849025,1086764.1856589853,1.0,
5,"LAND_SF, LIVING_AREA, RES_FLOOR, emp_dist_m, INT_COND",16000,4000,0.40339250233273705,0.5565134507789828,-0.42707922725579595,955693.5198668661,1.0,
4,"YR_BUILT, TT_RMS, RES_FLOOR, INT_COND",16000,4000,0.4024111810389325,0.5569709493164426,-1.3834897664643582,1061576.0196232095,1.0,
5,"YR_BUILT, LIVING_AREA, BED_RMS, RES_FLOOR, INT_COND",16000,4000,0.4012565628515026,0.5575087592911236,-0.804607566523839,990091.3625398438,1.0,
6,"YR_BUILT, LAND_SF, TT_RMS, RES_FLOOR, emp_dist_m, INT_COND",16000,4000,0.40079288824271453,0.5577245884862759,-0.08906544579503062,940656.9128379822,1.0,
3,"BED_RMS, emp_dist_m, INT_COND",16000,4000,0.4002923989311846,0.5579574603323101,-2.54004331604517,1126120.4519878866,1.0,
4,"BED_RMS, RES_FLOOR, NUM_PARKING, INT_COND",16000,4000,0.4002649472917449,0.5579702304487119,-0.11408751811265883,939203.8935776617,1.0,
4,"RES_FLOOR, median_hh_income, emp_dist_m, INT_COND",16000,4000,0.40005463278031184,0.558068056104979,0.05445525602240431,917645.9837596085,1.0,
4,"BED_RMS, RES_FLOOR, neighborhood_walkability, INT_COND",16000,4000,0.3994432800079678,0.5583523233068339,-0.10186360657464277,932534.4244470823,1.0,
5,"YR_BUILT, LIVING_AREA, TT_RMS, RES_FLOOR, INT_COND",16000,4000,0.39926244308255676,0.5584363812436319,-1.1994102099130117,1059625.3707328257,1.0,
7,"YR_BUILT, LIVING_AREA, TT_RMS, RES_FLOOR, NUM_PARKING, emp_dist_m, INT_COND",16000,4000,0.3990004937507817,0.558558120006479,-0.19803210735085663,953986.0517816257,1.0,
7,"YR_BUILT, LIVING_AREA, TT_RMS, RES_FLOOR, neighborhood_walkability, emp_dist_m, INT_COND",16000,4000,0.3989212919971077,0.5585949231359202,-0.16671301006087735,954879.6969874442,1.0,
5,"LIVING_AREA, BED_RMS, RES_FLOOR, neighborhood_walkability, INT_COND",16000,4000,0.39890727078939947,0.5586014381976446,-0.7994554028622964,989605.9559780478,1.0,
5,"LIVING_AREA, BED_RMS, RES_FLOOR, NUM_PARKING, INT_COND",16000,4000,0.39744001493198033,0.5592827903734673,-0.7988221869513601,992100.7865069121,1.0,
5,"LIVING_AREA, TT_RMS, RES_FLOOR, neighborhood_walkability, INT_COND",16000,4000,0.3973074681557638,0.5593443004773867,-1.1542317506756246,1054765.70230094,1.0,
6,"LAND_SF, TT_RMS, RES_FLOOR, NUM_PARKING, emp_dist_m, INT_COND",16000,4000,0.39725790470949895,0.5593672993198946,-0.07626064067682381,934661.9647301424,1.0,
4,"RES_FLOOR, neighborhood_walkability, emp_dist_m, INT_COND",16000,4000,0.3970013845630497,0.5594863168226472,0.05355359837679341,919790.698514803,1.0,
4,"BED_RMS, RES_FLOOR, median_hh_income, INT_COND",16000,4000,0.3969203523645676,0.5595239080227881,-0.09771346712110085,933084.8160130042,1.0,
4,"TT_RMS, RES_FLOOR, neighborhood_walkability, INT_COND",16000,4000,0.3967686348238495,0.5595942836799305,-1.2285869502918403,1053572.366432515,1.0,
4,"TT_RMS, RES_FLOOR, NUM_PARKING, INT_COND",16000,4000,0.3962271327114243,0.55984539256738,-1.551618680447643,1065752.630513234,1.0,
7,"LIVING_AREA, TT_RMS, RES_FLOOR, NUM_PARKING, neighborhood_walkability, emp_dist_m, INT_COND",16000,4000,0.39620127754435663,0.5598573794766806,-0.1419976906835887,948977.7694202464,1.0,
6,"LAND_SF, TT_RMS, RES_FLOOR, neighborhood_walkability, emp_dist_m, INT_COND",16000,4000,0.3960892497740499,0.559909314552584,-0.09447461781605071,942665.5489533249,1.0,
7,"YR_BUILT, LIVING_AREA, TT_RMS, RES_FLOOR, median_hh_income, emp_dist_m, INT_COND",16000,4000,0.3960656541280999,0.5599202526695992,-0.21479166493293134,961467.6594521543,1.0,
8,"YR_BUILT, LIVING_AREA, BED_RMS, TT_RMS, RES_FLOOR, neighborhood_walkability, emp_dist_m, INT_COND",16000,4000,0.39594560633627385,0.5599758993226073,0.1430633399600002,886030.1753486147,1.0,
7,"YR_BUILT, LAND_SF, LIVING_AREA, TT_RMS, RES_FLOOR, emp_dist_m, INT_COND",16000,4000,0.3957383433675231,0.56007196046746,-0.834495942037095,1002748.8177199863,1.0,
3,"YR_BUILT, RES_FLOOR, INT_COND",16000,4000,0.39540861747663114,0.5602247461347634,0.10236192040716918,944539.5731801521,1.0,
5,"LIVING_AREA, TT_RMS, RES_FLOOR, NUM_PARKING, INT_COND",16000,4000,0.3950734295129811,0.5603800200750628,-2.169810334055476,1119707.6916726532,1.0,
8,"YR_BUILT, LIVING_AREA, BED_RMS, TT_RMS, RES_FLOOR, NUM_PARKING, emp_dist_m, INT_COND",16000,4000,0.39484813731851254,0.5604843612447903,0.07224098096289167,901342.9043666857,1.0,
5,"LIVING_AREA, BED_RMS, RES_FLOOR, median_hh_income, INT_COND",16000,4000,0.39472312174465274,0.560542252213927,-0.7979546926416723,990927.7589688563,1.0,
6,"YR_BUILT, LAND_SF, BED_RMS, RES_FLOOR, emp_dist_m, INT_COND",16000,4000,0.39453596795212464,0.5606289063584544,0.44689373599340243,890798.4042934441,1.0,
7,"YR_BUILT, LAND_SF, BED_RMS, TT_RMS, RES_FLOOR, emp_dist_m, INT_COND",16000,4000,0.39452133433314274,0.5606356813110535,-0.08959658662339831,939076.0880067397,1.0,
7,"YR_BUILT, LIVING_AREA, BED_RMS, RES_FLOOR, NUM_PARKING, emp_dist_m, INT_COND",16000,4000,0.39451848430304703,0.5606370007850291,0.3884448480724698,882012.5954818648,1.0,
4,"TT_RMS, RES_FLOOR, median_hh_income, INT_COND",16000,4000,0.3940996981073096,0.560830851833003,-1.1583630552391981,1050067.4654323142,1.0,
7,"YR_BUILT, LIVING_AREA, BED_RMS, RES_FLOOR, neighborhood_walkability, emp_dist_m, INT_COND",16000,4000,0.3940984902003225,0.5608314108615797,0.4241002850519806,878718.4915183263,1.0,
8,"YR_BUILT, LAND_SF, LIVING_AREA, BED_RMS, TT_RMS, RES_FLOOR, emp_dist_m, INT_COND",16000,4000,0.39409219043699373,0.5608343264311194,-0.8097975586873982,995526.5925721447,1.0,
3,"RES_FLOOR, NUM_PARKING, INT_COND",16000,4000,0.3937774972451651,0.5609799491077283,0.09737535892988614,946510.0419153747,1.0,
6,"LAND_SF, TT_RMS, RES_FLOOR, median_hh_income, emp_dist_m, INT_COND",16000,4000,0.3936592125064259,0.5610346749962889,-0.09440493154902652,944013.3116791771,1.0,
5,"LIVING_AREA, BED_RMS, TT_RMS, RES_FLOOR, emp_dist_m",16000,4000,0.393537656611778,0.5610909087642066,-3.272227305583108,1196670.4334266775,1.0,
7,"LIVING_AREA, TT_RMS, RES_FLOOR, NUM_PARKING, median_hh_income, emp_dist_m, INT_COND",16000,4000,0.39334796026437135,0.5611786541743501,-0.18815562559507648,955461.1923555117,1.0,
5,"LIVING_AREA, BED_RMS, TT_RMS, RES_FLOOR, INT_COND",16000,4000,0.39317045672625595,0.5612607472892912,-3.2322697408957115,1155436.096601282,1.0,
8,"YR_BUILT, LIVING_AREA, BED_RMS, TT_RMS, RES_FLOOR, median_hh_income, emp_dist_m, INT_COND",16000,4000,0.39317009474793563,0.5612609146873642,0.14539491155483852,884718.781791052,1.0,
8,"LIVING_AREA, BED_RMS, TT_RMS, RES_FLOOR, NUM_PARKING, neighborhood_walkability, emp_dist_m, INT_COND",16000,4000,0.393066156868521,0.5613089790386919,0.07691063183134239,902052.9936872219,1.0,
5,"LIVING_AREA, TT_RMS, RES_FLOOR, median_hh_income, INT_COND",16000,4000,0.39304118900737617,0.561320524399588,-1.1340160427917865,1054020.602282024,1.0,
7,"LIVING_AREA, TT_RMS, RES_FLOOR, median_hh_income, neighborhood_walkability, emp_dist_m, INT_COND",16000,4000,0.3930180169050156,0.5613312391732037,-0.1585300038868982,956363.169487027,1.0,
7,"LAND_SF, LIVING_AREA, TT_RMS, RES_FLOOR, neighborhood_walkability, emp_dist_m, INT_COND",16000,4000,0.3930136865728131,0.5613332414949148,-0.8377024086472351,1003953.4264780917,1.0,
7,"LAND_SF, LIVING_AREA, TT_RMS, RES_FLOOR, NUM_PARKING, emp_dist_m, INT_COND",16000,4000,0.39296772196485563,0.5613544948356958,-0.8239562805179108,997449.0049443694,1.0,
8,"LAND_SF, LIVING_AREA, BED_RMS, TT_RMS, RES_FLOOR, neighborhood_walkability, emp_dist_m, INT_COND",16000,4000,0.392364988330303,0.5616331153481793,-0.8064631638271158,994144.1324289901,1.0,
7,"LAND_SF, BED_RMS, TT_RMS, RES_FLOOR, neighborhood_walkability, emp_dist_m, INT_COND",16000,4000,0.391628661546062,0.5619733033647957,-0.08449184409174637,937763.1540542745,1.0,
7,"LIVING_AREA, BED_RMS, RES_FLOOR, NUM_PARKING, neighborhood_walkability, emp_dist_m, INT_COND",16000,4000,0.39154401603648403,0.5620123969735296,0.44436168741749515,879084.3690736586,1.0,
4,"BED_RMS, TT_RMS, RES_FLOOR, emp_dist_m",16000,4000,0.3914850874777368,0.562039611578682,-2.5249223466943294,1115239.0673042051,1.0,
7,"YR_BUILT, LAND_SF, LIVING_AREA, BED_RMS, RES_FLOOR, emp_dist_m, INT_COND",16000,4000,0.39143562192908865,0.5620624549241849,-0.2921464716217854,951700.9798261672,1.0,
7,"YR_BUILT, LIVING_AREA, BED_RMS, RES_FLOOR, median_hh_income, emp_dist_m, INT_COND",16000,4000,0.3912793545995995,0.5621346135686476,0.375736068001548,886449.9150517075,1.0,
6,"LAND_SF, BED_RMS, RES_FLOOR, NUM_PARKING, emp_dist_m, INT_COND",16000,4000,0.3912393624349435,0.5621530790264596,0.44336694687597544,892152.1206756394,1.0,
8,"LIVING_AREA, BED_RMS, TT_RMS, RES_FLOOR, median_hh_income, neighborhood_walkability, emp_dist_m, INT_COND",16000,4000,0.39120560089794953,0.5621686671637887,0.1458238790455213,885753.3550422046,1.0,
8,"LAND_SF, LIVING_AREA, BED_RMS, TT_RMS, RES_FLOOR, NUM_PARKING, emp_dist_m, INT_COND",16000,4000,0.39117556035297574,0.5621825369076865,-0.9014498356814338,1012670.3668430533,1.0,
4,"LAND_SF, TT_RMS, RES_FLOOR, emp_dist_m",16000,4000,0.3910824800347573,0.5622255099932978,-0.005052073532902046,917564.301007158,1.0,
7,"LAND_SF, BED_RMS, TT_RMS, RES_FLOOR, NUM_PARKING, emp_dist_m, INT_COND",16000,4000,0.39086724844560805,0.5623248649919522,-0.25651364623090545,962437.4971979097,1.0,
8,"LIVING_AREA, BED_RMS, TT_RMS, RES_FLOOR, NUM_PARKING, median_hh_income, emp_dist_m, INT_COND",16000,4000,0.3902923502027299,0.5625901629375227,0.08151735913990732,900540.2864429092,1.0,
7,"LAND_SF, LIVING_AREA, TT_RMS, RES_FLOOR, median_hh_income, emp_dist_m, INT_COND",16000,4000,0.39009727080570356,0.5626801576853636,-0.838840347104651,1005544.9269071466,1.0,
6,"YR_BUILT, TT_RMS, RES_FLOOR, NUM_PARKING, emp_dist_m, INT_COND",16000,4000,0.38960246578243785,0.562908358437055,-0.028193436079984924,934476.5678163714,1.0,
6,"LAND_SF, BED_RMS, RES_FLOOR, neighborhood_walkability, emp_dist_m, INT_COND",16000,4000,0.38957996651686166,0.5629187327482502,0.4285732276147084,895660.4856589027,1.0,
8,"LAND_SF, LIVING_AREA, BED_RMS, TT_RMS, RES_FLOOR, median_hh_income, emp_dist_m, INT_COND",16000,4000,0.389544823592339,0.5629349366117629,-0.8046271034612928,994503.6684068921,1.0,
7,"LAND_SF, BED_RMS, TT_RMS, RES_FLOOR, median_hh_income, emp_dist_m, INT_COND",16000,4000,0.38901899387287076,0.5631773329541581,-0.08049506275421558,937743.8963808316,1.0,
7,"LAND_SF, LIVING_AREA, BED_RMS, RES_FLOOR, NUM_PARKING, emp_dist_m, INT_COND",16000,4000,0.38883054081533386,0.5632641804228697,-0.26679555461335513,945382.4356537194,1.0,
7,"LIVING_AREA, BED_RMS, RES_FLOOR, NUM_PARKING, median_hh_income, emp_dist_m, INT_COND",16000,4000,0.38872720102478364,0.5633117982653925,0.3985579955607046,884112.2050017676,1.0,
7,"LAND_SF, LIVING_AREA, BED_RMS, RES_FLOOR, neighborhood_walkability, emp_dist_m, INT_COND",16000,4000,0.38853571307424084,0.5634000231754532,-0.27527146950575365,947128.4537219014,1.0,
6,"YR_BUILT, TT_RMS, RES_FLOOR, neighborhood_walkability, emp_dist_m, INT_COND",16000,4000,0.3882535712862394,0.56352999017504,-0.023668399452053013,939532.5922441923,1.0,
7,"LIVING_AREA, BED_RMS, RES_FLOOR, median_hh_income, neighborhood_walkability, emp_dist_m, INT_COND",16000,4000,0.3880564653163773,0.5636207681300298,0.4325278559300382,882169.8354455138,1.0,
4,"LAND_SF, BED_RMS, RES_FLOOR, emp_dist_m",16000,4000,0.3879873669040027,0.5636525882234893,-0.047252858921054575,937478.3476837496,1.0,
6,"LAND_SF, BED_RMS, RES_FLOOR, median_hh_income, emp_dist_m, INT_COND",16000,4000,0.3872024925155677,0.564013899992079,0.43321227586346855,895842.3536666224,1.0,
4,"LIVING_AREA, BED_RMS, emp_dist_m, INT_COND",16000,4000,0.38618240433969,0.564483145270599,-1.34766691864048,1071991.3939897092,1.0,
6,"YR_BUILT, TT_RMS, RES_FLOOR, median_hh_income, emp_dist_m, INT_COND",16000,4000,0.38591105419188176,0.5646079019259058,-0.07047092813336531,944575.0152203372,1.0,
7,"LAND_SF, LIVING_AREA, BED_RMS, RES_FLOOR, median_hh_income, emp_dist_m, INT_COND",16000,4000,0.3856557995754162,0.5647252333005475,-0.28157207867804934,950206.6781002033,1.0,
4,"YR_BUILT, LIVING_AREA, RES_FLOOR, INT_COND",16000,4000,0.3854074250112841,0.5648393787662292,-0.3029442128197153,949592.2979097061,1.0,
7,"YR_BUILT, BED_RMS, TT_RMS, RES_FLOOR, neighborhood_walkability, emp_dist_m, INT_COND",16000,4000,0.3851532316800259,0.564956174482892,-0.07550788609513592,932602.0035857122,1.0,
6,"YR_BUILT, LIVING_AREA, BED_RMS, TT_RMS, RES_FLOOR, INT_COND",16000,4000,0.38494933495587325,0.5650498426703778,-3.2681280950955225,1202333.8338415388,1.0,
6,"TT_RMS, RES_FLOOR, NUM_PARKING, neighborhood_walkability, emp_dist_m, INT_COND",16000,4000,0.3847914617609033,0.5651223574283875,0.10193315298134731,925669.0099980993,1.0,
7,"YR_BUILT, BED_RMS, TT_RMS, RES_FLOOR, NUM_PARKING, emp_dist_m, INT_COND",16000,4000,0.3845169849412037,0.5652484087431978,-0.2039610390715092,955045.4753784199,1.0,
3,"TT_RMS, emp_dist_m, INT_COND",16000,4000,0.3844477486751672,0.5652802005129999,-2.5298902611774268,1114937.185052269,1.0,
6,"LIVING_AREA, BED_RMS, TT_RMS, RES_FLOOR, neighborhood_walkability, INT_COND",16000,4000,0.38423634065799417,0.5653772633594352,-3.270667073111521,1203791.0528287964,1.0,
4,"YR_BUILT, TT_RMS, RES_FLOOR, emp_dist_m",16000,4000,0.38377639808416375,0.5655883772573392,-0.04501518552185724,917019.6771185449,1.0,
4,"LIVING_AREA, RES_FLOOR, NUM_PARKING, INT_COND",16000,4000,0.38341939577889506,0.5657521872102967,-0.2882151004506728,941428.5500538368,1.0,
6,"YR_BUILT, BED_RMS, RES_FLOOR, NUM_PARKING, emp_dist_m, INT_COND",16000,4000,0.38308737075845556,0.565904493817768,0.3582483641752028,906353.406836737,1.0,
7,"YR_BUILT, BED_RMS, TT_RMS, RES_FLOOR, median_hh_income, emp_dist_m, INT_COND",16000,4000,0.3826043419049364,0.5661259957780493,-0.07315371632244694,932868.4742255288,1.0,
6,"TT_RMS, RES_FLOOR, NUM_PARKING, median_hh_income, emp_dist_m, INT_COND",16000,4000,0.3824522863147384,0.5661957057944006,0.06268411187244416,930459.2024391573,1.0,
5,"YR_BUILT, LIVING_AREA, TT_RMS, RES_FLOOR, emp_dist_m",16000,4000,0.3823091433512258,0.5662613219674386,-0.7759707374562297,982235.1922471852,1.0,
7,"BED_RMS, TT_RMS, RES_FLOOR, NUM_PARKING, neighborhood_walkability, emp_dist_m, INT_COND",16000,4000,0.38154975274240777,0.5666092965583501,-0.19249903991632245,953362.1288091027,1.0,
5,"LAND_SF, LIVING_AREA, BED_RMS, RES_FLOOR, INT_COND",16000,4000,0.38138772841070956,0.5666835131028229,-0.8086423394976769,988376.9971199522,1.0,
6,"YR_BUILT, BED_RMS, RES_FLOOR, neighborhood_walkability, emp_dist_m, INT_COND",16000,4000,0.3812477352796244,0.5667476302528136,0.3456898306381445,909066.224813804,1.0,
6,"TT_RMS, RES_FLOOR, median_hh_income, neighborhood_walkability, emp_dist_m, INT_COND",16000,4000,0.3807423239063581,0.5669790493889008,0.06428203411517219,935501.5000573559,1.0,
5,"LAND_SF, BED_RMS, TT_RMS, RES_FLOOR, INT_COND",16000,4000,0.3807323671458297,0.5669836074687967,-2.4768364523750015,1122520.2163490567,1.0,
6,"LIVING_AREA, BED_RMS, TT_RMS, RES_FLOOR, NUM_PARKING, INT_COND",16000,4000,0.38054146612651063,0.5670709924721141,-3.267072300498815,1201303.8652435145,1.0,
3,"RES_FLOOR, median_hh_income, INT_COND",16000,4000,0.3803946235444463,0.5671382005498011,0.09262624910728423,949045.5917022435,1.0,
6,"LIVING_AREA, BED_RMS, TT_RMS, RES_FLOOR, median_hh_income, INT_COND",16000,4000,0.3801780378212546,0.5672373146872562,-3.271206703828123,1205502.8793891196,1.0,
6,"YR_BUILT, LIVING_AREA, RES_FLOOR, NUM_PARKING, emp_dist_m, INT_COND",16000,4000,0.38012882341536647,0.5672598338096992,-0.6168732199406142,999554.4466342827,1.0,
5,"YR_BUILT, LIVING_AREA, BED_RMS, RES_FLOOR, emp_dist_m",16000,4000,0.37993795397070806,0.567347161822408,-0.8178021443508003,1007151.1839609555,1.0,
4,"YR_BUILT, BED_RMS, RES_FLOOR, emp_dist_m",16000,4000,0.37990542128243,0.5673620450799676,0.37807273031505695,899403.4076889872,1.0,
4,"LIVING_AREA, RES_FLOOR, neighborhood_walkability, INT_COND",16000,4000,0.37973593452513266,0.5674395766265236,-0.29793990696198036,941941.2862173576,1.0,
7,"BED_RMS, TT_RMS, RES_FLOOR, median_hh_income, neighborhood_walkability, emp_dist_m, INT_COND",16000,4000,0.3793886886894814,0.5675983908082648,-0.06971866197093668,931657.3869266046,1.0,
3,"LAND_SF, RES_FLOOR, emp_dist_m",16000,4000,0.3792819672957536,0.567647191310547,0.20003685189064002,922387.4036901862,1.0,
7,"BED_RMS, TT_RMS, RES_FLOOR, NUM_PARKING, median_hh_income, emp_dist_m, INT_COND",16000,4000,0.37900318355634066,0.5677746509890768,-0.18614910889165137,953236.728561067,1.0,
3,"LIVING_AREA, BED_RMS, RES_FLOOR",16000,4000,0.37898098678474723,0.5677847981035992,-2.4905095652824247,1163647.5935279464,1.0,
4,"LIVING_AREA, TT_RMS, emp_dist_m, INT_COND",16000,4000,0.3789708891724486,0.5677894141035389,-2.9401803479332678,1177691.069707412,1.0,
6,"YR_BUILT, BED_RMS, RES_FLOOR, median_hh_income, emp_dist_m, INT_COND",16000,4000,0.378957781451597,0.5677954060818072,0.3491658385873233,909758.8598110797,1.0,
5,"LAND_SF, LIVING_AREA, TT_RMS, RES_FLOOR, INT_COND",16000,4000,0.3786177449707846,0.5679508260559454,-1.394237916081718,1078239.292579883,1.0,
6,"BED_RMS, RES_FLOOR, NUM_PARKING, neighborhood_walkability, emp_dist_m, INT_COND",16000,4000,0.3780240037703225,0.5682221045541287,0.3409801759347759,910116.0125698133,1.0,
5,"LIVING_AREA, TT_RMS, RES_FLOOR, neighborhood_walkability, emp_dist_m",16000,4000,0.37796587722937247,0.5682486554290757,-0.7785366765670263,984052.6019465768,1.0,
4,"TT_RMS, RES_FLOOR, NUM_PARKING, emp_dist_m",16000,4000,0.3779602258394802,0.5682512367885991,-0.10151745421716263,943607.8445070585,1.0,
5,"LIVING_AREA, TT_RMS, RES_FLOOR, NUM_PARKING, emp_dist_m",16000,4000,0.3779201731077936,0.5682695311556953,-0.803651338863705,1001691.233892863,1.0,
3,"RES_FLOOR, neighborhood_walkability, INT_COND",16000,4000,0.37777193460602543,0.5683372350116938,0.08584895096476453,951481.4349080499,1.0,
6,"YR_BUILT, LIVING_AREA, RES_FLOOR, neighborhood_walkability, emp_dist_m, INT_COND",16000,4000,0.37725894210734034,0.5685714679939335,-0.6206048315641013,999357.0590625117,1.0,
4,"LIVING_AREA, RES_FLOOR, median_hh_income, INT_COND",16000,4000,0.3759860145060593,0.5691522718720534,-0.29923026495924265,945823.197118124,1.0,
5,"LIVING_AREA, BED_RMS, RES_FLOOR, NUM_PARKING, emp_dist_m",16000,4000,0.37578736174330996,0.5692428585231,-0.8045918762166102,1003975.1019706448,1.0,
6,"BED_RMS, RES_FLOOR, NUM_PARKING, median_hh_income, emp_dist_m, INT_COND",16000,4000,0.3757373915904877,0.5692656428930664,0.3443515738797446,910756.3158163015,1.0,
4,"TT_RMS, RES_FLOOR, neighborhood_walkability, emp_dist_m",16000,4000,0.3757325043576103,0.5692678712247679,-0.0483382079918091,920383.2337469129,1.0,
2,"TT_RMS, RES_FLOOR",16000,4000,0.3756755476423379,0.5692938399711395,-2.52614660395639,1110318.966456601,1.0,
5,"LIVING_AREA, BED_RMS, RES_FLOOR, neighborhood_walkability, emp_dist_m",16000,4000,0.3753423248822564,0.5694457452490479,-0.821612606241569,1009838.8800750021,1.0,
6,"LIVING_AREA, RES_FLOOR, NUM_PARKING, neighborhood_walkability, emp_dist_m, INT_COND",16000,4000,0.37530739945624725,0.5694616642540077,-0.6243918162078417,1000871.671799148,1.0,
5,"LIVING_AREA, TT_RMS, RES_FLOOR, median_hh_income, emp_dist_m",16000,4000,0.37483018675083146,0.5696791331832304,-0.779288050587839,985141.7668329015,1.0,
6,"YR_BUILT, LIVING_AREA, RES_FLOOR, median_hh_income, emp_dist_m, INT_COND",16000,4000,0.3745272710240707,0.5698171307854026,-0.6191507624689856,1000696.2693200598,1.0,
4,"BED_RMS, RES_FLOOR, NUM_PARKING, emp_dist_m",16000,4000,0.3744617146877999,0.5698469915154983,0.4473740470599594,887902.2867536176,1.0,
4,"YR_BUILT, LIVING_AREA, RES_FLOOR, emp_dist_m",16000,4000,0.37400271171768407,0.5700560222844239,-0.4866114952882832,987965.2842861271,1.0,
4,"BED_RMS, TT_RMS, RES_FLOOR, INT_COND",16000,4000,0.37394952523351954,0.5700802385487707,-2.5260851360093595,1106158.472153843,1.0,
4,"TT_RMS, RES_FLOOR, median_hh_income, emp_dist_m",16000,4000,0.37393699365261146,0.5700859441357573,-0.049173281432913774,920886.966423134,1.0,
6,"BED_RMS, RES_FLOOR, median_hh_income, neighborhood_walkability, emp_dist_m, INT_COND",16000,4000,0.3735366881994747,0.5702681718367539,0.33215980114297317,913503.2158327173,1.0,
5,"YR_BUILT, BED_RMS, TT_RMS, RES_FLOOR, INT_COND",16000,4000,0.3735152358543581,0.5702779357644031,-2.5218561966273874,1128390.3670683196,1.0,
6,"LAND_SF, LIVING_AREA, BED_RMS, TT_RMS, RES_FLOOR, INT_COND",16000,4000,0.3732256686836203,0.5704097144609135,-3.2683859534356623,1201718.287804185,1.0,
5,"YR_BUILT, LAND_SF, RES_FLOOR, emp_dist_m, INT_COND",16000,4000,0.37278434205820543,0.5706104986059504,0.09411482354400036,935458.9497868813,1.0,
6,"LIVING_AREA, RES_FLOOR, NUM_PARKING, median_hh_income, emp_dist_m, INT_COND",16000,4000,0.3725790700211702,0.5707038642577996,-0.6230400208930453,1002118.437583263,1.0,
6,"YR_BUILT, LAND_SF, LIVING_AREA, RES_FLOOR, emp_dist_m, INT_COND",16000,4000,0.3724736609327508,0.5707518024479047,-0.5827073499256927,994321.0698618443,1.0,
5,"LIVING_AREA, BED_RMS, RES_FLOOR, median_hh_income, emp_dist_m",16000,4000,0.37225919767004556,0.5708493241211902,-0.8229277852349612,1011408.2156800375,1.0,
9,"YR_BUILT, LAND_SF, LIVING_AREA, BED_RMS, TT_RMS, RES_FLOOR, neighborhood_walkability, emp_dist_m, INT_COND",16000,4000,0.37198868063206647,0.5709723110566273,-0.22836993718385745,954864.1025303651,1.0,
4,"BED_RMS, RES_FLOOR, neighborhood_walkability, emp_dist_m",16000,4000,0.3714672104205663,0.5712093157570235,0.43498296430906935,893885.4347143883,1.0,
9,"YR_BUILT, LIVING_AREA, BED_RMS, TT_RMS, RES_FLOOR, NUM_PARKING, neighborhood_walkability, emp_dist_m, INT_COND",16000,4000,0.37131090543716483,0.5712803361667947,0.09349580954398606,913162.750112211,1.0,
5,"BED_RMS, TT_RMS, RES_FLOOR, neighborhood_walkability, INT_COND",16000,4000,0.37118222494473085,0.5713387981906655,-2.525148488667272,1131559.2289777936,1.0,
9,"YR_BUILT, LAND_SF, LIVING_AREA, BED_RMS, TT_RMS, RES_FLOOR, NUM_PARKING, emp_dist_m, INT_COND",16000,4000,0.37067831591174183,0.5715676762038381,-0.27399175981963886,961823.0152413595,1.0,
4,"LIVING_AREA, RES_FLOOR, NUM_PARKING, emp_dist_m",16000,4000,0.3705468002140051,0.5716273962141174,-0.4972342113450128,991165.6625247395,1.0,
5,"LAND_SF, LIVING_AREA, TT_RMS, RES_FLOOR, emp_dist_m",16000,4000,0.3705098005452405,0.5716441962824386,-0.7774665142892425,986035.3423881033,1.0,
6,"LAND_SF, LIVING_AREA, RES_FLOOR, NUM_PARKING, emp_dist_m, INT_COND",16000,4000,0.370449244273778,0.57167169139569,-0.5879112588375193,995891.4134876182,1.0,
5,"LAND_SF, RES_FLOOR, NUM_PARKING, emp_dist_m, INT_COND",16000,4000,0.37033167741391304,0.5717250679562841,0.09170189930533457,937249.8110402898,1.0,
4,"BED_RMS, RES_FLOOR, median_hh_income, emp_dist_m",16000,4000,0.36975382981920857,0.5719873442873358,0.4167496554574469,897903.2860330136,1.0,
6,"YR_BUILT, LIVING_AREA, TT_RMS, RES_FLOOR, neighborhood_walkability, INT_COND",16000,4000,0.3695802136817562,0.5720661225488843,-0.7808020674257119,993321.3145391778,1.0,
9,"LAND_SF, LIVING_AREA, BED_RMS, TT_RMS, RES_FLOOR, NUM_PARKING, neighborhood_walkability, emp_dist_m, INT_COND",16000,4000,0.3695261848764997,0.5720906358871399,-0.21702979672662104,956587.4820073646,1.0,
5,"YR_BUILT, LAND_SF, TT_RMS, RES_FLOOR, INT_COND",16000,4000,0.36952390928184653,0.5720916683211492,-0.0035137950167141163,932335.3330824373,1.0,
9,"YR_BUILT, LIVING_AREA, BED_RMS, TT_RMS, RES_FLOOR, median_hh_income, neighborhood_walkability, emp_dist_m, INT_COND",16000,4000,0.3694809547112583,0.5721111563983085,0.09005685381701345,917375.4317648425,1.0,
6,"LIVING_AREA, RES_FLOOR, median_hh_income, neighborhood_walkability, emp_dist_m, INT_COND",16000,4000,0.36934812080096247,0.5721714176706972,-0.6266168039681084,1002103.4113292537,1.0,
9,"YR_BUILT, LAND_SF, LIVING_AREA, BED_RMS, TT_RMS, RES_FLOOR, median_hh_income, emp_dist_m, INT_COND",16000,4000,0.3690243205184417,0.5723182859334115,-0.27506291872145705,960612.9304930229,1.0,
8,"YR_BUILT, LIVING_AREA, TT_RMS, RES_FLOOR, NUM_PARKING, neighborhood_walkability, emp_dist_m, INT_COND",16000,4000,0.36890363714213614,0.5723730154602377,0.6319565848276801,862525.8091646227,1.0,
3,"YR_BUILT, RES_FLOOR, emp_dist_m",16000,4000,0.3686816627565991,0.5724736664747975,0.05897880724948912,937336.6527005146,1.0,
5,"LAND_SF, LIVING_AREA, BED_RMS, RES_FLOOR, emp_dist_m",16000,4000,0.3686351639141495,0.5724947484481214,-0.8123068568465894,1005392.9604656674,1.0,
9,"YR_BUILT, LIVING_AREA, BED_RMS, TT_RMS, RES_FLOOR, NUM_PARKING, median_hh_income, emp_dist_m, INT_COND",16000,4000,0.36838203822254745,0.5726094987471472,0.09648751527501254,913522.2981647738,1.0,
8,"YR_BUILT, LAND_SF, LIVING_AREA, TT_RMS, RES_FLOOR, neighborhood_walkability, emp_dist_m, INT_COND",16000,4000,0.36814815950684654,0.5727155033158182,-0.48041380455596006,993516.7994113115,1.0,
5,"LAND_SF, BED_RMS, TT_RMS, RES_FLOOR, emp_dist_m",16000,4000,0.36787421506935225,0.5728396425637882,-2.0421891788511735,1126474.577450053,1.0,
6,"LAND_SF, LIVING_AREA, RES_FLOOR, neighborhood_walkability, emp_dist_m, INT_COND",16000,4000,0.36775960252650153,0.5728915718110269,-0.5922273737870762,995972.8481666249,1.0,
9,"LAND_SF, LIVING_AREA, BED_RMS, TT_RMS, RES_FLOOR, median_hh_income, neighborhood_walkability, emp_dist_m, INT_COND",16000,4000,0.3677324526613285,0.5729038723236316,-0.21864957610895863,956378.1222250519,1.0,
5,"BED_RMS, TT_RMS, RES_FLOOR, median_hh_income, INT_COND",16000,4000,0.3676061290076593,0.5729611010206992,-2.525837041998885,1133099.1437989664,1.0,
8,"YR_BUILT, LAND_SF, LIVING_AREA, TT_RMS, RES_FLOOR, NUM_PARKING, emp_dist_m, INT_COND",16000,4000,0.3675923207905566,0.5729673562426824,-0.4775637158451975,991985.221901237,1.0,
5,"BED_RMS, TT_RMS, RES_FLOOR, NUM_PARKING, INT_COND",16000,4000,0.36733842719383125,0.5730823597046962,-2.522557381261945,1133373.4954445623,1.0,
5,"LAND_SF, TT_RMS, RES_FLOOR, neighborhood_walkability, INT_COND",16000,4000,0.3671987680229929,0.5731456097850988,-0.010086463791997957,933140.8198170044,1.0,
6,"YR_BUILT, LIVING_AREA, BED_RMS, TT_RMS, RES_FLOOR, emp_dist_m",16000,4000,0.3671502660261341,0.5731675741654704,-1.035492938378927,1074587.4824153949,1.0,
6,"YR_BUILT, LIVING_AREA, TT_RMS, RES_FLOOR, NUM_PARKING, INT_COND",16000,4000,0.3671271741019059,0.5731780311671464,-0.7981221905864571,1008497.0269187209,1.0,
9,"LIVING_AREA, BED_RMS, TT_RMS, RES_FLOOR, NUM_PARKING, median_hh_income, neighborhood_walkability, emp_dist_m, INT_COND",16000,4000,0.36704823069634473,0.5732137786451165,0.09030411641084568,914552.8823663692,1.0,
5,"LIVING_AREA, BED_RMS, TT_RMS, emp_dist_m, INT_COND",16000,4000,0.36703961486318415,0.5732176799672355,-3.256868943508011,1186604.9711312652,1.0,
9,"LAND_SF, LIVING_AREA, BED_RMS, TT_RMS, RES_FLOOR, NUM_PARKING, median_hh_income, emp_dist_m, INT_COND",16000,4000,0.36656313009419994,0.5734333949767679,-0.2620277472837451,961696.0920781384,1.0,
6,"YR_BUILT, LIVING_AREA, BED_RMS, RES_FLOOR, neighborhood_walkability, INT_COND",16000,4000,0.36650897689376727,0.5734579061722654,-0.82676286540117,1018596.8095270388,1.0,
8,"YR_BUILT, LAND_SF, BED_RMS, TT_RMS, RES_FLOOR, neighborhood_walkability, emp_dist_m, INT_COND",16000,4000,0.3664839781268766,0.5734692209333031,-0.045540626506865634,933537.7475563535,1.0,
6,"LIVING_AREA, TT_RMS, RES_FLOOR, NUM_PARKING, neighborhood_walkability, INT_COND",16000,4000,0.36631185082765194,0.5735471218867083,-0.7985085768348583,1008080.7426762736,1.0,
7,"YR_BUILT, LIVING_AREA, BED_RMS, TT_RMS, RES_FLOOR, neighborhood_walkability, INT_COND",16000,4000,0.36608662225152055,0.5736490393088955,-0.7999916103020392,1056915.107697381,1.0,
8,"YR_BUILT, LIVING_AREA, TT_RMS, RES_FLOOR, median_hh_income, neighborhood_walkability, emp_dist_m, INT_COND",16000,4000,0.3660353312867015,0.5736722462789521,0.6173682139974106,867006.3969775653,1.0,
4,"LIVING_AREA, RES_FLOOR, neighborhood_walkability, emp_dist_m",16000,4000,0.36594253683865463,0.5737142294163812,-0.5040453437353989,992535.8373522653,1.0,
8,"LAND_SF, LIVING_AREA, TT_RMS, RES_FLOOR, NUM_PARKING, neighborhood_walkability, emp_dist_m, INT_COND",16000,4000,0.3658129100224502,0.573772871536922,-0.4283516125763285,986042.8478431104,1.0,
5,"YR_BUILT, LAND_SF, BED_RMS, RES_FLOOR, INT_COND",16000,4000,0.3657999678893342,0.573778726123931,0.15288327310236094,938754.1110704828,1.0,
8,"YR_BUILT, LIVING_AREA, TT_RMS, RES_FLOOR, NUM_PARKING, median_hh_income, emp_dist_m, INT_COND",16000,4000,0.3657556698525194,0.5737987646181136,0.6254685660431896,863929.8552241353,1.0,
8,"YR_BUILT, LAND_SF, BED_RMS, TT_RMS, RES_FLOOR, NUM_PARKING, emp_dist_m, INT_COND",16000,4000,0.3654025037834464,0.5739584964773492,-0.048155396382733695,938597.4089268314,1.0,
5,"LAND_SF, TT_RMS, RES_FLOOR, NUM_PARKING, INT_COND",16000,4000,0.36501371307034913,0.574134289453494,-0.0845708527319109,959761.0502409603,1.0,
8,"YR_BUILT, LAND_SF, LIVING_AREA, TT_RMS, RES_FLOOR, median_hh_income, emp_dist_m, INT_COND",16000,4000,0.3649538341450568,0.5741613591198013,-0.49845278621749944,997085.655179271,1.0,
6,"LAND_SF, LIVING_AREA, RES_FLOOR, median_hh_income, emp_dist_m, INT_COND",16000,4000,0.36494041126996524,0.5741674270687913,-0.5902356686151924,997100.6364940221,1.0,
6,"YR_BUILT, LIVING_AREA, TT_RMS, RES_FLOOR, median_hh_income, INT_COND",16000,4000,0.36478855602231786,0.5742360703321696,-0.7817726922193649,996091.7954326337,1.0,
6,"YR_BUILT, LIVING_AREA, BED_RMS, RES_FLOOR, NUM_PARKING, INT_COND",16000,4000,0.3645466782965495,0.5743453895961514,-0.8097199545542206,1013997.392543546,1.0,
6,"LIVING_AREA, BED_RMS, TT_RMS, RES_FLOOR, neighborhood_walkability, emp_dist_m",16000,4000,0.364524999854102,0.5743551863875596,-0.9276120906471099,1065127.426294238,1.0,
3,"RES_FLOOR, NUM_PARKING, emp_dist_m",16000,4000,0.36438954232459975,0.5744163977562503,0.05589747885154539,940653.0399153583,1.0,
5,"LAND_SF, RES_FLOOR, neighborhood_walkability, emp_dist_m, INT_COND",16000,4000,0.3641996684792498,0.5745021881211602,0.08611621528569768,938112.7787366268,1.0,
8,"LIVING_AREA, TT_RMS, RES_FLOOR, NUM_PARKING, median_hh_income, neighborhood_walkability, emp_dist_m, INT_COND",16000,4000,0.36373896734111744,0.5747102926710376,0.6418845599478624,861567.5021165058,1.0,
3,"LIVING_AREA, TT_RMS, RES_FLOOR",16000,4000,0.363683625157846,0.5747352863679046,-3.2657635226928505,1202238.310242875,1.0,
6,"LIVING_AREA, TT_RMS, RES_FLOOR, median_hh_income, neighborhood_walkability, INT_COND",16000,4000,0.3636155064840748,0.574766048705091,-0.785016549496891,997584.1736312604,1.0,
4,"LIVING_AREA, RES_FLOOR, median_hh_income, emp_dist_m",16000,4000,0.3635389730259807,0.5748006091880016,-0.5000119416891717,992713.7674845612,1.0,
8,"YR_BUILT, LAND_SF, BED_RMS, TT_RMS, RES_FLOOR, median_hh_income, emp_dist_m, INT_COND",16000,4000,0.36351501871163894,0.5748114258950273,-0.045801566191771004,935234.3315457905,1.0,
8,"LAND_SF, BED_RMS, TT_RMS, RES_FLOOR, NUM_PARKING, neighborhood_walkability, emp_dist_m, INT_COND",16000,4000,0.36349965269441464,0.5748183644004301,-0.05022135588776422,938764.898378711,1.0,
6,"LIVING_AREA, BED_RMS, RES_FLOOR, NUM_PARKING, neighborhood_walkability, INT_COND",16000,4000,0.36347899205569734,0.5748276935533778,-0.8138556185505768,1015046.0650292572,1.0,
8,"YR_BUILT, LIVING_AREA, BED_RMS, RES_FLOOR, NUM_PARKING, neighborhood_walkability, emp_dist_m, INT_COND",16000,4000,0.3633926335478237,0.5748666864362941,0.5383104536231449,882909.0485286724,1.0,
7,"YR_BUILT, LAND_SF, TT_RMS, RES_FLOOR, NUM_PARKING, emp_dist_m, INT_COND",16000,4000,0.36317570350086825,0.5749646237536928,0.4930993731932559,879914.7941613793,1.0,
5,"LAND_SF, BED_RMS, RES_FLOOR, neighborhood_walkability, INT_COND",16000,4000,0.36308050949517046,0.5750075956854421,0.27725798789067235,928429.3676489048,1.0,
7,"YR_BUILT, LAND_SF, TT_RMS, RES_FLOOR, neighborhood_walkability, emp_dist_m, INT_COND",16000,4000,0.3630747312182435,0.5750102039786698,0.48015809442290236,883247.0568497145,1.0,
8,"LAND_SF, LIVING_AREA, TT_RMS, RES_FLOOR, median_hh_income, neighborhood_walkability, emp_dist_m, INT_COND",16000,4000,0.36299190997695574,0.5750475878862805,-0.4476505143134162,991074.2310042364,1.0,
7,"YR_BUILT, LIVING_AREA, BED_RMS, TT_RMS, RES_FLOOR, NUM_PARKING, INT_COND",16000,4000,0.36281014351544205,0.5751296252352573,-1.6507168433279138,1109102.1515690922,1.0,
8,"YR_BUILT, LAND_SF, LIVING_AREA, BED_RMS, RES_FLOOR, neighborhood_walkability, emp_dist_m, INT_COND",16000,4000,0.3627688777152853,0.5751482482560861,-0.3511221646100897,977374.2248095474,1.0,
6,"LIVING_AREA, BED_RMS, TT_RMS, RES_FLOOR, NUM_PARKING, emp_dist_m",16000,4000,0.3627559749785815,0.5751540710640035,-1.678831406334714,1109653.9466888548,1.0,
8,"LAND_SF, LIVING_AREA, TT_RMS, RES_FLOOR, NUM_PARKING, median_hh_income, emp_dist_m, INT_COND",16000,4000,0.3626202895832076,0.5752153002405338,-0.44402513064876126,989505.7404423668,1.0,
7,"LIVING_AREA, BED_RMS, TT_RMS, RES_FLOOR, NUM_PARKING, neighborhood_walkability, INT_COND",16000,4000,0.3626176896133688,0.5752164734351631,-1.5136962316883844,1097817.8199938363,1.0,
5,"LAND_SF, RES_FLOOR, median_hh_income, emp_dist_m, INT_COND",16000,4000,0.3625596843862461,0.5752426467400743,0.08954377956959925,938574.792933038,1.0,
8,"YR_BUILT, LAND_SF, LIVING_AREA, BED_RMS, RES_FLOOR, NUM_PARKING, emp_dist_m, INT_COND",16000,4000,0.3624634170513591,0.575286082168091,-0.34277862901406,976276.0701212661,1.0,
5,"LAND_SF, TT_RMS, RES_FLOOR, median_hh_income, INT_COND",16000,4000,0.36234005490472554,0.5753417378709833,-0.007800110805793015,934552.9525093768,1.0,
5,"YR_BUILT, BED_RMS, TT_RMS, RES_FLOOR, emp_dist_m",16000,4000,0.36184198705726134,0.5755663899665626,-2.0227965950549507,1125509.0426979861,1.0,
7,"YR_BUILT, LIVING_AREA, BED_RMS, TT_RMS, RES_FLOOR, median_hh_income, INT_COND",16000,4000,0.36183694041734693,0.5755686657905086,-0.8195735571383986,1061401.0439344142,1.0,
6,"YR_BUILT, LIVING_AREA, BED_RMS, RES_FLOOR, median_hh_income, INT_COND",16000,4000,0.3617698825006592,0.5755989052576698,-0.8281158318504895,1021022.2463581229,1.0,
5,"LAND_SF, BED_RMS, RES_FLOOR, NUM_PARKING, INT_COND",16000,4000,0.3616622373278906,0.5756474440444884,0.2838205903798714,923107.4419131356,1.0,
6,"LIVING_AREA, TT_RMS, RES_FLOOR, NUM_PARKING, median_hh_income, INT_COND",16000,4000,0.361523534816406,0.575709981006976,-0.7979616091602375,1009758.2055612373,1.0,
8,"LAND_SF, BED_RMS, TT_RMS, RES_FLOOR, median_hh_income, neighborhood_walkability, emp_dist_m, INT_COND",16000,4000,0.36142965422261253,0.5757523052046398,-0.048883223890941574,936589.5965143492,1.0,
7,"LIVING_AREA, BED_RMS, TT_RMS, RES_FLOOR, median_hh_income, neighborhood_walkability, INT_COND",16000,4000,0.3613960654986147,0.5757674472568044,-0.7183193921756401,1050863.8098989252,1.0,
6,"LIVING_AREA, BED_RMS, TT_RMS, RES_FLOOR, median_hh_income, emp_dist_m",16000,4000,0.3612746270411572,0.5758221893145449,-0.9338036889512962,1068432.9084527118,1.0,
2,"LIVING_AREA, RES_FLOOR",16000,4000,0.3610320996240779,0.5759315003110893,-1.9429148522624557,1100440.0838930453,1.0,
8,"LAND_SF, LIVING_AREA, BED_RMS, RES_FLOOR, NUM_PARKING, neighborhood_walkability, emp_dist_m, INT_COND",16000,4000,0.3605552496676412,0.5761463637583875,-0.3548179142007508,978490.795708221,1.0,
8,"LAND_SF, BED_RMS, TT_RMS, RES_FLOOR, NUM_PARKING, median_hh_income, emp_dist_m, INT_COND",16000,4000,0.3605323982017241,0.576156658370522,-0.04992684766136857,939752.7659798758,1.0,
6,"LIVING_AREA, BED_RMS, RES_FLOOR, median_hh_income, neighborhood_walkability, INT_COND",16000,4000,0.3603444699958176,0.5762413132716356,-0.8319971521473775,1021887.383377022,1.0,
8,"YR_BUILT, LIVING_AREA, BED_RMS, RES_FLOOR, median_hh_income, neighborhood_walkability, emp_dist_m, INT_COND",16000,4000,0.3603007676330511,0.5762609978327852,0.5330824838294932,884745.663754509,1.0,
8,"YR_BUILT, LIVING_AREA, BED_RMS, RES_FLOOR, NUM_PARKING, median_hh_income, emp_dist_m, INT_COND",16000,4000,0.36027148425123257,0.5762741873731644,0.5417604773449233,882173.9172104215,1.0,
7,"LAND_SF, TT_RMS, RES_FLOOR, NUM_PARKING, neighborhood_walkability, emp_dist_m, INT_COND",16000,4000,0.3602119689246386,0.5763009927663723,0.48785329487178586,884618.1913138588,1.0,
7,"YR_BUILT, LAND_SF, TT_RMS, RES_FLOOR, median_hh_income, emp_dist_m, INT_COND",16000,4000,0.3599557893626225,0.5764163604763015,0.4802514924870611,883525.3062831623,1.0,
5,"YR_BUILT, RES_FLOOR, NUM_PARKING, emp_dist_m, INT_COND",16000,4000,0.3599206599807778,0.5764321788152941,0.033516871492626055,944204.3507324221,1.0,
6,"LAND_SF, LIVING_AREA, BED_RMS, TT_RMS, RES_FLOOR, emp_dist_m",16000,4000,0.35989817766344356,0.5764423021051419,-1.978463159531433,1146125.9033361394,1.0,
7,"YR_BUILT, LAND_SF, LIVING_AREA, BED_RMS, TT_RMS, RES_FLOOR, INT_COND",16000,4000,0.3598890305925009,0.5764464207778366,-1.7472946361341708,1129472.8107544407,1.0,
6,"YR_BUILT, LAND_SF, BED_RMS, TT_RMS, RES_FLOOR, INT_COND",16000,4000,0.3597909295545645,0.5764905911079833,-1.8417485410937724,1119132.407527747,1.0,
7,"LAND_SF, LIVING_AREA, BED_RMS, TT_RMS, RES_FLOOR, neighborhood_walkability, INT_COND",16000,4000,0.35977113610214295,0.5764995027677969,-1.6858147303589348,1124558.0146187649,1.0,
6,"YR_BUILT, LAND_SF, LIVING_AREA, TT_RMS, RES_FLOOR, INT_COND",16000,4000,0.3597049308287551,0.5765293095468126,-0.7775788711565246,993622.9860494473,1.0,
8,"YR_BUILT, LAND_SF, LIVING_AREA, BED_RMS, RES_FLOOR, median_hh_income, emp_dist_m, INT_COND",16000,4000,0.3596013703465213,0.5765759312078326,-0.3486747156153409,978248.0453602055,1.0,
3,"LAND_SF, BED_RMS, RES_FLOOR",16000,4000,0.35946665230566255,0.5766365739790997,-0.05193025248851124,949760.7968272408,1.0,
6,"LAND_SF, LIVING_AREA, TT_RMS, RES_FLOOR, neighborhood_walkability, INT_COND",16000,4000,0.3589969731073711,0.5768479482773994,-0.7801343167567647,993579.9798866013,1.0,
6,"LAND_SF, BED_RMS, TT_RMS, RES_FLOOR, neighborhood_walkability, INT_COND",16000,4000,0.3588410288041667,0.5769181122837063,-1.7986995866579192,1116473.7471854177,1.0,
6,"LIVING_AREA, BED_RMS, RES_FLOOR, NUM_PARKING, median_hh_income, INT_COND",16000,4000,0.35874323931078156,0.5769621063487218,-0.8152312915782363,1017502.5195313907,1.0,
5,"YR_BUILT, LIVING_AREA, TT_RMS, emp_dist_m, INT_COND",16000,4000,0.35868208649039324,0.5769896164048215,-0.9685180781593892,1033061.4854131523,1.0,
2,"LAND_SF, RES_FLOOR",16000,4000,0.358600261656724,0.5770264238700135,-0.17600199826337382,1002311.4433373506,1.0,
7,"LIVING_AREA, BED_RMS, TT_RMS, RES_FLOOR, NUM_PARKING, median_hh_income, INT_COND",16000,4000,0.3583703283682179,0.5771298427573371,-1.5117616016117532,1101661.6801773596,1.0,
5,"LAND_SF, BED_RMS, RES_FLOOR, median_hh_income, INT_COND",16000,4000,0.3583039264805442,0.5771597054033802,0.24160928788969804,934142.8447425779,1.0,
5,"YR_BUILT, TT_RMS, RES_FLOOR, neighborhood_walkability, INT_COND",16000,4000,0.3581997215786026,0.5772065659278084,-0.052624071081072366,934077.0414036859,1.0,
8,"LIVING_AREA, BED_RMS, RES_FLOOR, NUM_PARKING, median_hh_income, neighborhood_walkability, emp_dist_m, INT_COND",16000,4000,0.3581260251242191,0.5772397046297679,0.528458751712591,886225.0183729115,1.0,
4,"LAND_SF, TT_RMS, emp_dist_m, INT_COND",16000,4000,0.3576844150729839,0.5774382412858398,-0.9704723174534362,1016266.6233290234,1.0,
8,"LAND_SF, LIVING_AREA, BED_RMS, RES_FLOOR, median_hh_income, neighborhood_walkability, emp_dist_m, INT_COND",16000,4000,0.35751068956280874,0.5775163251540305,-0.36054637612147045,980489.781544455,1.0,
8,"YR_BUILT, BED_RMS, TT_RMS, RES_FLOOR, NUM_PARKING, neighborhood_walkability, emp_dist_m, INT_COND",16000,4000,0.35749263960079636,0.5775244374092453,-0.05911745358297971,936970.7131538328,1.0,
8,"LAND_SF, LIVING_AREA, BED_RMS, RES_FLOOR, NUM_PARKING, median_hh_income, emp_dist_m, INT_COND",16000,4000,0.3573894472214242,0.5775708133200836,-0.3523533396626959,979361.0320256338,1.0,
6,"YR_BUILT, LAND_SF, LIVING_AREA, BED_RMS, RES_FLOOR, INT_COND",16000,4000,0.35738260975679137,0.5775738860283415,-0.8172998621619101,1015212.5887608645,1.0,
5,"BED_RMS, TT_RMS, RES_FLOOR, neighborhood_walkability, emp_dist_m",16000,4000,0.3572567779063941,0.5776304310538225,-1.9119903573447177,1121253.508403811,1.0,
7,"LAND_SF, TT_RMS, RES_FLOOR, NUM_PARKING, median_hh_income, emp_dist_m, INT_COND",16000,4000,0.3570953476580402,0.5777029648173322,0.48857868216237466,884952.1346773766,1.0,
7,"LAND_SF, TT_RMS, RES_FLOOR, median_hh_income, neighborhood_walkability, emp_dist_m, INT_COND",16000,4000,0.3567436337697335,0.5778609652094862,0.4756292289514149,888256.748634443,1.0,
6,"LAND_SF, LIVING_AREA, BED_RMS, RES_FLOOR, neighborhood_walkability, INT_COND",16000,4000,0.356422289068809,0.5780052850976893,-0.8212921184830633,1016186.3447073207,1.0,
7,"LAND_SF, LIVING_AREA, BED_RMS, TT_RMS, RES_FLOOR, NUM_PARKING, INT_COND",16000,4000,0.3563694910044328,0.5780289939162648,-2.3325111073188816,1160055.4483505525,1.0,
6,"LAND_SF, LIVING_AREA, TT_RMS, RES_FLOOR, NUM_PARKING, INT_COND",16000,4000,0.35636369396677126,0.5780315970000647,-0.814648794116382,1013147.6479204182,1.0,
5,"YR_BUILT, LIVING_AREA, BED_RMS, emp_dist_m, INT_COND",16000,4000,0.35633995365709836,0.5780422571527382,-0.7923181718837724,1002158.6166573426,1.0,
5,"YR_BUILT, TT_RMS, RES_FLOOR, NUM_PARKING, INT_COND",16000,4000,0.35629629093963,0.5780618625856807,-0.092848071943473,957611.4221115393,1.0,
5,"BED_RMS, TT_RMS, RES_FLOOR, NUM_PARKING, emp_dist_m",16000,4000,0.3561808279556202,0.5781137045697149,-1.9347560638073658,1119784.0238814189,1.0,
7,"YR_BUILT, LAND_SF, BED_RMS, RES_FLOOR, NUM_PARKING, emp_dist_m, INT_COND",16000,4000,0.35615233353693,0.5781264976274556,0.25176846960708454,938590.9188379445,1.0,
5,"LIVING_AREA, TT_RMS, neighborhood_walkability, emp_dist_m, INT_COND",16000,4000,0.3558622746307869,0.5782567084412639,-0.9520088184510196,1032078.5210686948,1.0,
7,"YR_BUILT, LAND_SF, BED_RMS, RES_FLOOR, neighborhood_walkability, emp_dist_m, INT_COND",16000,4000,0.35571056890525476,0.5783247992279591,0.24308664752189202,939619.1119078116,1.0,
6,"YR_BUILT, LIVING_AREA, BED_RMS, TT_RMS, emp_dist_m, INT_COND",16000,4000,0.35565733008633593,0.5783486927545002,-3.0097003536985145,1206503.4101046533,1.0,
7,"LAND_SF, LIVING_AREA, BED_RMS, TT_RMS, RES_FLOOR, median_hh_income, INT_COND",16000,4000,0.35546067636986767,0.5784369421818065,-1.65805443587865,1124135.5831694212,1.0,
8,"YR_BUILT, BED_RMS, TT_RMS, RES_FLOOR, median_hh_income, neighborhood_walkability, emp_dist_m, INT_COND",16000,4000,0.3553753353190541,0.5784752352546524,-0.062194570854155584,940129.2835087596,1.0,
6,"LAND_SF, BED_RMS, TT_RMS, RES_FLOOR, NUM_PARKING, INT_COND",16000,4000,0.35517750383437197,0.5785639937539565,-1.771225211868158,1112653.2514661485,1.0,
4,"LAND_SF, BED_RMS, emp_dist_m, INT_COND",16000,4000,0.3547304881754111,0.5787645003735468,0.5542951834832959,873585.4676407578,1.0,
8,"YR_BUILT, BED_RMS, TT_RMS, RES_FLOOR, NUM_PARKING, median_hh_income, emp_dist_m, INT_COND",16000,4000,0.3545700382577317,0.5788364524360157,-0.05947546551787397,938099.3051922133,1.0,
5,"BED_RMS, TT_RMS, RES_FLOOR, median_hh_income, emp_dist_m",16000,4000,0.3545628046830953,0.5788396960450807,-1.8501972888070468,1118880.4365254564,1.0,
6,"LAND_SF, BED_RMS, TT_RMS, RES_FLOOR, median_hh_income, INT_COND",16000,4000,0.35440356822670405,0.5789110947019923,-1.783490820284106,1116994.2790219493,1.0,
6,"LIVING_AREA, BED_RMS, TT_RMS, neighborhood_walkability, emp_dist_m, INT_COND",16000,4000,0.3543908401514564,0.5789168013534662,-2.934818191047783,1202611.4056920996,1.0,
3,"LAND_SF, TT_RMS, RES_FLOOR",16000,4000,0.35433473274357574,0.578941956522756,-1.617138998035994,1098901.1827634687,1.0,
6,"LAND_SF, LIVING_AREA, BED_RMS, RES_FLOOR, NUM_PARKING, INT_COND",16000,4000,0.35427975091084174,0.5789666059919225,-0.8037579623278486,1010702.2790097665,1.0,
4,"LAND_SF, LIVING_AREA, RES_FLOOR, emp_dist_m",16000,4000,0.354222827936013,0.5789921246087727,-0.41894444009504417,980005.706761476,1.0,
6,"LAND_SF, LIVING_AREA, TT_RMS, RES_FLOOR, median_hh_income, INT_COND",16000,4000,0.35411779527466625,0.5790392078859747,-0.780776016688163,995427.619032674,1.0,
5,"TT_RMS, RES_FLOOR, NUM_PARKING, neighborhood_walkability, INT_COND",16000,4000,0.35380339100441727,0.5791801238677676,-0.09102627511148009,957333.054189013,1.0,
5,"YR_BUILT, RES_FLOOR, neighborhood_walkability, emp_dist_m, INT_COND",16000,4000,0.3535070267324435,0.5793129229394187,0.031194689818364152,944494.5834849053,1.0,
5,"YR_BUILT, TT_RMS, RES_FLOOR, median_hh_income, INT_COND",16000,4000,0.35347775873106424,0.5793260361055573,-0.053723405297298576,937123.5650308195,1.0,
5,"LIVING_AREA, TT_RMS, NUM_PARKING, emp_dist_m, INT_COND",16000,4000,0.3534367088304535,0.5793444275058903,-1.6647983793672498,1090476.1671577017,1.0,
3,"RES_FLOOR, median_hh_income, emp_dist_m",16000,4000,0.3533620655385733,0.5793778681046452,0.053094616183383736,942746.8956812711,1.0,
5,"YR_BUILT, BED_RMS, RES_FLOOR, neighborhood_walkability, INT_COND",16000,4000,0.353305599379801,0.5794031639671222,0.4835493201285598,896900.9928077958,1.0,
5,"LIVING_AREA, BED_RMS, neighborhood_walkability, emp_dist_m, INT_COND",16000,4000,0.3531258246621819,0.5794836925769948,-0.7971430143447524,1004045.3164279422,1.0,
7,"YR_BUILT, TT_RMS, RES_FLOOR, NUM_PARKING, neighborhood_walkability, emp_dist_m, INT_COND",16000,4000,0.353069743130048,0.5795088115492968,0.4427043140618152,900961.0375672388,1.0,
7,"LAND_SF, BED_RMS, RES_FLOOR, NUM_PARKING, neighborhood_walkability, emp_dist_m, INT_COND",16000,4000,0.3530133469005623,0.5795340703769234,0.2396846562347238,940215.4554438901,1.0,
7,"YR_BUILT, LAND_SF, BED_RMS, RES_FLOOR, median_hh_income, emp_dist_m, INT_COND",16000,4000,0.35262812931791854,0.5797065727709431,0.24610543975717147,940729.9534887382,1.0,
8,"BED_RMS, TT_RMS, RES_FLOOR, NUM_PARKING, median_hh_income, neighborhood_walkability, emp_dist_m, INT_COND",16000,4000,0.35242989542540437,0.5797953229156978,-0.06148482769294672,938253.2022885092,1.0,
5,"YR_BUILT, BED_RMS, RES_FLOOR, NUM_PARKING, INT_COND",16000,4000,0.352168951526192,0.5799121278863109,0.4993041037084982,892785.8804999358,1.0,
3,"RES_FLOOR, neighborhood_walkability, emp_dist_m",16000,4000,0.3521168355740443,0.5799354534624568,0.05213432029993914,944193.0776662345,1.0,
5,"YR_BUILT, RES_FLOOR, median_hh_income, emp_dist_m, INT_COND",16000,4000,0.3520037929101688,0.5799860448289006,0.03140683280128875,945489.7811986487,1.0,
6,"LAND_SF, LIVING_AREA, BED_RMS, RES_FLOOR, median_hh_income, INT_COND",16000,4000,0.35159567450243434,0.5801686583383876,-0.822626004711736,1018585.1174120549,1.0,
6,"YR_BUILT, BED_RMS, TT_RMS, RES_FLOOR, neighborhood_walkability, INT_COND",16000,4000,0.3515926985604756,0.5801699897192903,-1.561809779719498,1105024.627922485,1.0,
5,"LIVING_AREA, BED_RMS, NUM_PARKING, emp_dist_m, INT_COND",16000,4000,0.3514670416472121,0.5802262034897561,-0.789056800601255,999165.9040028799,1.0,
10,"YR_BUILT, LAND_SF, LIVING_AREA, BED_RMS, TT_RMS, RES_FLOOR, NUM_PARKING, neighborhood_walkability, emp_dist_m, INT_COND",16000,4000,0.3511813507590097,0.5803539896613269,0.10437955075382854,922232.1012201884,1.0,
5,"RES_FLOOR, NUM_PARKING, neighborhood_walkability, emp_dist_m, INT_COND",16000,4000,0.35116822772546297,0.5803598587638674,0.030244040643634063,946166.5365409176,1.0,
5,"LIVING_AREA, TT_RMS, median_hh_income, emp_dist_m, INT_COND",16000,4000,0.35069628061526503,0.5805708914081131,-0.942688960769569,1033289.6774678581,1.0,
6,"LIVING_AREA, BED_RMS, TT_RMS, NUM_PARKING, emp_dist_m, INT_COND",16000,4000,0.3505733882391403,0.5806258305364315,-2.893433721869678,1198404.1327251461,1.0,
3,"YR_BUILT, BED_RMS, RES_FLOOR",16000,4000,0.3504978706668398,0.5806595881448616,-0.14518564688751012,962653.3471378116,1.0,
5,"TT_RMS, RES_FLOOR, median_hh_income, neighborhood_walkability, INT_COND",16000,4000,0.3504259115083683,0.5806917532573217,-0.05784887971310382,939490.8044243403,1.0,
7,"YR_BUILT, TT_RMS, RES_FLOOR, NUM_PARKING, median_hh_income, emp_dist_m, INT_COND",16000,4000,0.3500138997615514,0.5808758845994848,0.4447251679763563,901707.182034651,1.0,
7,"LAND_SF, BED_RMS, RES_FLOOR, NUM_PARKING, median_hh_income, emp_dist_m, INT_COND",16000,4000,0.3499332279022487,0.5809119306654784,0.2425791820183404,941280.7906952754,1.0,
6,"LIVING_AREA, BED_RMS, TT_RMS, median_hh_income, emp_dist_m, INT_COND",16000,4000,0.349756719799751,0.5809907907978118,-2.9116225140470418,1203147.1954575279,1.0,
5,"RES_FLOOR, NUM_PARKING, median_hh_income, emp_dist_m, INT_COND",16000,4000,0.34967021522848907,0.5810294353247042,0.030424514997047347,947122.4963414412,1.0,
7,"YR_BUILT, TT_RMS, RES_FLOOR, median_hh_income, neighborhood_walkability, emp_dist_m, INT_COND",16000,4000,0.3495370195116133,0.5810889333453533,0.4322204698830405,904338.0954778313,1.0,
10,"YR_BUILT, LAND_SF, LIVING_AREA, BED_RMS, TT_RMS, RES_FLOOR, median_hh_income, neighborhood_walkability, emp_dist_m, INT_COND",16000,4000,0.3494437153803558,0.5811306083180893,0.09431245682954481,927725.1705722531,1.0,
4,"YR_BUILT, TT_RMS, emp_dist_m, INT_COND",16000,4000,0.34929537292069335,0.5811968604104462,-0.6592198804818323,1009785.4661696248,1.0,
5,"BED_RMS, RES_FLOOR, NUM_PARKING, neighborhood_walkability, INT_COND",16000,4000,0.349281734455669,0.5812029511858833,0.5180186857245129,886429.865809794,1.0,
7,"LAND_SF, BED_RMS, RES_FLOOR, median_hh_income, neighborhood_walkability, emp_dist_m, INT_COND",16000,4000,0.34924072166489173,0.5812212666233932,0.23413760702632558,942371.6698106198,1.0,
5,"TT_RMS, RES_FLOOR, NUM_PARKING, median_hh_income, INT_COND",16000,4000,0.3490866494821796,0.5812900668175542,-0.0890157333044741,958800.4598377746,1.0,
5,"YR_BUILT, BED_RMS, RES_FLOOR, median_hh_income, INT_COND",16000,4000,0.34866576663590354,0.5814779685418953,0.4726205697175334,901994.0495148888,1.0,
10,"YR_BUILT, LAND_SF, LIVING_AREA, BED_RMS, TT_RMS, RES_FLOOR, NUM_PARKING, median_hh_income, emp_dist_m, INT_COND",16000,4000,0.3482039867938377,0.5816840587602523,0.10030429827524101,925636.4157329946,1.0,
6,"YR_BUILT, BED_RMS, TT_RMS, RES_FLOOR, NUM_PARKING, INT_COND",16000,4000,0.3481094131514304,0.5817262575338557,-1.7666688262020225,1113474.261513611,1.0,
5,"LIVING_AREA, BED_RMS, median_hh_income, emp_dist_m, INT_COND",16000,4000,0.348041960750301,0.5817563529353579,-0.7987265041706817,1006818.1553474773,1.0,
10,"YR_BUILT, LIVING_AREA, BED_RMS, TT_RMS, RES_FLOOR, NUM_PARKING, median_hh_income, neighborhood_walkability, emp_dist_m, INT_COND",16000,4000,0.3479434057926354,0.5818003226409595,0.07496234688812864,945597.9845443097,1.0,
10,"LAND_SF, LIVING_AREA, BED_RMS, TT_RMS, RES_FLOOR, NUM_PARKING, median_hh_income, neighborhood_walkability, emp_dist_m, INT_COND",16000,4000,0.34731777659775265,0.5820793659040681,0.10243318106573429,923604.0219874427,1.0,
6,"YR_BUILT, BED_RMS, TT_RMS, RES_FLOOR, median_hh_income, INT_COND",16000,4000,0.3472427581562796,0.5821128166635665,-1.5099037712086232,1103743.9409779792,1.0,
6,"BED_RMS, TT_RMS, RES_FLOOR, NUM_PARKING, neighborhood_walkability, INT_COND",16000,4000,0.34705214684816277,0.582197801692748,-1.7295304784841754,1111003.5166552817,1.0,
2,"YR_BUILT, RES_FLOOR",16000,4000,0.3468976002425668,0.5822666979836799,0.11345530685963767,968022.2019432216,1.0,
2,"BED_RMS, emp_dist_m",16000,4000,0.34674549948492994,0.5823344959661868,-2.555128310564221,1152793.7472108311,1.0,
3,"YR_BUILT, TT_RMS, RES_FLOOR",16000,4000,0.3467452642976051,0.5823346007933865,-1.61570140740755,1104110.235588652,1.0,
7,"TT_RMS, RES_FLOOR, NUM_PARKING, median_hh_income, neighborhood_walkability, emp_dist_m, INT_COND",16000,4000,0.3467271847569472,0.5823426591117357,0.43281272301141505,905283.1530536617,1.0,
4,"BED_RMS, TT_RMS, emp_dist_m, INT_COND",16000,4000,0.3465217433003325,0.5824342195723331,-2.5125820081947428,1113283.8758535392,1.0,
4,"LAND_SF, LIVING_AREA, RES_FLOOR, INT_COND",16000,4000,0.34594910678520374,0.5826893543565576,-0.5789913305668433,1003129.1289787655,1.0,
6,"BED_RMS, TT_RMS, RES_FLOOR, median_hh_income, neighborhood_walkability, INT_COND",16000,4000,0.3458277655890225,0.5827434028602675,-1.4048403862655663,1097376.6223737914,1.0,
5,"YR_BUILT, LAND_SF, TT_RMS, RES_FLOOR, emp_dist_m",16000,4000,0.3455734175078182,0.5828566798033028,-0.09193192319833066,966593.7297540525,1.0,
7,"YR_BUILT, BED_RMS, RES_FLOOR, NUM_PARKING, neighborhood_walkability, emp_dist_m, INT_COND",16000,4000,0.3455262928077588,0.582877664931733,0.1897761017007864,945957.7997774447,1.0,
5,"LAND_SF, BED_RMS, TT_RMS, emp_dist_m, INT_COND",16000,4000,0.34549449854340053,0.5828918228278382,-2.495107682916046,1147194.9128401047,1.0,
4,"YR_BUILT, LIVING_AREA, BED_RMS, RES_FLOOR",16000,4000,0.34526669068914095,0.5829932549644778,-0.8240124025270965,1020282.5863389832,1.0,
5,"BED_RMS, RES_FLOOR, median_hh_income, neighborhood_walkability, INT_COND",16000,4000,0.3452196022778974,0.5830142190212766,0.49383936052704325,895318.7264518624,1.0,
4,"YR_BUILT, BED_RMS, emp_dist_m, INT_COND",16000,4000,0.34496213283026855,0.5831288327117152,0.5596167656156352,856589.3779462717,1.0,
5,"YR_BUILT, LIVING_AREA, RES_FLOOR, NUM_PARKING, INT_COND",16000,4000,0.34467357796618203,0.5832572574507638,-0.5186743408923855,1008829.9436045854,1.0,
5,"BED_RMS, RES_FLOOR, NUM_PARKING, median_hh_income, INT_COND",16000,4000,0.34464712303707234,0.5832690301133324,0.5103858975961209,891275.5424250336,1.0,
7,"YR_BUILT, LIVING_AREA, RES_FLOOR, NUM_PARKING, neighborhood_walkability, emp_dist_m, INT_COND",16000,4000,0.34451987277452567,0.5833256542140919,0.005188935017550689,969544.9234463939,1.0,
3,"BED_RMS, RES_FLOOR, neighborhood_walkability",16000,4000,0.344360092701693,0.5833967457182334,-0.12694489547055032,962728.035658534,1.0,
9,"YR_BUILT, LAND_SF, LIVING_AREA, TT_RMS, RES_FLOOR, NUM_PARKING, neighborhood_walkability, emp_dist_m, INT_COND",16000,4000,0.3442222208973543,0.5834580825381824,0.2671406876210666,929745.7187977015,1.0,
5,"YR_BUILT, LIVING_AREA, RES_FLOOR, neighborhood_walkability, INT_COND",16000,4000,0.34420046671167426,0.5834677600162906,-0.5253123742967916,1008171.8760847786,1.0,
6,"YR_BUILT, LIVING_AREA, TT_RMS, RES_FLOOR, neighborhood_walkability, emp_dist_m",16000,4000,0.3438783757349547,0.5836110253144283,-0.08482411632933107,970966.8435870908,1.0,
6,"LAND_SF, LIVING_AREA, BED_RMS, TT_RMS, emp_dist_m, INT_COND",16000,4000,0.34382369548164715,0.5836353434687687,-3.065458905617226,1209441.1670936046,1.0,
8,"YR_BUILT, LIVING_AREA, BED_RMS, TT_RMS, RES_FLOOR, NUM_PARKING, neighborhood_walkability, INT_COND",16000,4000,0.3437156970980114,0.5836833710186444,0.07535014904676329,926669.9257365144,1.0,
8,"YR_BUILT, LAND_SF, LIVING_AREA, BED_RMS, TT_RMS, RES_FLOOR, neighborhood_walkability, INT_COND",16000,4000,0.34321077759683283,0.5839078594391688,-0.8070226461185626,1017882.9133741539,1.0,
3,"BED_RMS, RES_FLOOR, NUM_PARKING",16000,4000,0.3432100774932383,0.5839081706469874,-0.14926270816713783,974941.5804029887,1.0,
4,"LIVING_AREA, BED_RMS, RES_FLOOR, neighborhood_walkability",16000,4000,0.3430717309949036,0.5839696647370061,-0.8166794734587772,1019566.1189231913,1.0,
4,"YR_BUILT, LIVING_AREA, TT_RMS, RES_FLOOR",16000,4000,0.3429898562117717,0.5840060544786697,-1.2951558296067613,1098022.5772609028,1.0,
6,"YR_BUILT, LIVING_AREA, TT_RMS, RES_FLOOR, NUM_PARKING, emp_dist_m",16000,4000,0.34297173624251287,0.5840141077019667,-0.1054782615405645,969551.7084284553,1.0,
6,"BED_RMS, TT_RMS, RES_FLOOR, NUM_PARKING, median_hh_income, INT_COND",16000,4000,0.34270554809215903,0.5841323993351908,-1.7179247142432739,1111692.2310589799,1.0,
5,"RES_FLOOR, median_hh_income, neighborhood_walkability, emp_dist_m, INT_COND",16000,4000,0.3426924133673708,0.5841382356692368,0.028224471502415915,947619.2465732241,1.0,
2,"RES_FLOOR, NUM_PARKING",16000,4000,0.34261762100848436,0.5841714680818242,0.10611022861687136,971277.7228118284,1.0,
7,"YR_BUILT, LAND_SF, LIVING_AREA, RES_FLOOR, NUM_PARKING, emp_dist_m, INT_COND",16000,4000,0.34259486222099544,0.584181580095514,-0.6470373225083879,1017867.215336962,1.0,
7,"YR_BUILT, BED_RMS, RES_FLOOR, NUM_PARKING, median_hh_income, emp_dist_m, INT_COND",16000,4000,0.34250695170754697,0.5842206381914665,0.19154641291732055,947256.6446172212,1.0,
8,"YR_BUILT, LIVING_AREA, BED_RMS, TT_RMS, RES_FLOOR, median_hh_income, neighborhood_walkability, INT_COND",16000,4000,0.34228859358717134,0.5843176420539865,0.14400505933487773,910219.5768749824,1.0,
5,"LIVING_AREA, RES_FLOOR, NUM_PARKING, neighborhood_walkability, INT_COND",16000,4000,0.3421643968784933,0.5843728082725501,-0.5343633805822816,1010049.5440484959,1.0,
4,"TT_RMS, neighborhood_walkability, emp_dist_m, INT_COND",16000,4000,0.3421153388250532,0.5843945976511266,-0.5954603761939712,1008140.6275019684,1.0,
9,"YR_BUILT, LAND_SF, BED_RMS, TT_RMS, RES_FLOOR, NUM_PARKING, neighborhood_walkability, emp_dist_m, INT_COND",16000,4000,0.3419560709640851,0.5844653316646513,0.2927403703253292,928545.182899569,1.0,
7,"YR_BUILT, BED_RMS, RES_FLOOR, median_hh_income, neighborhood_walkability, emp_dist_m, INT_COND",16000,4000,0.3416892791085584,0.584583800038759,0.18452975857908605,947939.0085090417,1.0,
9,"YR_BUILT, LAND_SF, LIVING_AREA, TT_RMS, RES_FLOOR, median_hh_income, neighborhood_walkability, emp_dist_m, INT_COND",16000,4000,0.34165693017658494,0.5845981628834398,0.2588339680822871,931878.7422511182,1.0,
7,"YR_BUILT, LAND_SF, LIVING_AREA, RES_FLOOR, neighborhood_walkability, emp_dist_m, INT_COND",16000,4000,0.3414376490968237,0.5846955138312488,-0.6497659233556599,1017170.3890900225,1.0,
3,"TT_RMS, RES_FLOOR, neighborhood_walkability",16000,4000,0.3413084945730096,0.584752845053152,-1.4374731459601326,1095340.6499948523,1.0,
4,"TT_RMS, NUM_PARKING, emp_dist_m, INT_COND",16000,4000,0.34123334398809346,0.5847862015369013,-1.3639982833998814,1051668.9189927666,1.0,
7,"YR_BUILT, LIVING_AREA, RES_FLOOR, NUM_PARKING, median_hh_income, emp_dist_m, INT_COND",16000,4000,0.34119378358039565,0.5848037601314585,-0.04178287624597199,976031.6318740997,1.0,
4,"LIVING_AREA, TT_RMS, RES_FLOOR, neighborhood_walkability",16000,4000,0.3411892136528445,0.5848057884260573,-1.2419706606384642,1092721.953496477,1.0,
9,"YR_BUILT, LIVING_AREA, TT_RMS, RES_FLOOR, NUM_PARKING, median_hh_income, neighborhood_walkability, emp_dist_m, INT_COND",16000,4000,0.3410142886140465,0.5848834210239576,0.5556269621520455,899809.1929979773,1.0,
5,"LAND_SF, TT_RMS, RES_FLOOR, neighborhood_walkability, emp_dist_m",16000,4000,0.3409932449334462,0.5848927596191877,-0.09712589030700336,968826.4928678735,1.0,
5,"LAND_SF, TT_RMS, RES_FLOOR, NUM_PARKING, emp_dist_m",16000,4000,0.3409788903735562,0.5848991296847167,-0.0797526576510601,960726.210983198,1.0,
9,"YR_BUILT, LAND_SF, LIVING_AREA, TT_RMS, RES_FLOOR, NUM_PARKING, median_hh_income, emp_dist_m, INT_COND",16000,4000,0.340972699387438,0.5849018770124087,0.22201382804274816,934585.2002026304,1.0,
7,"YR_BUILT, LIVING_AREA, TT_RMS, RES_FLOOR, NUM_PARKING, neighborhood_walkability, INT_COND",16000,4000,0.3404167935933162,0.5851485145970285,-0.12978989552527653,976849.119333298,1.0,
8,"LAND_SF, LIVING_AREA, BED_RMS, TT_RMS, RES_FLOOR, NUM_PARKING, neighborhood_walkability, INT_COND",16000,4000,0.3403253025068361,0.5851890962980674,-0.8939350247072162,1034702.8513421497,1.0,
6,"LIVING_AREA, TT_RMS, RES_FLOOR, NUM_PARKING, neighborhood_walkability, emp_dist_m",16000,4000,0.3402754082813315,0.5852112261484156,-0.06388086526911363,965348.5712364636,1.0,
8,"YR_BUILT, LAND_SF, LIVING_AREA, BED_RMS, TT_RMS, RES_FLOOR, NUM_PARKING, INT_COND",16000,4000,0.3401895409697042,0.5852493093731092,-0.9017545987482909,1037169.31811976,1.0,
4,"LIVING_AREA, BED_RMS, RES_FLOOR, NUM_PARKING",16000,4000,0.34012571326831087,0.5852776161499204,-0.821943404175312,1026439.4224984514,1.0,
6,"YR_BUILT, LIVING_AREA, TT_RMS, RES_FLOOR, median_hh_income, emp_dist_m",16000,4000,0.34011872873958027,0.5852807136168094,-0.1213962087070437,977156.5453628137,1.0,
6,"YR_BUILT, LAND_SF, LIVING_AREA, TT_RMS, RES_FLOOR, emp_dist_m",16000,4000,0.34004001821191654,0.5853156186687861,-0.8349287551770828,1028661.7640440743,1.0,
3,"BED_RMS, RES_FLOOR, median_hh_income",16000,4000,0.3400291468055594,0.5853204395502855,-0.12160480039164079,964100.8371766554,1.0,
9,"YR_BUILT, LAND_SF, BED_RMS, TT_RMS, RES_FLOOR, median_hh_income, neighborhood_walkability, emp_dist_m, INT_COND",16000,4000,0.33996576582317384,0.5853485448019353,0.27320521468586634,935441.7562922289,1.0,
7,"YR_BUILT, LIVING_AREA, RES_FLOOR, median_hh_income, neighborhood_walkability, emp_dist_m, INT_COND",16000,4000,0.3396606624889106,0.585483818966186,0.002181278831530409,970496.2732368314,1.0,
9,"LAND_SF, LIVING_AREA, TT_RMS, RES_FLOOR, NUM_PARKING, median_hh_income, neighborhood_walkability, emp_dist_m, INT_COND",16000,4000,0.3396408592739286,0.5854925980698605,0.2734109696730058,931787.3077304477,1.0,
7,"LAND_SF, LIVING_AREA, RES_FLOOR, NUM_PARKING, neighborhood_walkability, emp_dist_m, INT_COND",16000,4000,0.33962389157699857,0.5855001200352059,-0.6519536251262461,1018185.672865076,1.0,
8,"YR_BUILT, LIVING_AREA, BED_RMS, TT_RMS, RES_FLOOR, NUM_PARKING, median_hh_income, INT_COND",16000,4000,0.33954353424215056,0.5855357420068364,0.08004891763281896,925800.7854305198,1.0,
5,"YR_BUILT, LAND_SF, BED_RMS, RES_FLOOR, emp_dist_m",16000,4000,0.33954266898396745,0.585536125559313,0.45329269226235236,914593.9234221653,1.0,
8,"LIVING_AREA, BED_RMS, TT_RMS, RES_FLOOR, NUM_PARKING, median_hh_income, neighborhood_walkability, INT_COND",16000,4000,0.3394420040359868,0.5855807466991244,0.08338730636798763,925714.0156563384,1.0,
4,"YR_BUILT, LAND_SF, RES_FLOOR, INT_COND",16000,4000,0.33938943332535776,0.5856040480471519,0.19468731304482068,947272.0935460175,1.0,
6,"YR_BUILT, LIVING_AREA, BED_RMS, RES_FLOOR, neighborhood_walkability, emp_dist_m",16000,4000,0.3392440504104519,0.585668482484175,0.5042319694556665,899331.0545236332,1.0,
7,"BED_RMS, RES_FLOOR, NUM_PARKING, median_hh_income, neighborhood_walkability, emp_dist_m, INT_COND",16000,4000,0.33904498464280497,0.5857566979338035,0.18211895337511708,948486.8171062372,1.0,
8,"YR_BUILT, LAND_SF, LIVING_AREA, BED_RMS, TT_RMS, RES_FLOOR, median_hh_income, INT_COND",16000,4000,0.33899225666879884,0.585780061965597,-0.8052847382154631,1018864.658763807,1.0,
8,"LAND_SF, LIVING_AREA, BED_RMS, TT_RMS, RES_FLOOR, median_hh_income, neighborhood_walkability, INT_COND",16000,4000,0.3389455048059362,0.5858007771729242,-0.8027264034812343,1016707.5360719115,1.0,
7,"YR_BUILT, LIVING_AREA, BED_RMS, TT_RMS, RES_FLOOR, neighborhood_walkability, emp_dist_m",16000,4000,0.33893098426554846,0.5858072109065994,0.12131695319196278,923227.8449477374,1.0,
9,"YR_BUILT, LAND_SF, BED_RMS, TT_RMS, RES_FLOOR, NUM_PARKING, median_hh_income, emp_dist_m, INT_COND",16000,4000,0.33887909525699766,0.585830201213354,0.27624934438602733,931905.3684826994,1.0,
5,"YR_BUILT, LIVING_AREA, RES_FLOOR, median_hh_income, INT_COND",16000,4000,0.3388704507564607,0.5858340312185002,-0.5216293078461649,1009977.4327555465,1.0,
3,"TT_RMS, RES_FLOOR, NUM_PARKING",16000,4000,0.3387953099683526,0.585867321804401,-1.6054777337545576,1100533.0649318714,1.0,
6,"YR_BUILT, LIVING_AREA, BED_RMS, RES_FLOOR, NUM_PARKING, emp_dist_m",16000,4000,0.33867820326706055,0.5859192013153157,0.4794938501210817,902419.3518195583,1.0,
9,"YR_BUILT, LAND_SF, LIVING_AREA, BED_RMS, RES_FLOOR, NUM_PARKING, neighborhood_walkability, emp_dist_m, INT_COND",16000,4000,0.3385971721594866,0.5859550962667649,0.06838188737662776,970019.1674673001,1.0,
5,"YR_BUILT, BED_RMS, TT_RMS, emp_dist_m, INT_COND",16000,4000,0.33844919277136,0.586020642121363,-2.5449581190602366,1153626.8997018342,1.0,
7,"YR_BUILT, LAND_SF, LIVING_AREA, RES_FLOOR, median_hh_income, emp_dist_m, INT_COND",16000,4000,0.3380484614155693,0.5861981049041193,-0.6489083521285648,1018700.1616290032,1.0,
7,"LIVING_AREA, RES_FLOOR, NUM_PARKING, median_hh_income, neighborhood_walkability, emp_dist_m, INT_COND",16000,4000,0.33789983250802424,0.5862639111518412,0.014384799988678698,969974.0088666086,1.0,
5,"LAND_SF, LIVING_AREA, TT_RMS, emp_dist_m, INT_COND",16000,4000,0.3378655628591899,0.586279083175184,-1.0887303962753458,1045023.8295528425,1.0,
4,"TT_RMS, median_hh_income, emp_dist_m, INT_COND",16000,4000,0.3378469090113858,0.5862873415311539,-0.5617565947534202,1007780.5540945507,1.0,
7,"YR_BUILT, LIVING_AREA, TT_RMS, RES_FLOOR, median_hh_income, neighborhood_walkability, INT_COND",16000,4000,0.3378235099130539,0.5862977005207497,-0.14624448462613526,983972.01809674,1.0,
4,"BED_RMS, NUM_PARKING, emp_dist_m, INT_COND",16000,4000,0.3375622650533193,0.5864133435243503,0.5548253249522641,863090.9438995447,1.0,
4,"LIVING_AREA, BED_RMS, RES_FLOOR, median_hh_income",16000,4000,0.33753156826060704,0.5864269303109774,-0.8145129869889121,1021251.7764991107,1.0,
7,"YR_BUILT, LAND_SF, LIVING_AREA, TT_RMS, RES_FLOOR, neighborhood_walkability, INT_COND",16000,4000,0.3374963193666318,0.5864425315266287,-0.8424381905807554,1033627.0293749021,1.0,
5,"LAND_SF, TT_RMS, RES_FLOOR, median_hh_income, emp_dist_m",16000,4000,0.3374783967141822,0.5864504639614943,-0.09716362353083441,970342.1756310011,1.0,
4,"LIVING_AREA, TT_RMS, RES_FLOOR, NUM_PARKING",16000,4000,0.3374764131408877,0.5864513418699296,-2.201946209397576,1152872.7661582008,1.0,
9,"LAND_SF, BED_RMS, TT_RMS, RES_FLOOR, NUM_PARKING, median_hh_income, neighborhood_walkability, emp_dist_m, INT_COND",16000,4000,0.33745274614777987,0.586461816527882,0.32321810018945873,926759.3519987803,1.0,
6,"LAND_SF, LIVING_AREA, TT_RMS, RES_FLOOR, neighborhood_walkability, emp_dist_m",16000,4000,0.33741824966245026,0.5864770838224047,-0.8380593966281937,1030104.4786368249,1.0,
6,"LIVING_AREA, TT_RMS, RES_FLOOR, median_hh_income, neighborhood_walkability, emp_dist_m",16000,4000,0.3371739797617398,0.5865851802933841,-0.07966958018471271,972877.5273628258,1.0,
4,"BED_RMS, neighborhood_walkability, emp_dist_m, INT_COND",16000,4000,0.337081090494077,0.5866262812439382,0.5476197337430034,868286.9566364539,1.0,
6,"YR_BUILT, LAND_SF, BED_RMS, TT_RMS, RES_FLOOR, emp_dist_m",16000,4000,0.3370309659003692,0.5866484588042505,-0.11945058381725682,973221.8983413888,1.0,
7,"YR_BUILT, LIVING_AREA, BED_RMS, TT_RMS, RES_FLOOR, NUM_PARKING, emp_dist_m",16000,4000,0.3369885084654023,0.5866672433844805,0.03697465926275745,940075.6337670524,1.0,
5,"LIVING_AREA, RES_FLOOR, NUM_PARKING, median_hh_income, INT_COND",16000,4000,0.33683960224858056,0.5867331196901258,-0.5309094681526398,1011826.5277786504,1.0,
3,"TT_RMS, RES_FLOOR, median_hh_income",16000,4000,0.33683153960373646,0.586736686403699,-1.356985427331007,1092488.9275193973,1.0,
4,"LAND_SF, RES_FLOOR, NUM_PARKING, INT_COND",16000,4000,0.3368304127295525,0.5867371849030873,0.18838173791586388,949092.2956300783,1.0,
7,"YR_BUILT, LIVING_AREA, BED_RMS, TT_RMS, neighborhood_walkability, emp_dist_m, INT_COND",16000,4000,0.33663261767950003,0.5868246776507283,-0.5123977509592017,1024302.2138383879,1.0,
4,"LIVING_AREA, BED_RMS, TT_RMS, RES_FLOOR",16000,4000,0.3365705400226534,0.5868521344188279,-3.243071078667051,1187017.6759700908,1.0,
6,"LIVING_AREA, TT_RMS, RES_FLOOR, NUM_PARKING, median_hh_income, emp_dist_m",16000,4000,0.33651808187497967,0.5868753355044415,-0.0988783588363682,971458.3978796933,1.0,
7,"YR_BUILT, LAND_SF, LIVING_AREA, BED_RMS, TT_RMS, RES_FLOOR, emp_dist_m",16000,4000,0.3365157893147367,0.5868763494325251,-0.831660625450453,1029187.6462401926,1.0,
7,"YR_BUILT, LAND_SF, BED_RMS, TT_RMS, RES_FLOOR, neighborhood_walkability, INT_COND",16000,4000,0.3365079139711984,0.5868798324386593,-0.08502882941834145,964949.2444633513,1.0,
6,"LAND_SF, LIVING_AREA, TT_RMS, RES_FLOOR, NUM_PARKING, emp_dist_m",16000,4000,0.3363864438083769,0.5869335520894177,-0.8250774308483528,1023460.4595862231,1.0,
5,"LAND_SF, LIVING_AREA, BED_RMS, emp_dist_m, INT_COND",16000,4000,0.3362992936968743,0.5869720908178386,-0.7862598238582035,997330.8192985769,1.0,
7,"LAND_SF, LIVING_AREA, RES_FLOOR, NUM_PARKING, median_hh_income, emp_dist_m, INT_COND",16000,4000,0.33623702448476667,0.586999625391796,-0.6511500066414531,1019666.7306591638,1.0,
8,"LAND_SF, LIVING_AREA, BED_RMS, TT_RMS, RES_FLOOR, NUM_PARKING, median_hh_income, INT_COND",16000,4000,0.3361084865013493,0.5870564590044224,-0.8895678585166593,1035434.9646211243,1.0,
6,"YR_BUILT, LAND_SF, LIVING_AREA, BED_RMS, RES_FLOOR, emp_dist_m",16000,4000,0.33592577324576445,0.5871372369745882,-0.31797037178718623,983730.8589535274,1.0,
9,"YR_BUILT, LAND_SF, LIVING_AREA, BED_RMS, RES_FLOOR, median_hh_income, neighborhood_walkability, emp_dist_m, INT_COND",16000,4000,0.33586071826828645,0.5871659952539924,0.06339415274183569,971500.762158713,1.0,
6,"LIVING_AREA, BED_RMS, RES_FLOOR, NUM_PARKING, neighborhood_walkability, emp_dist_m",16000,4000,0.3358066232457414,0.5871899074903797,0.5236718271042442,893443.8849849191,1.0,
5,"LIVING_AREA, RES_FLOOR, median_hh_income, neighborhood_walkability, INT_COND",16000,4000,0.3358023223812888,0.5871918086084879,-0.5372311807433321,1011301.5898052783,1.0,
7,"YR_BUILT, LIVING_AREA, TT_RMS, RES_FLOOR, NUM_PARKING, median_hh_income, INT_COND",16000,4000,0.3356601581657358,0.5872546462239084,-0.1736089287714957,983978.8058243132,1.0,
7,"YR_BUILT, LIVING_AREA, BED_RMS, RES_FLOOR, NUM_PARKING, neighborhood_walkability, INT_COND",16000,4000,0.3356057038395174,0.5872787136505406,0.45459997318469736,909769.6445947035,1.0,
4,"LIVING_AREA, TT_RMS, RES_FLOOR, median_hh_income",16000,4000,0.3355669208149068,0.5872958541592422,-1.2183589170508937,1092161.8987828328,1.0,
6,"YR_BUILT, LIVING_AREA, BED_RMS, RES_FLOOR, median_hh_income, emp_dist_m",16000,4000,0.33552090568336224,0.5873161903141945,0.4664683126592031,906804.4093823433,1.0,
7,"YR_BUILT, LIVING_AREA, BED_RMS, TT_RMS, RES_FLOOR, median_hh_income, emp_dist_m",16000,4000,0.33538060771175326,0.5873781899481311,0.12515791141876975,922141.5422916054,1.0,
9,"YR_BUILT, LAND_SF, LIVING_AREA, BED_RMS, RES_FLOOR, NUM_PARKING, median_hh_income, emp_dist_m, INT_COND",16000,4000,0.33536818317548056,0.5873836802088762,0.0237723830902824,975320.1598364632,1.0,
7,"LIVING_AREA, BED_RMS, TT_RMS, RES_FLOOR, NUM_PARKING, neighborhood_walkability, emp_dist_m",16000,4000,0.3352947179399053,0.5874161426090738,0.04206614938435882,940556.9285880076,1.0,
5,"BED_RMS, TT_RMS, neighborhood_walkability, emp_dist_m, INT_COND",16000,4000,0.3352513449289194,0.587435307186134,-2.547913304806475,1155587.946818408,1.0,
5,"LAND_SF, BED_RMS, RES_FLOOR, NUM_PARKING, emp_dist_m",16000,4000,0.33518651986573966,0.5874639492918918,0.4505128104811682,916544.0346264461,1.0,
7,"LIVING_AREA, TT_RMS, RES_FLOOR, NUM_PARKING, median_hh_income, neighborhood_walkability, INT_COND",16000,4000,0.33514822145785417,0.5874808702859762,-0.12255696642163794,978004.776904966,1.0,
9,"YR_BUILT, LIVING_AREA, BED_RMS, RES_FLOOR, NUM_PARKING, median_hh_income, neighborhood_walkability, emp_dist_m, INT_COND",16000,4000,0.3351172272005166,0.5874945638050841,0.3607493373763342,932816.8680764564,1.0,
7,"YR_BUILT, LAND_SF, LIVING_AREA, TT_RMS, RES_FLOOR, NUM_PARKING, INT_COND",16000,4000,0.3349570596520004,0.5875653220662793,-0.8286860794912188,1028111.8550485448,1.0,
7,"LAND_SF, LIVING_AREA, BED_RMS, TT_RMS, RES_FLOOR, neighborhood_walkability, emp_dist_m",16000,4000,0.3348767771325407,0.5876007857920218,-0.8270065841032763,1027803.1820989148,1.0,
7,"LAND_SF, LIVING_AREA, RES_FLOOR, median_hh_income, neighborhood_walkability, emp_dist_m, INT_COND",16000,4000,0.3348290697549132,0.5876218588721343,-0.6537837071792372,1019080.8636087286,1.0,
7,"LAND_SF, LIVING_AREA, TT_RMS, RES_FLOOR, NUM_PARKING, neighborhood_walkability, INT_COND",16000,4000,0.3347681033724933,0.5876487875580434,-0.831685446009315,1028278.8413412038,1.0,
5,"LAND_SF, BED_RMS, RES_FLOOR, neighborhood_walkability, emp_dist_m",16000,4000,0.3347101334429968,0.5876743915743576,0.43571237982936184,919795.9942913133,1.0,
6,"LAND_SF, BED_RMS, TT_RMS, RES_FLOOR, neighborhood_walkability, emp_dist_m",16000,4000,0.3342411813585324,0.5878814761828423,-0.1123920931205944,971865.4533153608,1.0,
5,"YR_BUILT, TT_RMS, RES_FLOOR, NUM_PARKING, emp_dist_m",16000,4000,0.33398647622434696,0.5879939208905436,-0.10765132316536419,965636.345083709,1.0,
9,"LAND_SF, LIVING_AREA, BED_RMS, RES_FLOOR, NUM_PARKING, median_hh_income, neighborhood_walkability, emp_dist_m, INT_COND",16000,4000,0.33393776377814366,0.5880154235308829,0.07403738303884377,970835.6349798312,1.0,
5,"YR_BUILT, TT_RMS, RES_FLOOR, neighborhood_walkability, emp_dist_m",16000,4000,0.3338205912234874,0.5880671426013474,-0.12452901704904362,972382.2153698027,1.0,
3,"YR_BUILT, LIVING_AREA, RES_FLOOR",16000,4000,0.3337025477688551,0.5881192414814119,-0.3121647344066414,980369.793462733,1.0,
8,"YR_BUILT, LAND_SF, TT_RMS, RES_FLOOR, NUM_PARKING, neighborhood_walkability, emp_dist_m, INT_COND",16000,4000,0.3336880083246718,0.588125658195305,0.33265666371357394,936723.6697063096,1.0,
6,"LAND_SF, LIVING_AREA, TT_RMS, RES_FLOOR, median_hh_income, emp_dist_m",16000,4000,0.33359782476897415,0.5881654574703866,-0.8391815255962876,1031741.388320445,1.0,
7,"LIVING_AREA, BED_RMS, TT_RMS, RES_FLOOR, median_hh_income, neighborhood_walkability, emp_dist_m",16000,4000,0.3335043037862617,0.5882067267548519,0.12536946138135174,922998.2996339917,1.0,
7,"YR_BUILT, LIVING_AREA, BED_RMS, TT_RMS, NUM_PARKING, emp_dist_m, INT_COND",16000,4000,0.3332710157622879,0.5883096603373317,-1.203686520731892,1072928.8707639726,1.0,
7,"YR_BUILT, LAND_SF, BED_RMS, TT_RMS, RES_FLOOR, NUM_PARKING, INT_COND",16000,4000,0.3332532057640706,0.5883175178958587,-0.25649353936466524,990579.4878901496,1.0,
6,"LAND_SF, LIVING_AREA, BED_RMS, RES_FLOOR, neighborhood_walkability, emp_dist_m",16000,4000,0.3331287526361605,0.5883724222010557,-0.29472364838968845,979002.6650426406,1.0,
6,"YR_BUILT, LAND_SF, TT_RMS, RES_FLOOR, neighborhood_walkability, INT_COND",16000,4000,0.33311261752694676,0.5883795400636901,-0.10050066599265173,977189.6334480726,1.0,
4,"LAND_SF, RES_FLOOR, neighborhood_walkability, INT_COND",16000,4000,0.33305986935998766,0.5884028088564048,0.17582887892980226,950000.0446441062,1.0,
4,"BED_RMS, median_hh_income, emp_dist_m, INT_COND",16000,4000,0.33295866975354926,0.5884474484509343,0.548181566114292,868332.4396654284,1.0,
7,"LAND_SF, BED_RMS, TT_RMS, RES_FLOOR, NUM_PARKING, neighborhood_walkability, INT_COND",16000,4000,0.33289623349219266,0.5884749876732563,-0.242418847331064,987757.5126773205,1.0,
7,"YR_BUILT, LAND_SF, LIVING_AREA, BED_RMS, RES_FLOOR, neighborhood_walkability, INT_COND",16000,4000,0.3328645176221333,0.5884889763324055,-0.2683638653246305,972426.0175248143,1.0,
7,"LAND_SF, LIVING_AREA, BED_RMS, TT_RMS, RES_FLOOR, NUM_PARKING, emp_dist_m",16000,4000,0.3328423423728283,0.5884987567905485,-0.9398378689420583,1047774.2246991121,1.0,
7,"YR_BUILT, LIVING_AREA, BED_RMS, RES_FLOOR, median_hh_income, neighborhood_walkability, INT_COND",16000,4000,0.33270813007848943,0.588557948044343,0.44314754256448363,912630.5795108243,1.0,
7,"LIVING_AREA, BED_RMS, TT_RMS, NUM_PARKING, neighborhood_walkability, emp_dist_m, INT_COND",16000,4000,0.3326941898900756,0.5885640957034174,-1.0829728302266863,1061945.5373966587,1.0,
7,"YR_BUILT, LAND_SF, LIVING_AREA, TT_RMS, RES_FLOOR, median_hh_income, INT_COND",16000,4000,0.3326765854519269,0.5885718592143345,-0.8435650193462774,1035957.7224839646,1.0,
6,"LAND_SF, BED_RMS, TT_RMS, RES_FLOOR, NUM_PARKING, emp_dist_m",16000,4000,0.3324939270119627,0.5886524050633044,-0.31398698253385926,998479.431531273,1.0,
6,"LAND_SF, LIVING_AREA, BED_RMS, RES_FLOOR, NUM_PARKING, emp_dist_m",16000,4000,0.3324377391311376,0.5886771796957154,-0.28697211236082754,977438.9314004201,1.0,
6,"LIVING_AREA, BED_RMS, RES_FLOOR, median_hh_income, neighborhood_walkability, emp_dist_m",16000,4000,0.33240090464538397,0.5886934203696987,0.511555477010937,897797.9350623131,1.0,
7,"LAND_SF, LIVING_AREA, TT_RMS, RES_FLOOR, median_hh_income, neighborhood_walkability, INT_COND",16000,4000,0.3322392081557606,0.5887647085852029,-0.8466356932817456,1035990.6424210474,1.0,
6,"LIVING_AREA, BED_RMS, RES_FLOOR, NUM_PARKING, median_hh_income, emp_dist_m",16000,4000,0.33208579910767444,0.5888323350823209,0.4882323353374193,900715.3835675216,1.0,
7,"YR_BUILT, LAND_SF, BED_RMS, TT_RMS, RES_FLOOR, median_hh_income, INT_COND",16000,4000,0.33199492815041176,0.5888723895818743,-0.08119361058646035,965698.8683482407,1.0,
7,"YR_BUILT, LIVING_AREA, BED_RMS, TT_RMS, median_hh_income, emp_dist_m, INT_COND",16000,4000,0.3319830625710448,0.5888776195429494,-0.5508676487421491,1029878.0559875865,1.0,
9,"YR_BUILT, BED_RMS, TT_RMS, RES_FLOOR, NUM_PARKING, median_hh_income, neighborhood_walkability, emp_dist_m, INT_COND",16000,4000,0.3318607181370865,0.5889315422779692,0.4447103014850592,909420.0249625819,1.0,
7,"LIVING_AREA, BED_RMS, TT_RMS, RES_FLOOR, NUM_PARKING, median_hh_income, emp_dist_m",16000,4000,0.3317460463086572,0.5889820788660496,0.04844717266112952,939247.8775325351,1.0,
7,"LAND_SF, BED_RMS, TT_RMS, RES_FLOOR, median_hh_income, neighborhood_walkability, INT_COND",16000,4000,0.33138953486187483,0.589139167988833,-0.07731631346316159,963343.3287224233,1.0,
7,"LAND_SF, LIVING_AREA, BED_RMS, TT_RMS, RES_FLOOR, median_hh_income, emp_dist_m",16000,4000,0.33128174742911964,0.5891866539636057,-0.8246107381419712,1028180.6614277563,1.0,
5,"LAND_SF, BED_RMS, RES_FLOOR, median_hh_income, emp_dist_m",16000,4000,0.33124784849006306,0.5892015874197271,0.440086269518424,920110.4902720513,1.0,
5,"BED_RMS, TT_RMS, NUM_PARKING, emp_dist_m, INT_COND",16000,4000,0.3312160200204691,0.5892156084300794,-2.545179725344531,1156045.3355698285,1.0,
11,"YR_BUILT, LAND_SF, LIVING_AREA, BED_RMS, TT_RMS, RES_FLOOR, NUM_PARKING, median_hh_income, neighborhood_walkability, emp_dist_m, INT_COND",16000,4000,0.3311742632701816,0.5892340025197484,0.6348896234448805,884242.6143392131,1.0,
7,"LIVING_AREA, BED_RMS, TT_RMS, median_hh_income, neighborhood_walkability, emp_dist_m, INT_COND",16000,4000,0.3311578156821732,0.5892412476196301,-0.46232505525443424,1019768.0427351125,1.0,
3,"LIVING_AREA, BED_RMS, emp_dist_m",16000,4000,0.3311202722891341,0.589257785007554,-1.4682137310448766,1110713.6213733125,1.0,
6,"YR_BUILT, LAND_SF, RES_FLOOR, NUM_PARKING, emp_dist_m, INT_COND",16000,4000,0.33100731008101225,0.5893075406270295,0.05435227617396843,960231.5754157192,1.0,
7,"YR_BUILT, LIVING_AREA, BED_RMS, RES_FLOOR, NUM_PARKING, median_hh_income, INT_COND",16000,4000,0.3308855706802216,0.5893611575681857,0.4117260291046263,915556.2529893303,1.0,
5,"BED_RMS, TT_RMS, median_hh_income, emp_dist_m, INT_COND",16000,4000,0.3307755341247135,0.5894096161000094,-2.548419287605708,1157293.1948590984,1.0,
7,"YR_BUILT, LAND_SF, LIVING_AREA, BED_RMS, TT_RMS, emp_dist_m, INT_COND",16000,4000,0.3307430310930949,0.5894239292100034,-1.3131571220568157,1086901.759866333,1.0,
6,"LAND_SF, BED_RMS, TT_RMS, RES_FLOOR, median_hh_income, emp_dist_m",16000,4000,0.3307275045589745,0.5894307663877206,-0.10764849701308177,971892.5687874025,1.0,
6,"YR_BUILT, LAND_SF, TT_RMS, RES_FLOOR, NUM_PARKING, INT_COND",16000,4000,0.33069092750878526,0.5894468729394697,-0.08230682131731792,970550.5582630268,1.0,
7,"YR_BUILT, LAND_SF, LIVING_AREA, BED_RMS, RES_FLOOR, NUM_PARKING, INT_COND",16000,4000,0.33066605025655227,0.5894578272824504,-0.2592658496746856,971672.3154735361,1.0,
8,"YR_BUILT, LAND_SF, TT_RMS, RES_FLOOR, median_hh_income, neighborhood_walkability, emp_dist_m, INT_COND",16000,4000,0.3306102599680064,0.5894823929996327,0.326290874020713,938886.3512100504,1.0,
6,"YR_BUILT, LIVING_AREA, TT_RMS, neighborhood_walkability, emp_dist_m, INT_COND",16000,4000,0.3304870237485995,0.5895366530472016,-0.8291066740358097,1023671.1640948333,1.0,
5,"YR_BUILT, TT_RMS, RES_FLOOR, median_hh_income, emp_dist_m",16000,4000,0.33039326317749007,0.5895779318275591,-0.12575823328769253,974138.9686622126,1.0,
8,"YR_BUILT, LAND_SF, TT_RMS, RES_FLOOR, NUM_PARKING, median_hh_income, emp_dist_m, INT_COND",16000,4000,0.3303465932081553,0.5895984775472032,0.3356524854174644,937812.0422486672,1.0,
2,"TT_RMS, emp_dist_m",16000,4000,0.33033541981206516,0.5896033963527952,-2.5383027569994585,1142266.65609958,1.0,
7,"LAND_SF, LIVING_AREA, BED_RMS, RES_FLOOR, NUM_PARKING, neighborhood_walkability, INT_COND",16000,4000,0.33030184191690737,0.5896181779266227,-0.25138247564005534,966517.2470800665,1.0,
7,"LAND_SF, LIVING_AREA, BED_RMS, TT_RMS, neighborhood_walkability, emp_dist_m, INT_COND",16000,4000,0.33024076463259777,0.5896450642601143,-1.2806876770929159,1082914.5966419424,1.0,
7,"LIVING_AREA, BED_RMS, RES_FLOOR, NUM_PARKING, median_hh_income, neighborhood_walkability, INT_COND",16000,4000,0.3301983819122024,0.5896637204915083,0.45910595792216535,913101.1670743314,1.0,
7,"LAND_SF, LIVING_AREA, TT_RMS, RES_FLOOR, NUM_PARKING, median_hh_income, INT_COND",16000,4000,0.32995069004681077,0.5897727388953913,-0.8326991830435326,1030670.7105017276,1.0,
3,"LIVING_AREA, RES_FLOOR, NUM_PARKING",16000,4000,0.32994861253472196,0.5897736532005228,-0.29131302410779414,972586.1828719234,1.0,
6,"LAND_SF, TT_RMS, RES_FLOOR, NUM_PARKING, neighborhood_walkability, INT_COND",16000,4000,0.3296386977820125,0.5899100296256858,-0.08741396646941002,971134.6924045482,1.0,
2,"RES_FLOOR, neighborhood_walkability",16000,4000,0.3295695821076925,0.5899404393304856,0.09529904543067136,975195.0192707995,1.0,
2,"RES_FLOOR, median_hh_income",16000,4000,0.3294802436670137,0.5899797443812926,0.10182499007437074,973730.1553509937,1.0,
6,"LAND_SF, LIVING_AREA, BED_RMS, RES_FLOOR, median_hh_income, emp_dist_m",16000,4000,0.32934483001096915,0.5900393155425102,-0.30286419786640706,982251.5915365805,1.0,
5,"TT_RMS, RES_FLOOR, NUM_PARKING, neighborhood_walkability, emp_dist_m",16000,4000,0.32929893809710475,0.5900595029439094,-0.0020688164416806654,959771.7073756029,1.0,
5,"YR_BUILT, LAND_SF, LIVING_AREA, RES_FLOOR, INT_COND",16000,4000,0.32845496983512923,0.5904306332131098,-0.44486513471088673,998646.5265148564,1.0,
7,"LAND_SF, BED_RMS, TT_RMS, RES_FLOOR, NUM_PARKING, median_hh_income, INT_COND",16000,4000,0.32838556826042864,0.5904611417830582,-0.23351937627703778,988204.1270615823,1.0,
6,"YR_BUILT, BED_RMS, TT_RMS, RES_FLOOR, neighborhood_walkability, emp_dist_m",16000,4000,0.3283182721407061,0.5904907233007232,-0.09709820616051501,965766.5720360742,1.0,
4,"LAND_SF, RES_FLOOR, median_hh_income, INT_COND",16000,4000,0.32825673339446126,0.5905177727387224,0.18544206244270434,950386.8088495388,1.0,
3,"LIVING_AREA, RES_FLOOR, neighborhood_walkability",16000,4000,0.32823683377319124,0.5905265193786875,-0.29995177993867905,972235.75765273,1.0,
8,"LAND_SF, TT_RMS, RES_FLOOR, NUM_PARKING, median_hh_income, neighborhood_walkability, emp_dist_m, INT_COND",16000,4000,0.32820902005771335,0.5905387443468079,0.3233723052486873,939368.4368102775,1.0,
6,"YR_BUILT, LAND_SF, RES_FLOOR, neighborhood_walkability, emp_dist_m, INT_COND",16000,4000,0.3281060792112971,0.5905839877568798,0.051210221993922,959615.7368994922,1.0,
7,"YR_BUILT, LAND_SF, LIVING_AREA, BED_RMS, RES_FLOOR, median_hh_income, INT_COND",16000,4000,0.3280812859757132,0.590594884084716,-0.27332924566071926,976213.9727506863,1.0,
7,"LIVING_AREA, BED_RMS, TT_RMS, NUM_PARKING, median_hh_income, emp_dist_m, INT_COND",16000,4000,0.32804695537064277,0.5906099716394454,-1.1033035603593944,1066847.6800988996,1.0,
6,"YR_BUILT, LAND_SF, TT_RMS, RES_FLOOR, median_hh_income, INT_COND",16000,4000,0.32794180212678536,0.5906561818065019,-0.10044367674273635,979543.092745262,1.0,
6,"YR_BUILT, LIVING_AREA, TT_RMS, NUM_PARKING, emp_dist_m, INT_COND",16000,4000,0.32791140678791664,0.590669538530569,-0.8339114322498378,1029951.8073624909,1.0,
5,"YR_BUILT, BED_RMS, RES_FLOOR, NUM_PARKING, emp_dist_m",16000,4000,0.32769755296710346,0.5907635044840449,0.36800776024904525,930681.9470898657,1.0,
7,"LAND_SF, LIVING_AREA, BED_RMS, RES_FLOOR, median_hh_income, neighborhood_walkability, INT_COND",16000,4000,0.32746865661940905,0.5908640634670679,-0.2644586516600078,970939.6417343508,1.0,
5,"YR_BUILT, BED_RMS, RES_FLOOR, neighborhood_walkability, emp_dist_m",16000,4000,0.3270409269836114,0.5910519282423531,0.35527383514136046,933086.0034255409,1.0,
5,"YR_BUILT, LIVING_AREA, RES_FLOOR, NUM_PARKING, emp_dist_m",16000,4000,0.3268894575566146,0.5911184413955407,-0.6153179602842367,1025829.6716385066,1.0,
7,"LAND_SF, LIVING_AREA, BED_RMS, TT_RMS, NUM_PARKING, emp_dist_m, INT_COND",16000,4000,0.326753996353754,0.5911779186892581,-2.096661375794799,1131187.6623755835,1.0,
6,"YR_BUILT, BED_RMS, TT_RMS, RES_FLOOR, NUM_PARKING, emp_dist_m",16000,4000,0.32669618415576795,0.591203300615789,-0.24888260669364914,990008.532251451,1.0,
6,"LIVING_AREA, TT_RMS, NUM_PARKING, neighborhood_walkability, emp_dist_m, INT_COND",16000,4000,0.32654258787666235,0.5912707303903179,-0.8351924132119659,1028743.4530633688,1.0,
6,"LAND_SF, TT_RMS, RES_FLOOR, median_hh_income, neighborhood_walkability, INT_COND",16000,4000,0.3265318461360236,0.591275445797256,-0.10557962843401669,979937.7276866464,1.0,
6,"YR_BUILT, LAND_SF, BED_RMS, RES_FLOOR, neighborhood_walkability, INT_COND",16000,4000,0.3263818215956247,0.5913412996070667,0.41205657470910706,932124.3860321802,1.0,
8,"YR_BUILT, LAND_SF, BED_RMS, RES_FLOOR, NUM_PARKING, neighborhood_walkability, emp_dist_m, INT_COND",16000,4000,0.3263098827184546,0.5913728748337819,0.15002404697974725,961967.075683817,1.0,
5,"LAND_SF, LIVING_AREA, RES_FLOOR, NUM_PARKING, INT_COND",16000,4000,0.32630503436463654,0.5913750028001149,-0.45617968441446055,1000941.8100633769,1.0,
5,"YR_BUILT, LIVING_AREA, BED_RMS, TT_RMS, RES_FLOOR",16000,4000,0.32616229407481345,0.591437648784413,-3.2766326465504054,1232216.8780122942,1.0,
7,"YR_BUILT, BED_RMS, TT_RMS, RES_FLOOR, NUM_PARKING, neighborhood_walkability, INT_COND",16000,4000,0.3261618884226851,0.5914378268079212,-0.1931883566725323,980687.5445712225,1.0,
5,"LAND_SF, LIVING_AREA, RES_FLOOR, neighborhood_walkability, INT_COND",16000,4000,0.32611354742379983,0.591459041237679,-0.46394140996257693,1000797.7970839505,1.0,
6,"LAND_SF, RES_FLOOR, NUM_PARKING, neighborhood_walkability, emp_dist_m, INT_COND",16000,4000,0.3259489796693743,0.5915312560330117,0.05021734817942358,960800.2669219683,1.0,
5,"TT_RMS, RES_FLOOR, NUM_PARKING, median_hh_income, emp_dist_m",16000,4000,0.3258749516992999,0.5915637377402968,-0.04820299803370265,964883.1230906926,1.0,
5,"LIVING_AREA, BED_RMS, TT_RMS, RES_FLOOR, neighborhood_walkability",16000,4000,0.32557276567122695,0.5916963112650614,-3.2789684332982505,1233560.190526606,1.0,
7,"LAND_SF, LIVING_AREA, BED_RMS, TT_RMS, median_hh_income, emp_dist_m, INT_COND",16000,4000,0.32553043162604056,0.5917148814710324,-1.2638506246786094,1083204.0407665232,1.0,
7,"LAND_SF, LIVING_AREA, BED_RMS, RES_FLOOR, NUM_PARKING, median_hh_income, INT_COND",16000,4000,0.32552093085950984,0.5917190489868166,-0.2551242817380772,970224.1012793415,1.0,
5,"TT_RMS, RES_FLOOR, median_hh_income, neighborhood_walkability, emp_dist_m",16000,4000,0.32534799878625886,0.5917949005946999,-0.04288127442470269,969865.3893864357,1.0,
5,"YR_BUILT, LIVING_AREA, RES_FLOOR, neighborhood_walkability, emp_dist_m",16000,4000,0.32520258574392746,0.5918586742589486,-0.6190562521357585,1025408.5014072508,1.0,
6,"YR_BUILT, LIVING_AREA, TT_RMS, median_hh_income, emp_dist_m, INT_COND",16000,4000,0.32511954857419534,0.5918950887118819,-0.8302005344243653,1026575.9540623693,1.0,
6,"YR_BUILT, LAND_SF, RES_FLOOR, median_hh_income, emp_dist_m, INT_COND",16000,4000,0.3249952503873046,0.5919495932533523,0.0526921325186932,961086.9089128319,1.0,
6,"YR_BUILT, BED_RMS, TT_RMS, RES_FLOOR, median_hh_income, emp_dist_m",16000,4000,0.32486537323925,0.5920065387987156,-0.09407257427320004,966102.1118727572,1.0,
6,"YR_BUILT, LAND_SF, BED_RMS, TT_RMS, emp_dist_m, INT_COND",16000,4000,0.3246704275718384,0.5920920038121575,-1.1911028381321374,1066117.9042978212,1.0,
6,"YR_BUILT, LIVING_AREA, BED_RMS, neighborhood_walkability, emp_dist_m, INT_COND",16000,4000,0.3246405852951765,0.5921050857049946,-0.278499238244736,975935.8336712003,1.0,
7,"YR_BUILT, BED_RMS, TT_RMS, RES_FLOOR, median_hh_income, neighborhood_walkability, INT_COND",16000,4000,0.32459080132883744,0.5921269087489955,-0.0709325787677979,958778.4669372261,1.0,
4,"LAND_SF, LIVING_AREA, BED_RMS, RES_FLOOR",16000,4000,0.3245690752760334,0.5921364322179227,-0.8301087222650585,1018790.6207702826,1.0,
6,"LAND_SF, TT_RMS, RES_FLOOR, NUM_PARKING, median_hh_income, INT_COND",16000,4000,0.3244712240300438,0.5921793227543175,-0.08725190224727886,973556.1403961197,1.0,
3,"LIVING_AREA, emp_dist_m, INT_COND",16000,4000,0.3244604769629348,0.5921840332609878,-0.34656560505868783,943179.3462154724,1.0,
6,"YR_BUILT, LAND_SF, BED_RMS, RES_FLOOR, NUM_PARKING, INT_COND",16000,4000,0.32445087256009597,0.5921882428990628,0.42685116219270114,930051.3956053719,1.0,
9,"YR_BUILT, LAND_SF, LIVING_AREA, BED_RMS, TT_RMS, RES_FLOOR, NUM_PARKING, neighborhood_walkability, INT_COND",16000,4000,0.3243145230081099,0.5922480020819761,-0.20342699158922972,978355.7381595835,1.0,
4,"YR_BUILT, RES_FLOOR, NUM_PARKING, INT_COND",16000,4000,0.3240894060800925,0.5923466529723125,0.049072110430850024,966661.5257636176,1.0,
6,"BED_RMS, TT_RMS, RES_FLOOR, NUM_PARKING, neighborhood_walkability, emp_dist_m",16000,4000,0.3238318402022158,0.5924595035143903,-0.23478361558830674,988255.3104007847,1.0,
5,"YR_BUILT, BED_RMS, RES_FLOOR, median_hh_income, emp_dist_m",16000,4000,0.3236661622039442,0.592532082717623,0.358775927590539,933923.8009308305,1.0,
3,"LIVING_AREA, TT_RMS, emp_dist_m",16000,4000,0.3235318041773275,0.5925909349319104,-3.0924374772882306,1214178.8242584486,1.0,
6,"LIVING_AREA, TT_RMS, median_hh_income, neighborhood_walkability, emp_dist_m, INT_COND",16000,4000,0.3233930033989517,0.5926517270465692,-0.8334559913839459,1027016.9355165093,1.0,
6,"LAND_SF, BED_RMS, TT_RMS, neighborhood_walkability, emp_dist_m, INT_COND",16000,4000,0.32316703118444,0.5927506852630061,-1.1162362143735174,1060854.2827343012,1.0,
6,"LAND_SF, BED_RMS, RES_FLOOR, NUM_PARKING, neighborhood_walkability, INT_COND",16000,4000,0.32314627986672495,0.5927597718944819,0.40786256100391105,933019.4501453977,1.0,
8,"YR_BUILT, LAND_SF, BED_RMS, RES_FLOOR, median_hh_income, neighborhood_walkability, emp_dist_m, INT_COND",16000,4000,0.32300857430245156,0.5928200671733235,0.14627199824090753,963374.0028150716,1.0,
8,"YR_BUILT, LAND_SF, BED_RMS, RES_FLOOR, NUM_PARKING, median_hh_income, emp_dist_m, INT_COND",16000,4000,0.32299528559496404,0.5928258853960573,0.1515994187220875,963316.0030820762,1.0,
9,"YR_BUILT, LAND_SF, LIVING_AREA, BED_RMS, TT_RMS, RES_FLOOR, median_hh_income, neighborhood_walkability, INT_COND",16000,4000,0.3228526528324206,0.5928883310029948,-0.2050426143501045,978117.4558202627,1.0,
6,"LAND_SF, RES_FLOOR, NUM_PARKING, median_hh_income, emp_dist_m, INT_COND",16000,4000,0.3228414924935743,0.5928932167988532,0.05166247627384746,962163.8940503795,1.0,
5,"BED_RMS, RES_FLOOR, NUM_PARKING, neighborhood_walkability, emp_dist_m",16000,4000,0.322757651873263,0.5929299194290245,0.3506325490687283,934703.8891269598,1.0,
3,"LIVING_AREA, RES_FLOOR, median_hh_income",16000,4000,0.3226788955013846,0.5929643942753214,-0.3033630266716054,976939.490643351,1.0,
6,"YR_BUILT, LIVING_AREA, BED_RMS, NUM_PARKING, emp_dist_m, INT_COND",16000,4000,0.3225557093171265,0.5930183138267171,-0.2605384494803564,971639.6351473498,1.0,
5,"LIVING_AREA, RES_FLOOR, NUM_PARKING, neighborhood_walkability, emp_dist_m",16000,4000,0.3221914994917878,0.5931777026339496,-0.623075014009983,1027452.8980158843,1.0,
9,"YR_BUILT, LIVING_AREA, BED_RMS, TT_RMS, RES_FLOOR, NUM_PARKING, median_hh_income, neighborhood_walkability, INT_COND",16000,4000,0.32201817769845364,0.5932535382509025,0.08519508511892049,938183.4253341639,1.0,
6,"BED_RMS, TT_RMS, RES_FLOOR, median_hh_income, neighborhood_walkability, emp_dist_m",16000,4000,0.32175260826903873,0.5933697173084945,-0.08915503277651915,964877.3298629891,1.0,
7,"YR_BUILT, BED_RMS, TT_RMS, RES_FLOOR, NUM_PARKING, median_hh_income, INT_COND",16000,4000,0.32171200108902276,0.5933874797876311,-0.1869818485343988,981343.5220785991,1.0,
8,"YR_BUILT, TT_RMS, RES_FLOOR, NUM_PARKING, median_hh_income, neighborhood_walkability, emp_dist_m, INT_COND",16000,4000,0.32166481026786997,0.5934081214291156,0.2724440420796398,946418.8817754454,1.0,
4,"LAND_SF, LIVING_AREA, TT_RMS, RES_FLOOR",16000,4000,0.32151637712768466,0.5934730425877449,-1.5189855737933007,1118048.9635289533,1.0,
6,"YR_BUILT, TT_RMS, RES_FLOOR, NUM_PARKING, neighborhood_walkability, INT_COND",16000,4000,0.32143018140120316,0.5935107393085883,0.18278114443783688,952418.7625785103,1.0,
5,"YR_BUILT, LIVING_AREA, RES_FLOOR, median_hh_income, emp_dist_m",16000,4000,0.3213861037090179,0.5935300152608529,-0.6174975025395282,1026790.6950508736,1.0,
10,"YR_BUILT, LAND_SF, LIVING_AREA, TT_RMS, RES_FLOOR, NUM_PARKING, median_hh_income, neighborhood_walkability, emp_dist_m, INT_COND",16000,4000,0.32137132571701754,0.5935364777972924,0.5108341957106188,909454.5296100765,1.0,
6,"YR_BUILT, LAND_SF, BED_RMS, RES_FLOOR, median_hh_income, INT_COND",16000,4000,0.32126356946179335,0.5935835983596434,0.41677759812799753,933435.1996851065,1.0,
4,"YR_BUILT, LAND_SF, RES_FLOOR, emp_dist_m",16000,4000,0.3212539325785485,0.5935878122748479,0.08811535000462556,962005.1662000491,1.0,
6,"LIVING_AREA, TT_RMS, NUM_PARKING, median_hh_income, emp_dist_m, INT_COND",16000,4000,0.32117845435045056,0.5936208155679504,-0.8351885845628004,1030590.2290332996,1.0,
6,"YR_BUILT, LAND_SF, LIVING_AREA, TT_RMS, emp_dist_m, INT_COND",16000,4000,0.32105526820016306,0.5936746754860847,-0.8233869761016208,1019413.7132461675,1.0,
7,"BED_RMS, TT_RMS, RES_FLOOR, NUM_PARKING, median_hh_income, neighborhood_walkability, INT_COND",16000,4000,0.32103204838877064,0.5936848271932033,-0.17713099473913507,978654.6404521164,1.0,
4,"LAND_SF, BED_RMS, TT_RMS, RES_FLOOR",16000,4000,0.32094293438697963,0.5937237862447952,-2.489716195847711,1153582.6008139662,1.0,
6,"LIVING_AREA, BED_RMS, NUM_PARKING, neighborhood_walkability, emp_dist_m, INT_COND",16000,4000,0.32093452743927375,0.5937274614803731,-0.2762065704528949,975247.2336810278,1.0,
8,"LAND_SF, BED_RMS, RES_FLOOR, NUM_PARKING, median_hh_income, neighborhood_walkability, emp_dist_m, INT_COND",16000,4000,0.3207289558289105,0.5938173234152473,0.1447430563795069,963747.8203459901,1.0,
5,"LIVING_AREA, BED_RMS, TT_RMS, RES_FLOOR, NUM_PARKING",16000,4000,0.3206948816444041,0.59383221701882,-3.2758189738829753,1231677.9656928412,1.0,
5,"LAND_SF, LIVING_AREA, RES_FLOOR, median_hh_income, INT_COND",16000,4000,0.3206467811978574,0.5938532407741426,-0.45932751835155394,1002211.0455138423,1.0,
5,"LIVING_AREA, BED_RMS, TT_RMS, RES_FLOOR, median_hh_income",16000,4000,0.32042965188284744,0.5939481344484059,-3.279456307577476,1235501.7363306675,1.0,
9,"LAND_SF, LIVING_AREA, BED_RMS, TT_RMS, RES_FLOOR, NUM_PARKING, median_hh_income, neighborhood_walkability, INT_COND",16000,4000,0.3204153154504765,0.5939543994748128,-0.19352272132246418,978122.3369020004,1.0,
6,"BED_RMS, TT_RMS, RES_FLOOR, NUM_PARKING, median_hh_income, emp_dist_m",16000,4000,0.3203812618897822,0.5939692806289036,-0.22720132982054908,988190.3971647171,1.0,
9,"YR_BUILT, LAND_SF, LIVING_AREA, BED_RMS, TT_RMS, RES_FLOOR, NUM_PARKING, median_hh_income, INT_COND",16000,4000,0.320280851767788,0.5940131569391442,-0.2467770343210649,983836.7594674318,1.0,
5,"YR_BUILT, LAND_SF, TT_RMS, emp_dist_m, INT_COND",16000,4000,0.3198365259503255,0.5942072755418928,-0.052469094744566735,958090.5582114623,1.0,
4,"YR_BUILT, RES_FLOOR, neighborhood_walkability, INT_COND",16000,4000,0.31981819726400096,0.5942152816799833,0.04535429218552367,965456.6720204409,1.0,
6,"LAND_SF, LIVING_AREA, TT_RMS, neighborhood_walkability, emp_dist_m, INT_COND",16000,4000,0.3197938148417786,0.5942259319781769,-0.8263275924764963,1019992.9338108955,1.0,
5,"YR_BUILT, LAND_SF, LIVING_AREA, RES_FLOOR, emp_dist_m",16000,4000,0.3196308138971937,0.5942971262633086,-0.5794523978303452,1020422.186384588,1.0,
6,"LAND_SF, BED_RMS, RES_FLOOR, median_hh_income, neighborhood_walkability, INT_COND",16000,4000,0.3196012505044331,0.5943100378184366,0.39813490313346256,936328.8104694188,1.0,
6,"LAND_SF, RES_FLOOR, median_hh_income, neighborhood_walkability, emp_dist_m, INT_COND",16000,4000,0.3195791937116774,0.5943196707484732,0.048615497327122004,961760.6573593026,1.0,
5,"BED_RMS, RES_FLOOR, NUM_PARKING, median_hh_income, emp_dist_m",16000,4000,0.31938622874178835,0.5944039382683282,0.3540507298119516,935505.4060561614,1.0,
6,"LAND_SF, BED_RMS, TT_RMS, NUM_PARKING, emp_dist_m, INT_COND",16000,4000,0.31938092883381286,0.5944062525618183,-1.353421866884621,1070845.8280966894,1.0,
6,"YR_BUILT, LIVING_AREA, BED_RMS, median_hh_income, emp_dist_m, INT_COND",16000,4000,0.3193256733871025,0.5944303802404456,-0.2761100690191074,977423.3403411587,1.0,
10,"YR_BUILT, LAND_SF, BED_RMS, TT_RMS, RES_FLOOR, NUM_PARKING, median_hh_income, neighborhood_walkability, emp_dist_m, INT_COND",16000,4000,0.31925128588085694,0.5944628605205615,0.49483731871222447,902121.5600920956,1.0,
5,"LIVING_AREA, RES_FLOOR, NUM_PARKING, median_hh_income, emp_dist_m",16000,4000,0.31837835910507084,0.5948438794559352,-0.6216229860958737,1028755.2580112364,1.0,
5,"BED_RMS, RES_FLOOR, median_hh_income, neighborhood_walkability, emp_dist_m",16000,4000,0.3183685348461145,0.5948481662030854,0.3416714855297317,937966.4090516192,1.0,
6,"YR_BUILT, TT_RMS, RES_FLOOR, median_hh_income, neighborhood_walkability, INT_COND",16000,4000,0.31823061036773115,0.5949083453301927,0.1481987637430039,961761.3139400561,1.0,
6,"LAND_SF, BED_RMS, TT_RMS, median_hh_income, emp_dist_m, INT_COND",16000,4000,0.31815375309201155,0.5949418770103178,-1.0751808511788905,1060114.6581980523,1.0,
6,"LAND_SF, BED_RMS, RES_FLOOR, NUM_PARKING, median_hh_income, INT_COND",16000,4000,0.31803136938108634,0.5949952672930388,0.4125767678874289,934395.1631676748,1.0,
3,"BED_RMS, TT_RMS, RES_FLOOR",16000,4000,0.3178471687151023,0.5950756163882123,-2.533753578207979,1138462.556636995,1.0,
4,"LAND_SF, RES_FLOOR, NUM_PARKING, emp_dist_m",16000,4000,0.31747683843294794,0.5952371231719169,0.08565096256937577,964430.0710767377,1.0,
4,"RES_FLOOR, NUM_PARKING, neighborhood_walkability, INT_COND",16000,4000,0.3174616044678614,0.5952437660021277,0.0432505113874696,967150.2357316307,1.0,
6,"LIVING_AREA, BED_RMS, median_hh_income, neighborhood_walkability, emp_dist_m, INT_COND",16000,4000,0.3173467652452604,0.5952938397098497,-0.2913111297826809,980918.7252173244,1.0,
8,"YR_BUILT, LAND_SF, LIVING_AREA, RES_FLOOR, NUM_PARKING, neighborhood_walkability, emp_dist_m, INT_COND",16000,4000,0.31711934384105045,0.5953929905528249,-0.6780444690444349,1031624.9530468838,1.0,
6,"LAND_SF, LIVING_AREA, TT_RMS, NUM_PARKING, emp_dist_m, INT_COND",16000,4000,0.3170379583203464,0.5954284688786895,-0.8432624971514531,1034669.3477516152,1.0,
6,"YR_BUILT, RES_FLOOR, NUM_PARKING, neighborhood_walkability, emp_dist_m, INT_COND",16000,4000,0.3166565622950186,0.5955947023891663,0.020904334140992242,964020.6150160618,1.0,
5,"LAND_SF, TT_RMS, neighborhood_walkability, emp_dist_m, INT_COND",16000,4000,0.31664654775865864,0.5955990666536203,-0.05967421424782304,958097.9737267711,1.0,
5,"LAND_SF, LIVING_AREA, RES_FLOOR, NUM_PARKING, emp_dist_m",16000,4000,0.3165468536371744,0.5956425109063879,-0.584937474670054,1022527.9303907778,1.0,
6,"YR_BUILT, TT_RMS, RES_FLOOR, NUM_PARKING, median_hh_income, INT_COND",16000,4000,0.3163502278225008,0.5957281863270004,0.14954989113777117,958015.0500072237,1.0,
5,"LIVING_AREA, RES_FLOOR, median_hh_income, neighborhood_walkability, emp_dist_m",16000,4000,0.3163304193802021,0.595736816741584,-0.6252085884184,1028503.7268140209,1.0,
6,"YR_BUILT, BED_RMS, TT_RMS, neighborhood_walkability, emp_dist_m, INT_COND",16000,4000,0.31602866927318485,0.5958682719226989,-0.8429555074159694,1045459.81127942,1.0,
6,"YR_BUILT, LAND_SF, LIVING_AREA, BED_RMS, emp_dist_m, INT_COND",16000,4000,0.31595774546276534,0.5958991651421588,-0.23779840942174957,955836.6899810388,1.0,
6,"LIVING_AREA, BED_RMS, NUM_PARKING, median_hh_income, emp_dist_m, INT_COND",16000,4000,0.31562295717939215,0.5960449716717008,-0.2735408749327468,976756.0940326821,1.0,
10,"YR_BUILT, LAND_SF, LIVING_AREA, BED_RMS, RES_FLOOR, NUM_PARKING, median_hh_income, neighborhood_walkability, emp_dist_m, INT_COND",16000,4000,0.3156012532038309,0.5960544229259985,0.35891586645188644,930729.5215659902,1.0,
8,"YR_BUILT, LIVING_AREA, BED_RMS, TT_RMS, NUM_PARKING, neighborhood_walkability, emp_dist_m, INT_COND",16000,4000,0.31531870440479026,0.5961774484893706,0.08535381905086958,936664.5267191632,1.0,
4,"YR_BUILT, RES_FLOOR, median_hh_income, INT_COND",16000,4000,0.3152581728908821,0.5962038014262575,0.04608975195684528,967748.9230614927,1.0,
8,"YR_BUILT, LAND_SF, LIVING_AREA, TT_RMS, RES_FLOOR, NUM_PARKING, neighborhood_walkability, INT_COND",16000,4000,0.31512688444980863,0.5962609550226416,-0.39742456738834075,1007274.5780542556,1.0,
8,"YR_BUILT, LAND_SF, LIVING_AREA, BED_RMS, TT_RMS, neighborhood_walkability, emp_dist_m, INT_COND",16000,4000,0.3151026138247325,0.5962715201167801,-0.8091095331488012,1028655.7428628295,1.0,
5,"LAND_SF, LIVING_AREA, RES_FLOOR, neighborhood_walkability, emp_dist_m",16000,4000,0.3150402213852369,0.5962986789206097,-0.5892846101041296,1022406.1029875742,1.0,
6,"TT_RMS, RES_FLOOR, NUM_PARKING, median_hh_income, neighborhood_walkability, INT_COND",16000,4000,0.31483290627886906,0.5963889122271853,0.24285943856100178,948707.2883550024,1.0,
4,"YR_BUILT, LIVING_AREA, emp_dist_m, INT_COND",16000,4000,0.31477949936165617,0.5964121552235999,-0.6228343267415621,1017612.5822257111,1.0,
4,"YR_BUILT, BED_RMS, TT_RMS, RES_FLOOR",16000,4000,0.3145545840678228,0.5965100297101205,-2.53095475584531,1158535.1528058765,1.0,
6,"LAND_SF, LIVING_AREA, BED_RMS, neighborhood_walkability, emp_dist_m, INT_COND",16000,4000,0.3144439291377824,0.5965581765868334,-0.24214559813983882,958088.3246876027,1.0,
6,"YR_BUILT, BED_RMS, RES_FLOOR, NUM_PARKING, neighborhood_walkability, INT_COND",16000,4000,0.3144412107364887,0.5965593593368523,0.3251763229935316,945970.63455736,1.0,
6,"LAND_SF, LIVING_AREA, TT_RMS, median_hh_income, emp_dist_m, INT_COND",16000,4000,0.3143388194941079,0.5966039070651795,-0.8272035980566164,1022829.3021710129,1.0,
5,"LAND_SF, TT_RMS, NUM_PARKING, emp_dist_m, INT_COND",16000,4000,0.3142699656484642,0.5966338616865551,-0.09573198156671481,980373.1804218371,1.0,
8,"YR_BUILT, BED_RMS, RES_FLOOR, NUM_PARKING, median_hh_income, neighborhood_walkability, emp_dist_m, INT_COND",16000,4000,0.31393140279956355,0.5967811303805508,0.11514750915511818,966909.622866758,1.0,
5,"LAND_SF, LIVING_AREA, BED_RMS, TT_RMS, RES_FLOOR",16000,4000,0.31377560302470875,0.5968488882462364,-3.2767837859245015,1231959.3410372224,1.0,
8,"YR_BUILT, LIVING_AREA, RES_FLOOR, NUM_PARKING, median_hh_income, neighborhood_walkability, emp_dist_m, INT_COND",16000,4000,0.3137366785098368,0.5968658154526228,0.24683272064315454,930599.5336199343,1.0,
8,"YR_BUILT, LIVING_AREA, BED_RMS, TT_RMS, median_hh_income, neighborhood_walkability, emp_dist_m, INT_COND",16000,4000,0.3136603559275555,0.5968990046617619,0.13552039265947546,921445.7929229595,1.0,
6,"YR_BUILT, RES_FLOOR, NUM_PARKING, median_hh_income, emp_dist_m, INT_COND",16000,4000,0.313636595292485,0.596909336701299,0.0209379425232894,965675.9245155236,1.0,
8,"YR_BUILT, LAND_SF, LIVING_AREA, RES_FLOOR, NUM_PARKING, median_hh_income, emp_dist_m, INT_COND",16000,4000,0.31357938077100755,0.5969342150457329,-0.6776661321460873,1033196.3462192105,1.0,
8,"YR_BUILT, LIVING_AREA, TT_RMS, RES_FLOOR, NUM_PARKING, median_hh_income, neighborhood_walkability, INT_COND",16000,4000,0.31329014519116793,0.5970599662433469,0.6503110555381661,884433.582830766,1.0,
8,"YR_BUILT, LAND_SF, LIVING_AREA, BED_RMS, TT_RMS, RES_FLOOR, neighborhood_walkability, emp_dist_m",16000,4000,0.31324455363516324,0.5970797857063311,-0.1199989659614813,968643.0709987574,1.0,
8,"YR_BUILT, LAND_SF, BED_RMS, TT_RMS, RES_FLOOR, NUM_PARKING, neighborhood_walkability, INT_COND",16000,4000,0.31310502113661887,0.5971404388860335,-0.054668265728756715,965191.2896403742,1.0,
8,"YR_BUILT, LAND_SF, LIVING_AREA, RES_FLOOR, median_hh_income, neighborhood_walkability, emp_dist_m, INT_COND",16000,4000,0.3130670338513548,0.5971569504571486,-0.6795379659636729,1032257.9009758943,1.0,
4,"RES_FLOOR, NUM_PARKING, median_hh_income, INT_COND",16000,4000,0.31291086245083266,0.5972248271947478,0.04388130790892786,969183.0166637648,1.0,
4,"LAND_SF, RES_FLOOR, neighborhood_walkability, emp_dist_m",16000,4000,0.3128235913674585,0.5972627544445873,0.08035135707421182,964927.0161613097,1.0,
8,"YR_BUILT, LAND_SF, LIVING_AREA, TT_RMS, RES_FLOOR, median_hh_income, neighborhood_walkability, INT_COND",16000,4000,0.31273933686404554,0.5972993684302766,-0.4156976746153649,1012086.1517890217,1.0,
6,"YR_BUILT, BED_RMS, TT_RMS, NUM_PARKING, emp_dist_m, INT_COND",16000,4000,0.3124228064833071,0.5974369011325761,-1.3762860746442582,1073096.7013066267,1.0,
4,"BED_RMS, TT_RMS, RES_FLOOR, neighborhood_walkability",16000,4000,0.3123759055260611,0.5974572769427449,-2.5339997158384606,1161421.942148433,1.0,
8,"YR_BUILT, LIVING_AREA, BED_RMS, TT_RMS, RES_FLOOR, NUM_PARKING, neighborhood_walkability, emp_dist_m",16000,4000,0.31231895417576483,0.5974820181454105,0.07993273159487169,943648.101458759,1.0,
6,"LAND_SF, LIVING_AREA, BED_RMS, NUM_PARKING, emp_dist_m, INT_COND",16000,4000,0.3121788135989828,0.5975428946300342,-0.22476199068744784,952765.4346887252,1.0,
8,"YR_BUILT, LAND_SF, LIVING_AREA, BED_RMS, TT_RMS, NUM_PARKING, emp_dist_m, INT_COND",16000,4000,0.3120188377175874,0.597612379908671,-0.8809293484220264,1047277.7496660197,1.0,
8,"LAND_SF, LIVING_AREA, BED_RMS, TT_RMS, NUM_PARKING, neighborhood_walkability, emp_dist_m, INT_COND",16000,4000,0.31187220352155565,0.5976760631509229,-0.8766024184629271,1046054.450512034,1.0,
5,"YR_BUILT, LAND_SF, BED_RMS, emp_dist_m, INT_COND",16000,4000,0.3117763319555725,0.5977176965108598,0.3696423500462511,939034.6592007029,1.0,
8,"YR_BUILT, LAND_SF, BED_RMS, TT_RMS, RES_FLOOR, median_hh_income, neighborhood_walkability, INT_COND",16000,4000,0.3114684751245481,0.5978513673732514,-0.053393222503393734,962952.5752258651,1.0,
8,"LAND_SF, LIVING_AREA, RES_FLOOR, NUM_PARKING, median_hh_income, neighborhood_walkability, emp_dist_m, INT_COND",16000,4000,0.31143649132587936,0.597865252965285,-0.6806168586083363,1032962.5309137504,1.0,
7,"YR_BUILT, LIVING_AREA, TT_RMS, RES_FLOOR, NUM_PARKING, neighborhood_walkability, emp_dist_m",16000,4000,0.31131924383227316,0.5979161525684029,0.6001657146884803,898624.4770438952,1.0,
8,"YR_BUILT, LAND_SF, LIVING_AREA, BED_RMS, TT_RMS, RES_FLOOR, NUM_PARKING, emp_dist_m",16000,4000,0.3111948079802517,0.5979701680499134,-0.15823982023218952,979204.2710698065,1.0,
5,"YR_BUILT, LIVING_AREA, TT_RMS, RES_FLOOR, neighborhood_walkability",16000,4000,0.3111785025612426,0.5979772455927057,-0.7839541670625567,1019416.7103775934,1.0,
6,"YR_BUILT, LIVING_AREA, RES_FLOOR, NUM_PARKING, neighborhood_walkability, INT_COND",16000,4000,0.3111534741533156,0.597988109279844,-0.6319716790708076,1035267.8690570447,1.0,
5,"LAND_SF, LIVING_AREA, RES_FLOOR, median_hh_income, emp_dist_m",16000,4000,0.3111362191770608,0.5979955987608997,-0.5871726029631594,1023559.097489155,1.0,
6,"YR_BUILT, BED_RMS, TT_RMS, median_hh_income, emp_dist_m, INT_COND",16000,4000,0.3111029113540228,0.5980100556763119,-0.8128833317811723,1045299.5574939662,1.0,
4,"LIVING_AREA, NUM_PARKING, emp_dist_m, INT_COND",16000,4000,0.3109134895241755,0.5980922656139331,-0.6257020760575718,1018493.705934172,1.0,
5,"LAND_SF, TT_RMS, median_hh_income, emp_dist_m, INT_COND",16000,4000,0.31088811977325714,0.5981032753434217,-0.05739136857890914,960707.6376491716,1.0,
8,"YR_BUILT, LIVING_AREA, BED_RMS, TT_RMS, NUM_PARKING, median_hh_income, emp_dist_m, INT_COND",16000,4000,0.31085275710251803,0.598118621369565,0.08802328656088887,936410.9786646883,1.0,
7,"YR_BUILT, LAND_SF, LIVING_AREA, TT_RMS, RES_FLOOR, neighborhood_walkability, emp_dist_m",16000,4000,0.3108469939278371,0.598121122326308,-0.547822780526867,1027061.2754132374,1.0,
6,"BED_RMS, TT_RMS, NUM_PARKING, neighborhood_walkability, emp_dist_m, INT_COND",16000,4000,0.3108120445430389,0.5981362885521346,-1.3738982113254004,1071732.0841815476,1.0,
6,"YR_BUILT, BED_RMS, RES_FLOOR, median_hh_income, neighborhood_walkability, INT_COND",16000,4000,0.31080346198671394,0.5981400128789773,0.316350994926636,949003.1634167156,1.0,
8,"YR_BUILT, LAND_SF, LIVING_AREA, BED_RMS, TT_RMS, median_hh_income, emp_dist_m, INT_COND",16000,4000,0.31059030845028746,0.5982325015927227,-0.8084198044948712,1030363.7691368294,1.0,
8,"YR_BUILT, LIVING_AREA, BED_RMS, TT_RMS, RES_FLOOR, median_hh_income, neighborhood_walkability, emp_dist_m",16000,4000,0.3105503775396703,0.5982498262858273,0.07894183307401148,944320.5815881593,1.0,
8,"YR_BUILT, LAND_SF, LIVING_AREA, TT_RMS, RES_FLOOR, NUM_PARKING, median_hh_income, INT_COND",16000,4000,0.3105359078204961,0.5982561040915448,-0.41110835405759794,1011262.629785297,1.0,
8,"LIVING_AREA, BED_RMS, TT_RMS, NUM_PARKING, median_hh_income, neighborhood_walkability, emp_dist_m, INT_COND",16000,4000,0.3104688311631908,0.598285204986108,0.08950456326470457,937647.5363793037,1.0,
8,"LAND_SF, LIVING_AREA, TT_RMS, RES_FLOOR, NUM_PARKING, median_hh_income, neighborhood_walkability, INT_COND",16000,4000,0.3104369472962175,0.5982990371566037,-0.3739892017653752,1004944.9451559066,1.0,
8,"LAND_SF, LIVING_AREA, BED_RMS, TT_RMS, median_hh_income, neighborhood_walkability, emp_dist_m, INT_COND",16000,4000,0.31026116085426125,0.5983752928061978,-0.8083324916061838,1029457.8282349479,1.0,
6,"YR_BUILT, RES_FLOOR, median_hh_income, neighborhood_walkability, emp_dist_m, INT_COND",16000,4000,0.3101940569498387,0.5984043997229092,0.01935905805592264,964898.2176990315,1.0,
8,"LAND_SF, LIVING_AREA, BED_RMS, TT_RMS, RES_FLOOR, NUM_PARKING, neighborhood_walkability, emp_dist_m",16000,4000,0.31011984312894236,0.5984365889806129,-0.1145969297117444,974562.40994315,1.0,
4,"YR_BUILT, LAND_SF, TT_RMS, RES_FLOOR",16000,4000,0.3100618063558138,0.5984617604526291,-0.013229991149619869,962084.4254913116,1.0,
4,"LAND_SF, RES_FLOOR, median_hh_income, emp_dist_m",16000,4000,0.3098275935849051,0.5985633315026742,0.08359424344034383,965572.8849174082,1.0,
8,"YR_BUILT, LAND_SF, LIVING_AREA, BED_RMS, RES_FLOOR, NUM_PARKING, neighborhood_walkability, INT_COND",16000,4000,0.30975620742452337,0.5985942861110788,-0.3659549239611115,1005792.5719094882,1.0,
8,"YR_BUILT, LAND_SF, LIVING_AREA, BED_RMS, TT_RMS, RES_FLOOR, median_hh_income, emp_dist_m",16000,4000,0.3096021866767634,0.5986610674410776,-0.1558324189385023,974114.6753076245,1.0,
7,"YR_BUILT, LAND_SF, LIVING_AREA, TT_RMS, RES_FLOOR, NUM_PARKING, emp_dist_m",16000,4000,0.30944614842916207,0.5987287159362568,-0.5465602866840504,1025671.1412040398,1.0,
6,"YR_BUILT, BED_RMS, RES_FLOOR, NUM_PARKING, median_hh_income, INT_COND",16000,4000,0.3094138204241166,0.5987427303960838,0.3284868703485023,947708.0364766218,1.0,
6,"BED_RMS, TT_RMS, median_hh_income, neighborhood_walkability, emp_dist_m, INT_COND",16000,4000,0.30913442314976536,0.5988638377792257,-0.7603525641931834,1040481.4756676732,1.0,
6,"LAND_SF, LIVING_AREA, BED_RMS, median_hh_income, emp_dist_m, INT_COND",16000,4000,0.3090414970564419,0.5989041120435256,-0.24259904308124658,959113.7661865635,1.0,
8,"YR_BUILT, LAND_SF, BED_RMS, TT_RMS, RES_FLOOR, NUM_PARKING, median_hh_income, INT_COND",16000,4000,0.30873941045385844,0.5990350179788356,-0.05438835448076329,966755.9964205832,1.0,
8,"YR_BUILT, LIVING_AREA, BED_RMS, TT_RMS, RES_FLOOR, NUM_PARKING, median_hh_income, emp_dist_m",16000,4000,0.30871208011637263,0.5990468598714843,0.08302326790921799,944142.0732087402,1.0,
7,"YR_BUILT, LIVING_AREA, TT_RMS, RES_FLOOR, median_hh_income, neighborhood_walkability, emp_dist_m",16000,4000,0.30852107979376653,0.5991296113835272,0.5844998174911024,903178.0974745714,1.0,
8,"LAND_SF, BED_RMS, TT_RMS, RES_FLOOR, NUM_PARKING, median_hh_income, neighborhood_walkability, INT_COND",16000,4000,0.30851700960865447,0.5991313746801112,-0.056542131725774825,966124.5038117573,1.0,
8,"LAND_SF, LIVING_AREA, BED_RMS, TT_RMS, RES_FLOOR, median_hh_income, neighborhood_walkability, emp_dist_m",16000,4000,0.30838748500358326,0.5991874849692349,-0.11290633738836764,970546.4054202454,1.0,
5,"YR_BUILT, LIVING_AREA, BED_RMS, RES_FLOOR, neighborhood_walkability",16000,4000,0.30833343753999265,0.5992108968728738,-0.8273932424351256,1044876.0321634,1.0,
4,"LIVING_AREA, BED_RMS, TT_RMS, emp_dist_m",16000,4000,0.3082490868863038,0.5992474334735249,-3.2661779683489067,1215881.7385258838,1.0,
5,"LAND_SF, BED_RMS, neighborhood_walkability, emp_dist_m, INT_COND",16000,4000,0.3081920366285954,0.5992721436076335,0.3454182026600776,942058.4622013628,1.0,
6,"RES_FLOOR, NUM_PARKING, median_hh_income, neighborhood_walkability, emp_dist_m, INT_COND",16000,4000,0.3081131730639879,0.5993063000449009,0.01892141567420902,966024.6328502557,1.0,
4,"YR_BUILT, RES_FLOOR, NUM_PARKING, emp_dist_m",16000,4000,0.3078946019721275,0.5994009547511954,0.031063888208192947,970271.0517299207,1.0,
4,"LAND_SF, TT_RMS, RES_FLOOR, neighborhood_walkability",16000,4000,0.30789099746482596,0.5994025155989442,-0.0187529332760481,962785.9612891949,1.0,
5,"YR_BUILT, TT_RMS, neighborhood_walkability, emp_dist_m, INT_COND",16000,4000,0.3078193268336994,0.5994335500489614,0.3237101750502758,929415.7229871986,1.0,
7,"LAND_SF, LIVING_AREA, TT_RMS, RES_FLOOR, NUM_PARKING, neighborhood_walkability, emp_dist_m",16000,4000,0.30775492758555023,0.5994614345114917,-0.4865890977181013,1019539.9934656299,1.0,
7,"YR_BUILT, LAND_SF, BED_RMS, TT_RMS, RES_FLOOR, neighborhood_walkability, emp_dist_m",16000,4000,0.30764677545315267,0.5995082607750035,-0.04859263331857333,958098.9752271213,1.0,
6,"BED_RMS, RES_FLOOR, NUM_PARKING, median_hh_income, neighborhood_walkability, INT_COND",16000,4000,0.3076441359138863,0.5995094035616843,0.31188772947702015,949630.4356819928,1.0,
4,"RES_FLOOR, median_hh_income, neighborhood_walkability, INT_COND",16000,4000,0.3076366872120142,0.5995126284602066,0.0404314883290019,968467.4843472161,1.0,
4,"LIVING_AREA, neighborhood_walkability, emp_dist_m, INT_COND",16000,4000,0.3075705209949475,0.5995412742118721,-0.6347539114221117,1019095.4500094104,1.0,
8,"YR_BUILT, LIVING_AREA, BED_RMS, RES_FLOOR, NUM_PARKING, median_hh_income, neighborhood_walkability, INT_COND",16000,4000,0.30756418630379323,0.5995440166573018,0.5169330960721061,913844.21723243,1.0,
5,"YR_BUILT, LIVING_AREA, TT_RMS, RES_FLOOR, NUM_PARKING",16000,4000,0.30754245348605314,0.5995534252395464,-0.808875275304898,1038489.6833410285,1.0,
8,"LIVING_AREA, BED_RMS, TT_RMS, RES_FLOOR, NUM_PARKING, median_hh_income, neighborhood_walkability, emp_dist_m",16000,4000,0.30745543877410264,0.5995910942129244,0.0771927322871565,945200.8217279981,1.0,
4,"BED_RMS, TT_RMS, RES_FLOOR, median_hh_income",16000,4000,0.3074437958994398,0.5995961342746111,-2.534631336660005,1163352.5948188177,1.0,
7,"YR_BUILT, LIVING_AREA, TT_RMS, RES_FLOOR, NUM_PARKING, median_hh_income, emp_dist_m",16000,4000,0.3073964115771993,0.599616645945949,0.5928077133326373,900384.8501903972,1.0,
8,"LAND_SF, LIVING_AREA, BED_RMS, TT_RMS, NUM_PARKING, median_hh_income, emp_dist_m, INT_COND",16000,4000,0.30736160306965776,0.5996317133659403,-0.8737446748716147,1047462.7254089543,1.0,
8,"YR_BUILT, LAND_SF, LIVING_AREA, BED_RMS, RES_FLOOR, median_hh_income, neighborhood_walkability, INT_COND",16000,4000,0.30714509977942217,0.5997254217830241,-0.37165781979761303,1007628.9472714814,1.0,
9,"YR_BUILT, LAND_SF, TT_RMS, RES_FLOOR, NUM_PARKING, median_hh_income, neighborhood_walkability, emp_dist_m, INT_COND",16000,4000,0.30709369301041045,0.5997476698571722,0.21034905322521225,963394.9646321435,1.0,
4,"BED_RMS, TT_RMS, RES_FLOOR, NUM_PARKING",16000,4000,0.30705334590598776,0.5997651308972672,-2.5317101320460362,1163326.8013838744,1.0,
7,"YR_BUILT, LAND_SF, LIVING_AREA, TT_RMS, RES_FLOOR, median_hh_income, emp_dist_m",16000,4000,0.30687780360059025,0.5998410945274829,-0.5693639980169591,1030857.1875786562,1.0,
5,"LIVING_AREA, TT_RMS, RES_FLOOR, NUM_PARKING, neighborhood_walkability",16000,4000,0.3068505961060919,0.599852867352831,-0.8083306610344709,1038026.4747795777,1.0,
4,"YR_BUILT, LAND_SF, BED_RMS, RES_FLOOR",16000,4000,0.3066205796717253,0.5999523874362648,0.04376806233255104,974253.0674510065,1.0,
5,"LAND_SF, BED_RMS, NUM_PARKING, emp_dist_m, INT_COND",16000,4000,0.30658223730376466,0.5999689752354698,0.37107880555635875,935753.5903888973,1.0,
8,"LAND_SF, LIVING_AREA, BED_RMS, TT_RMS, RES_FLOOR, NUM_PARKING, median_hh_income, emp_dist_m",16000,4000,0.3064787815018677,0.6000137303310157,-0.14892599783114657,979330.0188747741,1.0,
6,"YR_BUILT, LIVING_AREA, RES_FLOOR, median_hh_income, neighborhood_walkability, INT_COND",16000,4000,0.306043762319104,0.6002018835965037,-0.6342126527968701,1036128.8427095477,1.0,
7,"YR_BUILT, LIVING_AREA, BED_RMS, RES_FLOOR, NUM_PARKING, neighborhood_walkability, emp_dist_m",16000,4000,0.3059697914999172,0.6002338713786914,0.5434458181952688,911831.8513318856,1.0,
6,"YR_BUILT, LIVING_AREA, BED_RMS, TT_RMS, RES_FLOOR, neighborhood_walkability",16000,4000,0.30594438683073266,0.6002448569260121,-0.8689370064613038,1087819.4006459704,1.0,
6,"YR_BUILT, LAND_SF, TT_RMS, RES_FLOOR, neighborhood_walkability, emp_dist_m",16000,4000,0.3059054709192588,0.6002616846469059,0.4769123057853234,910894.5875299653,1.0,
6,"BED_RMS, TT_RMS, NUM_PARKING, median_hh_income, emp_dist_m, INT_COND",16000,4000,0.30588962827206945,0.6002685350681587,-1.372911611299838,1073180.615664797,1.0,
10,"YR_BUILT, LAND_SF, LIVING_AREA, BED_RMS, TT_RMS, RES_FLOOR, NUM_PARKING, median_hh_income, neighborhood_walkability, INT_COND",16000,4000,0.3058696627374192,0.60027716813038,0.1003823036277135,943612.9434117529,1.0,
5,"YR_BUILT, TT_RMS, NUM_PARKING, emp_dist_m, INT_COND",16000,4000,0.30572436903717604,0.6003399891329628,0.29583489422392995,942330.4572801852,1.0,
7,"YR_BUILT, LAND_SF, BED_RMS, TT_RMS, RES_FLOOR, NUM_PARKING, emp_dist_m",16000,4000,0.3057202943273375,0.6003417508307396,-0.0551250199080946,967377.4620799314,1.0,
6,"YR_BUILT, LIVING_AREA, RES_FLOOR, NUM_PARKING, median_hh_income, INT_COND",16000,4000,0.3056843665857012,0.6003572839394492,-0.6307086886051876,1037549.399566639,1.0,
7,"YR_BUILT, LAND_SF, LIVING_AREA, BED_RMS, RES_FLOOR, neighborhood_walkability, emp_dist_m",16000,4000,0.3056292633982324,0.600381106637681,-0.3419097520272685,1001559.77612249,1.0,
7,"LIVING_AREA, TT_RMS, RES_FLOOR, NUM_PARKING, median_hh_income, neighborhood_walkability, emp_dist_m",16000,4000,0.30546789899029214,0.6004508636917147,0.613881637505363,897732.4017716096,1.0,
5,"YR_BUILT, LIVING_AREA, TT_RMS, RES_FLOOR, median_hh_income",16000,4000,0.3053020339501643,0.600522557902126,-0.784745274348768,1021664.8630906737,1.0,
8,"YR_BUILT, LAND_SF, LIVING_AREA, BED_RMS, RES_FLOOR, NUM_PARKING, median_hh_income, INT_COND",16000,4000,0.30519204878823636,0.6005700936370718,-0.363462172938511,1007271.5952781416,1.0,
5,"YR_BUILT, LIVING_AREA, BED_RMS, RES_FLOOR, NUM_PARKING",16000,4000,0.305188129447436,0.6005717875120108,-0.8104263885842529,1040446.0244065356,1.0,
6,"YR_BUILT, LAND_SF, TT_RMS, RES_FLOOR, NUM_PARKING, emp_dist_m",16000,4000,0.30502060195576763,0.6006441856858301,0.4895340824343761,908921.6618951941,1.0,
7,"LAND_SF, LIVING_AREA, TT_RMS, RES_FLOOR, median_hh_income, neighborhood_walkability, emp_dist_m",16000,4000,0.3050040693569839,0.6006513298906123,-0.507602215410166,1024665.0675352343,1.0,
8,"LAND_SF, LIVING_AREA, BED_RMS, RES_FLOOR, NUM_PARKING, median_hh_income, neighborhood_walkability, INT_COND",16000,4000,0.30496433164834647,0.600668501333865,-0.37552885864302565,1008539.9510017355,1.0,
7,"YR_BUILT, LAND_SF, LIVING_AREA, BED_RMS, RES_FLOOR, NUM_PARKING, emp_dist_m",16000,4000,0.30447879595192107,0.6008782712031715,-0.3334780004364326,1000618.3613202731,1.0,
2,"emp_dist_m, INT_COND",16000,4000,0.30436100477585504,0.6009291504297072,0.011141558434428322,955340.2834228952,1.0,
5,"LIVING_AREA, TT_RMS, RES_FLOOR, median_hh_income, neighborhood_walkability",16000,4000,0.30425245030621384,0.6009760360995299,-0.7875654007814248,1023101.2037891955,1.0,
5,"LIVING_AREA, BED_RMS, RES_FLOOR, NUM_PARKING, neighborhood_walkability",16000,4000,0.3042439091008762,0.600979724969132,-0.814394458804367,1041513.875141301,1.0,
4,"LAND_SF, TT_RMS, RES_FLOOR, NUM_PARKING",16000,4000,0.30422718064300824,0.6009869497737084,-0.1116201582822891,991532.6622929358,1.0,
6,"LIVING_AREA, RES_FLOOR, NUM_PARKING, median_hh_income, neighborhood_walkability, INT_COND",16000,4000,0.30415662510448493,0.6010174208425565,-0.637553848967646,1037284.8863533456,1.0,
7,"YR_BUILT, LIVING_AREA, TT_RMS, NUM_PARKING, neighborhood_walkability, emp_dist_m, INT_COND",16000,4000,0.30407128732376,0.6010542739062565,0.3950282242847011,919774.9446674638,1.0,
4,"LAND_SF, BED_RMS, RES_FLOOR, neighborhood_walkability",16000,4000,0.3040554536454273,0.6010611114211694,0.19356920003933287,963144.5241184643,1.0,
6,"YR_BUILT, LAND_SF, LIVING_AREA, RES_FLOOR, neighborhood_walkability, INT_COND",16000,4000,0.3039903253361669,0.6010892351979477,-0.6012981645553284,1030372.1210427234,1.0,
7,"LAND_SF, BED_RMS, TT_RMS, RES_FLOOR, NUM_PARKING, neighborhood_walkability, emp_dist_m",16000,4000,0.3039056331628003,0.6011258050956261,-0.05669312152482964,967658.291115046,1.0,
7,"YR_BUILT, LAND_SF, BED_RMS, TT_RMS, RES_FLOOR, median_hh_income, emp_dist_m",16000,4000,0.3039029510724579,0.6011269631801044,-0.04879067498069101,959955.9812243364,1.0,
7,"LAND_SF, LIVING_AREA, TT_RMS, RES_FLOOR, NUM_PARKING, median_hh_income, emp_dist_m",16000,4000,0.3037874421808505,0.601176835988129,-0.5054093172444678,1023206.4252256294,1.0,
6,"YR_BUILT, LAND_SF, LIVING_AREA, RES_FLOOR, NUM_PARKING, INT_COND",16000,4000,0.30308962212983304,0.6014780429814751,-0.5970627707371468,1031702.4163941052,1.0,
7,"YR_BUILT, LAND_SF, BED_RMS, TT_RMS, neighborhood_walkability, emp_dist_m, INT_COND",16000,4000,0.30300634195946374,0.6015139799535089,-0.07927016355009497,975884.7883222842,1.0,
7,"YR_BUILT, LAND_SF, TT_RMS, RES_FLOOR, NUM_PARKING, neighborhood_walkability, INT_COND",16000,4000,0.30300625115201396,0.6015140191374728,0.480785214829063,917352.5678752181,1.0,
4,"YR_BUILT, RES_FLOOR, neighborhood_walkability, emp_dist_m",16000,4000,0.3029597305929671,0.6015340927045472,0.028821696651755824,970010.9338404064,1.0,
7,"YR_BUILT, LIVING_AREA, BED_RMS, RES_FLOOR, median_hh_income, neighborhood_walkability, emp_dist_m",16000,4000,0.3029480674020725,0.601539125252818,0.5381481888149731,913566.5025269398,1.0,
7,"LAND_SF, LIVING_AREA, BED_RMS, RES_FLOOR, NUM_PARKING, neighborhood_walkability, emp_dist_m",16000,4000,0.3026588184926978,0.601663919748985,-0.3452848439354992,1003138.8079974185,1.0,
5,"LAND_SF, BED_RMS, median_hh_income, emp_dist_m, INT_COND",16000,4000,0.3025157387468349,0.60172564097506,0.3523377815658614,943518.405550279,1.0,
5,"YR_BUILT, LIVING_AREA, BED_RMS, RES_FLOOR, median_hh_income",16000,4000,0.3025095321952447,0.6017283181916893,-0.8287199699592738,1047586.3638180139,1.0,
5,"TT_RMS, NUM_PARKING, neighborhood_walkability, emp_dist_m, INT_COND",16000,4000,0.30236663216914983,0.6017899552982835,0.37333378260727457,930473.4018388989,1.0,
8,"YR_BUILT, BED_RMS, TT_RMS, RES_FLOOR, NUM_PARKING, median_hh_income, neighborhood_walkability, INT_COND",16000,4000,0.30227246729030066,0.6018305680103219,-0.0658230746777182,964551.7268758068,1.0,
4,"LIVING_AREA, median_hh_income, emp_dist_m, INT_COND",16000,4000,0.3022211078787469,0.6018527178421605,-0.632654474908318,1021166.1846328883,1.0,
5,"YR_BUILT, TT_RMS, median_hh_income, emp_dist_m, INT_COND",16000,4000,0.3021976491190268,0.6018628346569505,0.2947924050698951,935937.3481464143,1.0,
6,"LAND_SF, TT_RMS, RES_FLOOR, NUM_PARKING, neighborhood_walkability, emp_dist_m",16000,4000,0.3021597556247817,0.6018791762300457,0.4870671730325635,907452.381697322,1.0,
7,"YR_BUILT, LIVING_AREA, BED_RMS, RES_FLOOR, NUM_PARKING, median_hh_income, emp_dist_m",16000,4000,0.302073777237869,0.6019162527724665,0.5479628284740579,911315.6451339906,1.0,
6,"LAND_SF, LIVING_AREA, RES_FLOOR, NUM_PARKING, neighborhood_walkability, INT_COND",16000,4000,0.30202697246547583,0.6019364354794464,-0.6058354144941105,1031653.97536966,1.0,
7,"LAND_SF, BED_RMS, TT_RMS, RES_FLOOR, median_hh_income, neighborhood_walkability, emp_dist_m",16000,4000,0.30190577650792627,0.6019886932983186,-0.05157061379005645,961522.0850427785,1.0,
6,"YR_BUILT, LAND_SF, TT_RMS, RES_FLOOR, median_hh_income, emp_dist_m",16000,4000,0.30188251993727133,0.6019987206524408,0.4760427821398907,913888.8571765741,1.0,
7,"YR_BUILT, LAND_SF, LIVING_AREA, BED_RMS, RES_FLOOR, median_hh_income, emp_dist_m",16000,4000,0.30168689106401103,0.6020830618167741,-0.33954010434770265,1002497.5488477518,1.0,
6,"YR_BUILT, LIVING_AREA, BED_RMS, TT_RMS, RES_FLOOR, NUM_PARKING",16000,4000,0.30168206684853827,0.6020851415238345,-1.6227959622381327,1133582.0302896958,1.0,
4,"LAND_SF, TT_RMS, RES_FLOOR, median_hh_income",16000,4000,0.3016762706570085,0.6020876402378088,-0.016382632341501502,964477.0120762772,1.0,
6,"LIVING_AREA, BED_RMS, TT_RMS, RES_FLOOR, NUM_PARKING, neighborhood_walkability",16000,4000,0.3015925011917089,0.6021237517467634,-1.56035013791432,1125857.6621131548,1.0,
7,"YR_BUILT, LAND_SF, LIVING_AREA, TT_RMS, neighborhood_walkability, emp_dist_m, INT_COND",16000,4000,0.3015439413508234,0.6021446840287067,-0.3279618710717007,994873.0347204247,1.0,
5,"LIVING_AREA, BED_RMS, RES_FLOOR, median_hh_income, neighborhood_walkability",16000,4000,0.3012075855846955,0.6022896541067684,-0.8324731820592444,1048542.5124728828,1.0,
7,"YR_BUILT, LIVING_AREA, TT_RMS, median_hh_income, neighborhood_walkability, emp_dist_m, INT_COND",16000,4000,0.30116325355034923,0.6023087587089473,0.3776522315689528,927040.9899341128,1.0,
4,"LAND_SF, BED_RMS, RES_FLOOR, NUM_PARKING",16000,4000,0.30115841960897327,0.6023108418279374,0.19641739492012333,958055.7850623884,1.0,
5,"LIVING_AREA, TT_RMS, RES_FLOOR, NUM_PARKING, median_hh_income",16000,4000,0.3009774691432061,0.602388814702095,-0.8073613420549983,1039880.5837668387,1.0,
6,"YR_BUILT, LIVING_AREA, BED_RMS, TT_RMS, RES_FLOOR, median_hh_income",16000,4000,0.3007906958701926,0.602469286082582,-0.8743621911100905,1091986.28510034,1.0,
5,"YR_BUILT, LAND_SF, LIVING_AREA, TT_RMS, RES_FLOOR",16000,4000,0.30051672903609716,0.6025873054201852,-0.7825554054754047,1022830.8285765259,1.0,
6,"LIVING_AREA, BED_RMS, TT_RMS, RES_FLOOR, median_hh_income, neighborhood_walkability",16000,4000,0.3004527091967041,0.6026148805327417,-0.7788649648066499,1081779.403471661,1.0,
4,"YR_BUILT, LIVING_AREA, TT_RMS, emp_dist_m",16000,4000,0.30021888834633015,0.6027155829109028,-1.0124098545696172,1063030.5005928995,1.0,
7,"LAND_SF, BED_RMS, TT_RMS, RES_FLOOR, NUM_PARKING, median_hh_income, emp_dist_m",16000,4000,0.3001635137046528,0.6027394292956163,-0.056240937137995495,968724.0324299408,1.0,
7,"YR_BUILT, LAND_SF, TT_RMS, RES_FLOOR, median_hh_income, neighborhood_walkability, INT_COND",16000,4000,0.3001278929561877,0.6027547684189897,0.46885516606138455,920776.1307732188,1.0,
4,"YR_BUILT, RES_FLOOR, median_hh_income, emp_dist_m",16000,4000,0.30010048308114234,0.602766571483407,0.029069781384119753,971280.5857381558,1.0,
7,"LIVING_AREA, BED_RMS, RES_FLOOR, NUM_PARKING, median_hh_income, neighborhood_walkability, emp_dist_m",16000,4000,0.3000165080353502,0.6028027308398735,0.5332697190015179,915454.4302574721,1.0,
5,"LAND_SF, LIVING_AREA, TT_RMS, RES_FLOOR, neighborhood_walkability",16000,4000,0.29993223720900586,0.6028390153780202,-0.7845340894097959,1022790.2566535571,1.0,
9,"YR_BUILT, LAND_SF, BED_RMS, RES_FLOOR, NUM_PARKING, median_hh_income, neighborhood_walkability, emp_dist_m, INT_COND",16000,4000,0.2997671163065161,0.6029101052486726,0.10028940003086073,976875.7267088487,1.0,
4,"YR_BUILT, TT_RMS, RES_FLOOR, neighborhood_walkability",16000,4000,0.2997207319927503,0.6029300736827767,-0.05575304288410443,962384.8408961212,1.0,
7,"LAND_SF, LIVING_AREA, BED_RMS, RES_FLOOR, median_hh_income, neighborhood_walkability, emp_dist_m",16000,4000,0.29968440020479337,0.6029457140454672,-0.35116662186551384,1005045.5135641705,1.0,
7,"YR_BUILT, LAND_SF, BED_RMS, TT_RMS, NUM_PARKING, emp_dist_m, INT_COND",16000,4000,0.2996665105712022,0.6029534151512388,-0.20632421270177503,1000081.4501215682,1.0,
4,"RES_FLOOR, NUM_PARKING, neighborhood_walkability, emp_dist_m",16000,4000,0.2992965020846783,0.6031126738646264,0.027783336366871025,972506.9558441684,1.0,
6,"YR_BUILT, LAND_SF, LIVING_AREA, BED_RMS, TT_RMS, RES_FLOOR",16000,4000,0.2990913862782595,0.6032009415063231,-1.9258056714692358,1171336.4851747968,1.0,
6,"LAND_SF, LIVING_AREA, BED_RMS, TT_RMS, RES_FLOOR, neighborhood_walkability",16000,4000,0.2990763800331454,0.6032073986482069,-1.854759117726382,1166124.3128281063,1.0,
7,"LAND_SF, BED_RMS, TT_RMS, NUM_PARKING, neighborhood_walkability, emp_dist_m, INT_COND",16000,4000,0.2989251663291851,0.6032724615904939,-0.19816715412526675,998719.679395182,1.0,
7,"YR_BUILT, LAND_SF, LIVING_AREA, TT_RMS, NUM_PARKING, emp_dist_m, INT_COND",16000,4000,0.29891955845505835,0.6032748743637821,-0.31840836706372255,991203.3207180318,1.0,
7,"YR_BUILT, LIVING_AREA, TT_RMS, NUM_PARKING, median_hh_income, emp_dist_m, INT_COND",16000,4000,0.29891477862189764,0.6032769308669762,0.34058198964261854,928886.3004565734,1.0,
6,"LAND_SF, TT_RMS, RES_FLOOR, median_hh_income, neighborhood_walkability, emp_dist_m",16000,4000,0.29877325258962606,0.6033378186730487,0.4742668340666719,911067.1430060065,1.0,
6,"YR_BUILT, LAND_SF, BED_RMS, RES_FLOOR, neighborhood_walkability, emp_dist_m",16000,4000,0.2987297850785524,0.6033565181785988,0.24839256685964994,965044.5883106249,1.0,
7,"LAND_SF, LIVING_AREA, BED_RMS, RES_FLOOR, NUM_PARKING, median_hh_income, emp_dist_m",16000,4000,0.29871815108102373,0.6033615229677509,-0.3428749933812456,1004038.1925334694,1.0,
5,"YR_BUILT, BED_RMS, neighborhood_walkability, emp_dist_m, INT_COND",16000,4000,0.298588952032657,0.6034170998692725,0.23554821991550745,956261.5487795913,1.0,
5,"YR_BUILT, LAND_SF, BED_RMS, TT_RMS, RES_FLOOR",16000,4000,0.29845227582930645,0.6034758876095276,-1.9446666565259552,1155167.5770900396,1.0,
6,"YR_BUILT, LAND_SF, LIVING_AREA, RES_FLOOR, median_hh_income, INT_COND",16000,4000,0.29843035594709344,0.603485315348078,-0.5994180818440886,1032523.8681309428,1.0,
5,"LIVING_AREA, BED_RMS, RES_FLOOR, NUM_PARKING, median_hh_income",16000,4000,0.2984233454043207,0.6034883305505478,-0.8157319492477251,1044144.0228232149,1.0,
5,"YR_BUILT, LAND_SF, LIVING_AREA, BED_RMS, RES_FLOOR",16000,4000,0.29842057973087255,0.603489520049939,-0.8179616273094701,1041818.43091679,1.0,
7,"YR_BUILT, BED_RMS, TT_RMS, RES_FLOOR, NUM_PARKING, neighborhood_walkability, emp_dist_m",16000,4000,0.298372209196219,0.603510323544718,-0.06331494246518155,965211.1786263699,1.0,
7,"LAND_SF, LIVING_AREA, TT_RMS, NUM_PARKING, neighborhood_walkability, emp_dist_m, INT_COND",16000,4000,0.29834623020541207,0.6035214964516522,-0.29225805086671097,984806.540673969,1.0,
7,"YR_BUILT, LAND_SF, RES_FLOOR, NUM_PARKING, neighborhood_walkability, emp_dist_m, INT_COND",16000,4000,0.2983001173184777,0.6035413279287215,0.03476123201496384,974709.7440334094,1.0,
5,"TT_RMS, median_hh_income, neighborhood_walkability, emp_dist_m, INT_COND",16000,4000,0.29828096496351764,0.6035495644691263,0.3724722391501548,926152.1652762225,1.0,
6,"YR_BUILT, LAND_SF, BED_RMS, RES_FLOOR, NUM_PARKING, emp_dist_m",16000,4000,0.29818570846411174,0.6035905282059597,0.25716920627426043,964247.3975879641,1.0,
4,"YR_BUILT, LIVING_AREA, BED_RMS, emp_dist_m",16000,4000,0.29815947022145894,0.6036018111100788,-0.7934332673388014,1026283.1120260437,1.0,
6,"LAND_SF, TT_RMS, RES_FLOOR, NUM_PARKING, median_hh_income, emp_dist_m",16000,4000,0.2981391252318166,0.6036105596669661,0.4869618027410365,908368.4813929013,1.0,
7,"YR_BUILT, LAND_SF, BED_RMS, TT_RMS, median_hh_income, emp_dist_m, INT_COND",16000,4000,0.2980934828643951,0.6036301858977816,-0.0769877151061864,977527.5389106085,1.0,
7,"LIVING_AREA, TT_RMS, NUM_PARKING, median_hh_income, neighborhood_walkability, emp_dist_m, INT_COND",16000,4000,0.2980184699438768,0.6036624400885774,0.40770110528493675,917409.244818717,1.0,
3,"LAND_SF, TT_RMS, emp_dist_m",16000,4000,0.2979926420041996,0.6036735452338058,-1.1483703489705799,1052060.9675081612,1.0,
7,"YR_BUILT, LAND_SF, TT_RMS, RES_FLOOR, NUM_PARKING, median_hh_income, INT_COND",16000,4000,0.2979863117378202,0.6036762670042326,0.4820408774062609,918416.9756446262,1.0,
4,"LAND_SF, BED_RMS, RES_FLOOR, median_hh_income",16000,4000,0.297922856941251,0.6037035494417233,0.15059253811268625,969430.0837227368,1.0,
5,"LAND_SF, BED_RMS, TT_RMS, RES_FLOOR, neighborhood_walkability",16000,4000,0.2976258409732013,0.6038312352918909,-1.8942580770472022,1152248.864452753,1.0,
9,"YR_BUILT, LAND_SF, LIVING_AREA, BED_RMS, TT_RMS, NUM_PARKING, neighborhood_walkability, emp_dist_m, INT_COND",16000,4000,0.29762064016110956,0.6038334708574624,-0.29884576253047035,997437.9497596568,1.0,
5,"LAND_SF, LIVING_AREA, BED_RMS, RES_FLOOR, neighborhood_walkability",16000,4000,0.29758372493718266,0.6038493386037181,-0.8218000424398129,1042867.3214266069,1.0,
4,"LIVING_AREA, TT_RMS, neighborhood_walkability, emp_dist_m",16000,4000,0.2975534088545895,0.6038623694442276,-0.9922414760752238,1062081.9903875173,1.0,
7,"YR_BUILT, LIVING_AREA, BED_RMS, NUM_PARKING, neighborhood_walkability, emp_dist_m, INT_COND",16000,4000,0.2973329741911874,0.6039571109936106,0.16186829290378701,975525.6691234303,1.0,
7,"LAND_SF, TT_RMS, RES_FLOOR, NUM_PARKING, median_hh_income, neighborhood_walkability, INT_COND",16000,4000,0.2973098566601341,0.6039670459143632,0.4736599689523394,921694.1168069937,1.0,
5,"YR_BUILT, BED_RMS, NUM_PARKING, emp_dist_m, INT_COND",16000,4000,0.29726077702149745,0.6039881376907767,0.25620439256592686,951782.764393371,1.0,
7,"LAND_SF, BED_RMS, TT_RMS, median_hh_income, neighborhood_walkability, emp_dist_m, INT_COND",16000,4000,0.29710371760571896,0.6040556283908916,-0.07680417858132871,976615.5366045784,1.0,
6,"LAND_SF, LIVING_AREA, RES_FLOOR, median_hh_income, neighborhood_walkability, INT_COND",16000,4000,0.2970099800187471,0.6040959051932863,-0.6081360353063032,1032542.0113279911,1.0,
5,"TT_RMS, NUM_PARKING, median_hh_income, emp_dist_m, INT_COND",16000,4000,0.296750175779778,0.6042075228367971,0.3531119710832311,935267.742906215,1.0,
6,"LAND_SF, LIVING_AREA, RES_FLOOR, NUM_PARKING, median_hh_income, INT_COND",16000,4000,0.296470344724595,0.604327721382799,-0.6040721596626693,1033816.9032838225,1.0,
4,"RES_FLOOR, NUM_PARKING, median_hh_income, emp_dist_m",16000,4000,0.29644247589815453,0.6043396908409934,0.027997752599033032,973612.8411914998,1.0,
6,"LIVING_AREA, BED_RMS, TT_RMS, RES_FLOOR, NUM_PARKING, median_hh_income",16000,4000,0.2964411308201914,0.6043402685361953,-1.5838038497565505,1131205.9697438525,1.0,
4,"YR_BUILT, TT_RMS, RES_FLOOR, NUM_PARKING",16000,4000,0.29633853948460387,0.6043843286838262,-0.10845649254125012,987900.5433247827,1.0,
7,"YR_BUILT, BED_RMS, TT_RMS, RES_FLOOR, median_hh_income, neighborhood_walkability, emp_dist_m",16000,4000,0.2963250467314048,0.604390123209994,-0.06341590100259453,964711.0799481556,1.0,
7,"YR_BUILT, LAND_SF, LIVING_AREA, TT_RMS, median_hh_income, emp_dist_m, INT_COND",16000,4000,0.2963243341618368,0.6043904292247938,-0.33891872880026264,999331.8806501081,1.0,
5,"LAND_SF, LIVING_AREA, TT_RMS, RES_FLOOR, NUM_PARKING",16000,4000,0.2961159485730669,0.6044799142947952,-0.8294167305632014,1043852.0367622509,1.0,
9,"YR_BUILT, LAND_SF, LIVING_AREA, BED_RMS, TT_RMS, median_hh_income, neighborhood_walkability, emp_dist_m, INT_COND",16000,4000,0.2959817230580245,0.6045375464857744,-0.3037195471284695,1001967.6643083408,1.0,
7,"YR_BUILT, LAND_SF, BED_RMS, RES_FLOOR, NUM_PARKING, neighborhood_walkability, INT_COND",16000,4000,0.29565380088201154,0.6046783227944781,0.22908409928702478,970542.3341055354,1.0,
6,"YR_BUILT, TT_RMS, RES_FLOOR, NUM_PARKING, neighborhood_walkability, emp_dist_m",16000,4000,0.2955700504784009,0.6047142714148731,0.4497128363156616,924058.4747077113,1.0,
7,"LAND_SF, LIVING_AREA, TT_RMS, median_hh_income, neighborhood_walkability, emp_dist_m, INT_COND",16000,4000,0.2955025848955313,0.604743228463079,-0.31153523722216825,992763.0036123492,1.0,
3,"LAND_SF, BED_RMS, emp_dist_m",16000,4000,0.2954156680511919,0.6047805321854318,0.4953123476750336,906165.8044660378,1.0,
6,"LAND_SF, BED_RMS, RES_FLOOR, NUM_PARKING, neighborhood_walkability, emp_dist_m",16000,4000,0.295149610072988,0.6048947069486469,0.24486209130956538,966111.527189415,1.0,
5,"YR_BUILT, LIVING_AREA, BED_RMS, TT_RMS, emp_dist_m",16000,4000,0.29511780018665357,0.6049083562386655,-3.1700359186806626,1242705.0911145103,1.0,
4,"YR_BUILT, BED_RMS, RES_FLOOR, neighborhood_walkability",16000,4000,0.29510932450237226,0.604911993014311,0.46214866503184837,928333.4696404604,1.0,
4,"LIVING_AREA, BED_RMS, neighborhood_walkability, emp_dist_m",16000,4000,0.29509967359440814,0.6049161340323381,-0.7979034621482288,1028495.3787438828,1.0,
7,"YR_BUILT, LAND_SF, LIVING_AREA, BED_RMS, neighborhood_walkability, emp_dist_m, INT_COND",16000,4000,0.2949849162275514,0.6049653720274234,-0.42763056230381213,1015975.2601471181,1.0,
9,"YR_BUILT, LIVING_AREA, BED_RMS, TT_RMS, NUM_PARKING, median_hh_income, neighborhood_walkability, emp_dist_m, INT_COND",16000,4000,0.294926113281324,0.6049906005688538,0.3341719105362997,929661.6349588686,1.0,
6,"YR_BUILT, LAND_SF, BED_RMS, RES_FLOOR, median_hh_income, emp_dist_m",16000,4000,0.29474333636484973,0.6050690116071514,0.2514493098247105,966235.2789403159,1.0,
7,"YR_BUILT, LAND_SF, RES_FLOOR, NUM_PARKING, median_hh_income, emp_dist_m, INT_COND",16000,4000,0.29471072413773425,0.6050830011381494,0.0355150182176075,976361.2656574858,1.0,
6,"LAND_SF, LIVING_AREA, BED_RMS, TT_RMS, RES_FLOOR, NUM_PARKING",16000,4000,0.2946888936893193,0.6050923654738072,-2.3913852211595326,1194800.5192617476,1.0,
7,"YR_BUILT, BED_RMS, TT_RMS, RES_FLOOR, NUM_PARKING, median_hh_income, emp_dist_m",16000,4000,0.29467474288769735,0.6050984354895793,-0.06351404235294389,966467.9112495709,1.0,
5,"LAND_SF, LIVING_AREA, BED_RMS, RES_FLOOR, NUM_PARKING",16000,4000,0.2942581772838765,0.605277094899844,-0.8045145261155406,1037323.2902480502,1.0,
7,"YR_BUILT, LIVING_AREA, BED_RMS, median_hh_income, neighborhood_walkability, emp_dist_m, INT_COND",16000,4000,0.2941206503370113,0.6053360667882,0.15199429880000415,978578.4601917672,1.0,
7,"LAND_SF, BED_RMS, TT_RMS, NUM_PARKING, median_hh_income, emp_dist_m, INT_COND",16000,4000,0.29401462782313914,0.6053815255778868,-0.19185329637682402,999942.3789614114,1.0,
4,"TT_RMS, RES_FLOOR, NUM_PARKING, neighborhood_walkability",16000,4000,0.2939999719172567,0.6053878092552584,-0.10513584968725942,987482.7842015319,1.0,
5,"LIVING_AREA, BED_RMS, TT_RMS, neighborhood_walkability, emp_dist_m",16000,4000,0.2939747761460667,0.6053986117170357,-3.083941891855474,1238762.8760486231,1.0,
5,"LAND_SF, LIVING_AREA, TT_RMS, RES_FLOOR, median_hh_income",16000,4000,0.29396824842466107,0.6054014103878258,-0.7849441230348357,1024800.9603003039,1.0,
6,"LAND_SF, LIVING_AREA, BED_RMS, TT_RMS, RES_FLOOR, median_hh_income",16000,4000,0.29386191117450355,0.6054469991997137,-1.8228086324565012,1165682.7133451472,1.0,
4,"LIVING_AREA, TT_RMS, NUM_PARKING, emp_dist_m",16000,4000,0.29364908118508226,0.6055382331754348,-1.8103513059499288,1124568.130578402,1.0,
4,"YR_BUILT, TT_RMS, RES_FLOOR, median_hh_income",16000,4000,0.293642755455662,0.6055409446198023,-0.05663562970367941,964762.3138229017,1.0,
9,"YR_BUILT, LAND_SF, LIVING_AREA, TT_RMS, RES_FLOOR, NUM_PARKING, median_hh_income, neighborhood_walkability, INT_COND",16000,4000,0.29358826370878,0.6055643013191031,0.2831749122246705,954923.6583544887,1.0,
5,"BED_RMS, NUM_PARKING, neighborhood_walkability, emp_dist_m, INT_COND",16000,4000,0.293508723018161,0.6055983930848989,0.23950396489436532,953588.3749373389,1.0,
9,"YR_BUILT, LAND_SF, LIVING_AREA, BED_RMS, TT_RMS, NUM_PARKING, median_hh_income, emp_dist_m, INT_COND",16000,4000,0.29336204020400414,0.6056612574606656,-0.3487577154446566,1003265.3714688562,1.0,
9,"LAND_SF, LIVING_AREA, BED_RMS, TT_RMS, NUM_PARKING, median_hh_income, neighborhood_walkability, emp_dist_m, INT_COND",16000,4000,0.29328029465348926,0.6056962886109536,-0.28741699940267407,996919.8321356367,1.0,
7,"YR_BUILT, LAND_SF, RES_FLOOR, median_hh_income, neighborhood_walkability, emp_dist_m, INT_COND",16000,4000,0.2931558325172987,0.6057496215904721,0.033468536932020676,975357.9135009875,1.0,
9,"YR_BUILT, LAND_SF, LIVING_AREA, RES_FLOOR, NUM_PARKING, median_hh_income, neighborhood_walkability, emp_dist_m, INT_COND",16000,4000,0.29314763546287503,0.6057531339263222,-0.14347717473525678,1003895.5047265845,1.0,
3,"LAND_SF, LIVING_AREA, RES_FLOOR",16000,4000,0.2931391882463553,0.6057567534322115,-0.6513210246799932,1035857.4793024688,1.0,
7,"LAND_SF, LIVING_AREA, TT_RMS, NUM_PARKING, median_hh_income, emp_dist_m, INT_COND",16000,4000,0.29312894360544783,0.6057611430785378,-0.3011365766228713,989132.9604036742,1.0,
5,"YR_BUILT, BED_RMS, median_hh_income, emp_dist_m, INT_COND",16000,4000,0.2930494044216253,0.605795223121259,0.23845434790583686,958519.6135011265,1.0,
5,"LAND_SF, BED_RMS, TT_RMS, RES_FLOOR, NUM_PARKING",16000,4000,0.2927793065080675,0.6059109372894387,-1.863782538730979,1148835.0915829048,1.0,
7,"YR_BUILT, LAND_SF, LIVING_AREA, BED_RMS, NUM_PARKING, emp_dist_m, INT_COND",16000,4000,0.29270132568083673,0.6059443413839096,-0.41561585352330765,1014713.9800548811,1.0,
7,"BED_RMS, TT_RMS, RES_FLOOR, NUM_PARKING, median_hh_income, neighborhood_walkability, emp_dist_m",16000,4000,0.2926227899798646,0.6059779813046374,-0.0651708152699697,966748.7917873688,1.0,
4,"YR_BUILT, BED_RMS, RES_FLOOR, NUM_PARKING",16000,4000,0.2924939147795895,0.606033179560897,0.4765498759517711,924565.4083108455,1.0,
7,"YR_BUILT, LAND_SF, BED_RMS, RES_FLOOR, median_hh_income, neighborhood_walkability, INT_COND",16000,4000,0.29247115260541945,0.6060429282557311,0.22350894475227534,972452.6281283308,1.0,
7,"YR_BUILT, BED_RMS, TT_RMS, NUM_PARKING, neighborhood_walkability, emp_dist_m, INT_COND",16000,4000,0.29226718815720243,0.6061302761459425,-0.1673838036102493,993621.1931721492,1.0,
7,"YR_BUILT, LIVING_AREA, BED_RMS, NUM_PARKING, median_hh_income, emp_dist_m, INT_COND",16000,4000,0.29221296775760996,0.6061534939449486,0.11185827063327558,982676.5603416859,1.0,
6,"YR_BUILT, TT_RMS, RES_FLOOR, median_hh_income, neighborhood_walkability, emp_dist_m",16000,4000,0.2921191589797155,0.6061936618428507,0.4388610696906865,927433.4571947044,1.0,
5,"LAND_SF, BED_RMS, TT_RMS, RES_FLOOR, median_hh_income",16000,4000,0.29210356944409865,0.6062003368544518,-1.8769482259642891,1152903.4133902807,1.0,
3,"LAND_SF, emp_dist_m, INT_COND",16000,4000,0.29197956414864645,0.6062534299037065,-0.7251153360547749,1027964.077356822,1.0,
4,"LIVING_AREA, BED_RMS, NUM_PARKING, emp_dist_m",16000,4000,0.2919621287102646,0.6062608945394087,-0.7940518041917513,1027397.72758763,1.0,
7,"LAND_SF, LIVING_AREA, BED_RMS, NUM_PARKING, neighborhood_walkability, emp_dist_m, INT_COND",16000,4000,0.29195274537105254,0.6062649117911741,-0.4291543483806286,1015677.537227152,1.0,
5,"LAND_SF, LIVING_AREA, BED_RMS, RES_FLOOR, median_hh_income",16000,4000,0.29167229941916806,0.6063849657187317,-0.8231044912896708,1045409.3472151787,1.0,
9,"YR_BUILT, LAND_SF, BED_RMS, TT_RMS, RES_FLOOR, NUM_PARKING, median_hh_income, neighborhood_walkability, INT_COND",16000,4000,0.2916232491252475,0.6064059608357332,0.35350584413787123,945685.3338476322,1.0,
6,"YR_BUILT, TT_RMS, RES_FLOOR, NUM_PARKING, median_hh_income, emp_dist_m",16000,4000,0.2916101979835377,0.606411547025332,0.451388018936829,924836.480663138,1.0,
5,"YR_BUILT, LAND_SF, RES_FLOOR, NUM_PARKING, INT_COND",16000,4000,0.291595356141808,0.6064178996132974,0.08487398006329905,980015.2608571275,1.0,
6,"LAND_SF, BED_RMS, RES_FLOOR, median_hh_income, neighborhood_walkability, emp_dist_m",16000,4000,0.29145881695706677,0.6064763378357046,0.23925682280379568,968151.4392532699,1.0,
7,"LAND_SF, RES_FLOOR, NUM_PARKING, median_hh_income, neighborhood_walkability, emp_dist_m, INT_COND",16000,4000,0.2912522546955584,0.6065647349520642,0.032953332253019885,976200.6483523436,1.0,
6,"LAND_SF, BED_RMS, RES_FLOOR, NUM_PARKING, median_hh_income, emp_dist_m",16000,4000,0.2911654819483077,0.6066018650014343,0.24779433715301447,967215.7324487795,1.0,
7,"LIVING_AREA, BED_RMS, NUM_PARKING, median_hh_income, neighborhood_walkability, emp_dist_m, INT_COND",16000,4000,0.29114140701945135,0.606612166258196,0.16612290055440937,976714.9724988644,1.0,
5,"YR_BUILT, LAND_SF, RES_FLOOR, neighborhood_walkability, INT_COND",16000,4000,0.29107326119716115,0.6066413237600118,0.07942765614801406,978510.8652677874,1.0,
5,"YR_BUILT, BED_RMS, TT_RMS, RES_FLOOR, neighborhood_walkability",16000,4000,0.29104053550736186,0.6066553255782443,-1.8198324658473397,1148595.2618992352,1.0,
4,"LIVING_AREA, TT_RMS, median_hh_income, emp_dist_m",16000,4000,0.29103140114951775,0.6066592336923612,-0.9811357372773128,1063457.193229967,1.0,
4,"RES_FLOOR, median_hh_income, neighborhood_walkability, emp_dist_m",16000,4000,0.2909434359062101,0.6066968681320056,0.025871573399837033,973710.0273203322,1.0,
9,"YR_BUILT, LAND_SF, LIVING_AREA, BED_RMS, TT_RMS, RES_FLOOR, NUM_PARKING, neighborhood_walkability, emp_dist_m",16000,4000,0.2908717650288599,0.6067275295772894,0.11078935373305643,942107.4354729467,1.0,
4,"TT_RMS, RES_FLOOR, median_hh_income, neighborhood_walkability",16000,4000,0.29074524060083184,0.6067816540825479,-0.06025595625192981,965183.8790468972,1.0,
3,"YR_BUILT, TT_RMS, emp_dist_m",16000,4000,0.2907086411483285,0.6067973096629617,-0.7655620151590665,1041439.5362969704,1.0,
7,"YR_BUILT, LAND_SF, BED_RMS, RES_FLOOR, NUM_PARKING, median_hh_income, INT_COND",16000,4000,0.29067036373610267,0.6068136825660838,0.23188434501097976,972360.769976624,1.0,
7,"YR_BUILT, BED_RMS, TT_RMS, median_hh_income, neighborhood_walkability, emp_dist_m, INT_COND",16000,4000,0.29038135097020634,0.6069372915564234,-0.07938492048853552,973744.9020750632,1.0,
7,"YR_BUILT, TT_RMS, RES_FLOOR, NUM_PARKING, median_hh_income, neighborhood_walkability, INT_COND",16000,4000,0.28984432719854225,0.6071669065131583,0.42112410178172544,937107.8721803686,1.0,
7,"LAND_SF, BED_RMS, RES_FLOOR, NUM_PARKING, median_hh_income, neighborhood_walkability, INT_COND",16000,4000,0.28981865659827866,0.6071778803029179,0.2204944556327253,972797.0199554053,1.0,
7,"YR_BUILT, LAND_SF, LIVING_AREA, BED_RMS, median_hh_income, emp_dist_m, INT_COND",16000,4000,0.28980181130684946,0.6071850813000906,-0.4248563246939685,1017894.8057818589,1.0,
4,"BED_RMS, RES_FLOOR, NUM_PARKING, neighborhood_walkability",16000,4000,0.2897610300769322,0.6072025140388232,0.5040247710687669,917717.7642118023,1.0,
9,"YR_BUILT, LAND_SF, LIVING_AREA, BED_RMS, TT_RMS, RES_FLOOR, median_hh_income, neighborhood_walkability, emp_dist_m",16000,4000,0.28918868439670553,0.607447121674198,0.10129070627151404,947734.7976092269,1.0,
4,"YR_BUILT, BED_RMS, RES_FLOOR, median_hh_income",16000,4000,0.28911347806892507,0.6074792558411878,0.4482558658372614,934035.3013717446,1.0,
6,"YR_BUILT, LIVING_AREA, RES_FLOOR, NUM_PARKING, neighborhood_walkability, emp_dist_m",16000,4000,0.2890006998723277,0.6075274405344172,0.08816963737393002,986127.1376526152,1.0,
5,"LIVING_AREA, BED_RMS, TT_RMS, NUM_PARKING, emp_dist_m",16000,4000,0.2889743147384115,0.607538713080087,-3.0374899296060534,1234815.249129718,1.0,
7,"LAND_SF, LIVING_AREA, BED_RMS, median_hh_income, neighborhood_walkability, emp_dist_m, INT_COND",16000,4000,0.28880480998040614,0.6076111257705791,-0.43821699616930165,1018826.0146131954,1.0,
5,"BED_RMS, median_hh_income, neighborhood_walkability, emp_dist_m, INT_COND",16000,4000,0.2887384031308059,0.6076394925251348,0.22211704515749275,960167.3363070221,1.0,
5,"LAND_SF, RES_FLOOR, NUM_PARKING, neighborhood_walkability, INT_COND",16000,4000,0.2887160087220587,0.6076490583586599,0.07743570075681339,979920.6488202498,1.0,
4,"YR_BUILT, LIVING_AREA, RES_FLOOR, neighborhood_walkability",16000,4000,0.28869225674999555,0.6076592039145474,-0.5196543088684202,1033488.4148134933,1.0,
4,"LIVING_AREA, BED_RMS, median_hh_income, emp_dist_m",16000,4000,0.2886597959929773,0.6076730691177035,-0.7993800603462573,1031485.0458756583,1.0,
6,"TT_RMS, RES_FLOOR, NUM_PARKING, median_hh_income, neighborhood_walkability, emp_dist_m",16000,4000,0.28842637122417725,0.6077727642496275,0.4405325599519093,928876.0002999902,1.0,
5,"LIVING_AREA, BED_RMS, TT_RMS, median_hh_income, emp_dist_m",16000,4000,0.28825584484272126,0.6078455853024747,-3.05730016515892,1239211.2740398673,1.0,
6,"YR_BUILT, BED_RMS, RES_FLOOR, NUM_PARKING, neighborhood_walkability, emp_dist_m",16000,4000,0.2882150766283943,0.6078629935411469,0.1948896160387399,971489.1583243859,1.0,
6,"YR_BUILT, LAND_SF, TT_RMS, neighborhood_walkability, emp_dist_m, INT_COND",16000,4000,0.2881909304806013,0.6078733038362389,0.4579432093968532,928982.3151029359,1.0,
5,"BED_RMS, NUM_PARKING, median_hh_income, emp_dist_m, INT_COND",16000,4000,0.2879743967324303,0.6079657549456003,0.24212631254001793,955707.1282303681,1.0,
4,"TT_RMS, RES_FLOOR, NUM_PARKING, median_hh_income",16000,4000,0.28792721670546917,0.6079858970341951,-0.10242735916397372,989244.10501063,1.0,
9,"YR_BUILT, LAND_SF, LIVING_AREA, BED_RMS, RES_FLOOR, NUM_PARKING, median_hh_income, neighborhood_walkability, INT_COND",16000,4000,0.2877986398246615,0.6080407856660206,0.08336630744563112,992712.6807488572,1.0,
4,"YR_BUILT, LIVING_AREA, RES_FLOOR, NUM_PARKING",16000,4000,0.2876866061353298,0.608088608078007,-0.5129806786780584,1034654.4767145998,1.0,
3,"BED_RMS, TT_RMS, emp_dist_m",16000,4000,0.2874985717508779,0.6081688634987288,-2.5221000565904057,1142369.1010081477,1.0,
9,"YR_BUILT, LIVING_AREA, BED_RMS, TT_RMS, RES_FLOOR, NUM_PARKING, median_hh_income, neighborhood_walkability, emp_dist_m",16000,4000,0.2874680865738769,0.6081818739548516,-0.0026220580344844535,977434.0300912536,1.0,
7,"YR_BUILT, BED_RMS, TT_RMS, NUM_PARKING, median_hh_income, emp_dist_m, INT_COND",16000,4000,0.28741742754925825,0.6082034935850322,-0.16334452306744618,995142.5859779331,1.0,
9,"YR_BUILT, LAND_SF, LIVING_AREA, BED_RMS, TT_RMS, RES_FLOOR, NUM_PARKING, median_hh_income, emp_dist_m",16000,4000,0.28729172831277694,0.6082571346271753,0.10857197970866561,945386.3065973975,1.0,
7,"LAND_SF, LIVING_AREA, BED_RMS, NUM_PARKING, median_hh_income, emp_dist_m, INT_COND",16000,4000,0.2867719610393732,0.608478890529782,-0.42648439519650205,1017537.3269639523,1.0,
3,"YR_BUILT, BED_RMS, emp_dist_m",16000,4000,0.2867523540024687,0.6084872541844744,0.55797747326119,884112.6322051625,1.0,
9,"LAND_SF, LIVING_AREA, BED_RMS, TT_RMS, RES_FLOOR, NUM_PARKING, median_hh_income, neighborhood_walkability, emp_dist_m",16000,4000,0.28647411028018754,0.6086059305310776,0.10845826681326098,943723.1294962757,1.0,
6,"YR_BUILT, LAND_SF, LIVING_AREA, RES_FLOOR, NUM_PARKING, emp_dist_m",16000,4000,0.28642028042534406,0.6086288873372007,-0.6465799146385809,1044413.1379217333,1.0,
5,"YR_BUILT, BED_RMS, TT_RMS, RES_FLOOR, NUM_PARKING",16000,4000,0.28637424060297756,0.6086485212429353,-1.8528338263596855,1148901.6236819634,1.0,
7,"BED_RMS, TT_RMS, NUM_PARKING, median_hh_income, neighborhood_walkability, emp_dist_m, INT_COND",16000,4000,0.2863531028788667,0.6086575353158478,-0.15796528552144418,993825.2713792316,1.0,
6,"YR_BUILT, LAND_SF, LIVING_AREA, RES_FLOOR, neighborhood_walkability, emp_dist_m",16000,4000,0.28624890854728835,0.608701966497889,-0.6493165672470371,1043495.0222278911,1.0,
4,"BED_RMS, RES_FLOOR, median_hh_income, neighborhood_walkability",16000,4000,0.2858216460787846,0.6088841284575979,0.4785252788311617,926853.8226065959,1.0,
6,"YR_BUILT, LAND_SF, TT_RMS, NUM_PARKING, emp_dist_m, INT_COND",16000,4000,0.28564666308160735,0.6089587161595046,0.47851424992493763,922994.2012036527,1.0,
5,"YR_BUILT, BED_RMS, TT_RMS, RES_FLOOR, median_hh_income",16000,4000,0.2856057841515258,0.6089761397672416,-1.760464620253027,1147432.5961907608,1.0,
5,"BED_RMS, TT_RMS, RES_FLOOR, NUM_PARKING, neighborhood_walkability",16000,4000,0.2854404401940024,0.6090466083525916,-1.8094855623305088,1146181.1011624327,1.0,
4,"LIVING_AREA, RES_FLOOR, NUM_PARKING, neighborhood_walkability",16000,4000,0.28533175741550665,0.6090929238485977,-0.5291103581062893,1035932.7707573869,1.0,
5,"YR_BUILT, LAND_SF, RES_FLOOR, median_hh_income, INT_COND",16000,4000,0.285150811272068,0.6091700267851081,0.08271735216573539,980712.5741519744,1.0,
8,"YR_BUILT, LAND_SF, LIVING_AREA, TT_RMS, RES_FLOOR, NUM_PARKING, neighborhood_walkability, emp_dist_m",16000,4000,0.2849795440662055,0.6092429964420283,0.3831365192983187,942104.3507273858,1.0,
6,"YR_BUILT, LIVING_AREA, RES_FLOOR, NUM_PARKING, median_hh_income, emp_dist_m",16000,4000,0.2847706015518312,0.6093320061089635,0.052874293637341974,992256.6751466041,1.0,
6,"YR_BUILT, BED_RMS, RES_FLOOR, median_hh_income, neighborhood_walkability, emp_dist_m",16000,4000,0.2844598950489431,0.6094643432726415,0.18960756176996563,973390.8034567508,1.0,
5,"BED_RMS, TT_RMS, RES_FLOOR, median_hh_income, neighborhood_walkability",16000,4000,0.28431425747856154,0.6095263638285423,-1.639773127209088,1140629.8231349632,1.0,
6,"YR_BUILT, BED_RMS, RES_FLOOR, NUM_PARKING, median_hh_income, emp_dist_m",16000,4000,0.28429172640181577,0.6095359582471401,0.19675626265400015,972925.6149466794,1.0,
5,"YR_BUILT, LIVING_AREA, NUM_PARKING, emp_dist_m, INT_COND",16000,4000,0.28425108995232196,0.6095532621029967,-0.6812965884324915,1042731.6517656174,1.0,
6,"YR_BUILT, LIVING_AREA, RES_FLOOR, median_hh_income, neighborhood_walkability, emp_dist_m",16000,4000,0.28422332170646214,0.6095650861242732,0.08553282064509415,986967.6966246451,1.0,
6,"LAND_SF, TT_RMS, NUM_PARKING, neighborhood_walkability, emp_dist_m, INT_COND",16000,4000,0.28404093771783434,0.6096427415117762,0.4613605977543358,926295.5119811352,1.0,
5,"YR_BUILT, LIVING_AREA, neighborhood_walkability, emp_dist_m, INT_COND",16000,4000,0.28396950585536485,0.6096731530482816,-0.6856759926919553,1041271.8912511345,1.0,
4,"BED_RMS, RES_FLOOR, NUM_PARKING, median_hh_income",16000,4000,0.2837704049687858,0.609757910631387,0.4939850224581157,923066.9605758751,1.0,
3,"TT_RMS, neighborhood_walkability, emp_dist_m",16000,4000,0.28373438354317604,0.6097732437544617,-0.6913774110162512,1039633.9074526157,1.0,
6,"LAND_SF, LIVING_AREA, RES_FLOOR, NUM_PARKING, neighborhood_walkability, emp_dist_m",16000,4000,0.2835521980265908,0.6098507881650657,-0.651646520776088,1044950.6633175638,1.0,
4,"LAND_SF, BED_RMS, TT_RMS, emp_dist_m",16000,4000,0.28351445451127255,0.6098668518680705,-2.5066574829948842,1176002.9201800213,1.0,
3,"YR_BUILT, LAND_SF, RES_FLOOR",16000,4000,0.28343186800926534,0.6099019993452187,0.18605662640390397,974763.8596679816,1.0,
7,"YR_BUILT, RES_FLOOR, NUM_PARKING, median_hh_income, neighborhood_walkability, emp_dist_m, INT_COND",16000,4000,0.2830340162106706,0.6100712902506483,0.014257489184653638,978186.4077741582,1.0,
5,"LAND_SF, RES_FLOOR, NUM_PARKING, median_hh_income, INT_COND",16000,4000,0.28279878012226634,0.6101713640461226,0.0806341358705217,982042.4759831987,1.0,
5,"LAND_SF, LIVING_AREA, BED_RMS, TT_RMS, emp_dist_m",16000,4000,0.28262114080411316,0.6102469242314984,-3.2336428543037163,1246177.753579866,1.0,
8,"YR_BUILT, LAND_SF, LIVING_AREA, TT_RMS, RES_FLOOR, median_hh_income, neighborhood_walkability, emp_dist_m",16000,4000,0.2824756274352481,0.6103088124388896,0.3747839423983208,944168.3469821267,1.0,
6,"YR_BUILT, LAND_SF, TT_RMS, median_hh_income, emp_dist_m, INT_COND",16000,4000,0.2824442975654742,0.6103221365067738,0.46206806335559425,930469.9090015235,1.0,
7,"YR_BUILT, BED_RMS, RES_FLOOR, NUM_PARKING, median_hh_income, neighborhood_walkability, INT_COND",16000,4000,0.28200829883847367,0.610507529267439,0.17311910339861025,978443.4057925469,1.0,
4,"YR_BUILT, LIVING_AREA, RES_FLOOR, median_hh_income",16000,4000,0.2820062271052324,0.6105084100630165,-0.5158170746209718,1035674.8476335503,1.0,
6,"YR_BUILT, LAND_SF, LIVING_AREA, RES_FLOOR, median_hh_income, emp_dist_m",16000,4000,0.2819557117396674,0.6105298862333193,-0.6483862260108013,1045082.5936606426,1.0,
8,"YR_BUILT, LAND_SF, LIVING_AREA, TT_RMS, NUM_PARKING, neighborhood_walkability, emp_dist_m, INT_COND",16000,4000,0.2819555765733964,0.6105299436970757,-0.3312933172889254,1004086.9783910014,1.0,
7,"YR_BUILT, LAND_SF, LIVING_AREA, RES_FLOOR, NUM_PARKING, neighborhood_walkability, INT_COND",16000,4000,0.28186772592713005,0.6105672908360088,-0.6572266087844445,1047751.3476998985,1.0,
7,"YR_BUILT, LIVING_AREA, BED_RMS, TT_RMS, RES_FLOOR, NUM_PARKING, neighborhood_walkability",16000,4000,0.2817604587950331,0.6106128892299897,0.041086780398242095,964974.522928599,1.0,
8,"YR_BUILT, LAND_SF, BED_RMS, TT_RMS, NUM_PARKING, neighborhood_walkability, emp_dist_m, INT_COND",16000,4000,0.2817343054264645,0.6106240063000307,0.4365524497169907,927048.682000279,1.0,
5,"LAND_SF, RES_FLOOR, median_hh_income, neighborhood_walkability, INT_COND",16000,4000,0.28171251656483554,0.6106332679849344,0.07537142378367001,980727.2138144679,1.0,
8,"YR_BUILT, LIVING_AREA, TT_RMS, RES_FLOOR, NUM_PARKING, median_hh_income, neighborhood_walkability, emp_dist_m",16000,4000,0.281585161608213,0.6106873993239564,0.5543136540176921,925825.6317052959,1.0,
6,"LIVING_AREA, RES_FLOOR, NUM_PARKING, median_hh_income, neighborhood_walkability, emp_dist_m",16000,4000,0.28157953872470365,0.6106897891809058,0.09418330898781913,987015.2753383945,1.0,
7,"YR_BUILT, LAND_SF, LIVING_AREA, BED_RMS, TT_RMS, RES_FLOOR, neighborhood_walkability",16000,4000,0.2815387670247078,0.6107071178268471,-0.8265557581764196,1051462.5466531457,1.0,
8,"YR_BUILT, LAND_SF, BED_RMS, TT_RMS, RES_FLOOR, NUM_PARKING, neighborhood_walkability, emp_dist_m",16000,4000,0.2813693616750613,0.610779112633446,0.22067058106828674,961435.7586214634,1.0,
8,"YR_BUILT, LAND_SF, LIVING_AREA, TT_RMS, RES_FLOOR, NUM_PARKING, median_hh_income, emp_dist_m",16000,4000,0.2810520157115144,0.6109139572127384,0.34846103119952765,946565.6907460433,1.0,
6,"BED_RMS, RES_FLOOR, NUM_PARKING, median_hh_income, neighborhood_walkability, emp_dist_m",16000,4000,0.2809326475823176,0.610964670637846,0.1870398206009788,974409.2516898087,1.0,
3,"TT_RMS, NUM_PARKING, emp_dist_m",16000,4000,0.2808807062139844,0.6109867365596493,-1.367809959676574,1077629.2757242327,1.0,
5,"LIVING_AREA, NUM_PARKING, neighborhood_walkability, emp_dist_m, INT_COND",16000,4000,0.28087707193181977,0.6109882804588418,-0.6860237837017122,1041990.7306237667,1.0,
6,"YR_BUILT, LIVING_AREA, BED_RMS, TT_RMS, neighborhood_walkability, INT_COND",16000,4000,0.2807474566712813,0.6110433404728661,-2.820024314687502,1230562.7986074043,1.0,
10,"YR_BUILT, LAND_SF, LIVING_AREA, BED_RMS, TT_RMS, NUM_PARKING, median_hh_income, neighborhood_walkability, emp_dist_m, INT_COND",16000,4000,0.280550551836969,0.6111269753208344,0.6894666918146928,882244.6001622442,1.0,
6,"LAND_SF, TT_RMS, median_hh_income, neighborhood_walkability, emp_dist_m, INT_COND",16000,4000,0.2804808459377117,0.6111565799884721,0.4451735643534461,933670.6386496186,1.0,
7,"YR_BUILT, LIVING_AREA, RES_FLOOR, NUM_PARKING, median_hh_income, neighborhood_walkability, INT_COND",16000,4000,0.2804665270723752,0.6111626611505798,0.026966782555110536,997434.2015031188,1.0,
7,"YR_BUILT, LIVING_AREA, BED_RMS, TT_RMS, RES_FLOOR, median_hh_income, neighborhood_walkability",16000,4000,0.2804034971011208,0.6111894289958877,0.1240807943535408,947298.2149550874,1.0,
5,"BED_RMS, TT_RMS, RES_FLOOR, NUM_PARKING, median_hh_income",16000,4000,0.28000903048635906,0.611356926192277,-1.7959739840122158,1147028.8041607433,1.0,
8,"YR_BUILT, LAND_SF, BED_RMS, TT_RMS, median_hh_income, neighborhood_walkability, emp_dist_m, INT_COND",16000,4000,0.27986651444799926,0.6114174296289118,0.42813247640780605,931270.9570457151,1.0,
8,"LAND_SF, LIVING_AREA, TT_RMS, RES_FLOOR, NUM_PARKING, median_hh_income, neighborhood_walkability, emp_dist_m",16000,4000,0.2797973417819378,0.6114467938780093,0.3871944867171767,944574.3362646073,1.0,
5,"LIVING_AREA, BED_RMS, TT_RMS, neighborhood_walkability, INT_COND",16000,4000,0.2797191946128863,0.6114799661659043,-3.2658228497311166,1232120.025579154,1.0,
6,"YR_BUILT, LIVING_AREA, TT_RMS, RES_FLOOR, NUM_PARKING, neighborhood_walkability",16000,4000,0.27960982506020127,0.6115263888606067,-0.05582558073541488,993431.7675651002,1.0,
8,"YR_BUILT, LIVING_AREA, TT_RMS, NUM_PARKING, median_hh_income, neighborhood_walkability, emp_dist_m, INT_COND",16000,4000,0.27959876342723977,0.6115310838541866,0.552656805419361,911043.6936554234,1.0,
8,"YR_BUILT, LAND_SF, LIVING_AREA, BED_RMS, RES_FLOOR, NUM_PARKING, neighborhood_walkability, emp_dist_m",16000,4000,0.27949585268254995,0.6115747615081633,0.18746672840926382,984605.1989357698,1.0,
8,"YR_BUILT, LAND_SF, BED_RMS, TT_RMS, RES_FLOOR, median_hh_income, neighborhood_walkability, emp_dist_m",16000,4000,0.27944043062396207,0.6115982825944807,0.20000427109777597,968521.9323730198,1.0,
8,"YR_BUILT, LAND_SF, LIVING_AREA, TT_RMS, median_hh_income, neighborhood_walkability, emp_dist_m, INT_COND",16000,4000,0.2793367840212385,0.6116422677190589,-0.34091328374812035,1007338.2166089211,1.0,
3,"YR_BUILT, emp_dist_m, INT_COND",16000,4000,0.279306642867584,0.6116550583058439,0.0050148676457481,970206.9020008575,1.0,
6,"LAND_SF, LIVING_AREA, RES_FLOOR, NUM_PARKING, median_hh_income, emp_dist_m",16000,4000,0.27926132180799246,0.6116742900770801,-0.6507732925257959,1046431.1381612938,1.0,
3,"LAND_SF, RES_FLOOR, NUM_PARKING",16000,4000,0.2791069414117162,0.6117397961099865,0.17950633374919878,977323.7924144245,1.0,
4,"LIVING_AREA, RES_FLOOR, median_hh_income, neighborhood_walkability",16000,4000,0.27909243109792614,0.6117459527039687,-0.5318653665603212,1037126.3112099991,1.0,
3,"BED_RMS, neighborhood_walkability, emp_dist_m",16000,4000,0.2790770881567647,0.611752462506767,0.5513296894907771,888376.9562076025,1.0,
6,"LAND_SF, LIVING_AREA, RES_FLOOR, median_hh_income, neighborhood_walkability, emp_dist_m",16000,4000,0.278839208324255,0.6118533828468348,-0.653416024687435,1045711.5113328934,1.0,
6,"YR_BUILT, LAND_SF, BED_RMS, neighborhood_walkability, emp_dist_m, INT_COND",16000,4000,0.2786849328838453,0.6119188251888139,0.17162742760694838,977221.9339646627,1.0,
4,"LIVING_AREA, RES_FLOOR, NUM_PARKING, median_hh_income",16000,4000,0.27865094909604415,0.6119332398846415,-0.5255011304743176,1038024.3222841314,1.0,
4,"LAND_SF, LIVING_AREA, TT_RMS, emp_dist_m",16000,4000,0.27857358374281205,0.6119660542079479,-1.151686344347397,1076291.778619148,1.0,
6,"LAND_SF, TT_RMS, NUM_PARKING, median_hh_income, emp_dist_m, INT_COND",16000,4000,0.2782976464508997,0.6120830780012724,0.46578362537675577,927805.1180516725,1.0,
7,"LAND_SF, LIVING_AREA, BED_RMS, TT_RMS, RES_FLOOR, NUM_PARKING, neighborhood_walkability",16000,4000,0.2778964750768206,0.6122531731203603,-0.92932588026749,1069636.222552211,1.0,
5,"YR_BUILT, LIVING_AREA, median_hh_income, emp_dist_m, INT_COND",16000,4000,0.2777397750330173,0.6123196005032985,-0.6851513218701639,1044022.7664915548,1.0,
7,"YR_BUILT, LAND_SF, LIVING_AREA, BED_RMS, TT_RMS, RES_FLOOR, NUM_PARKING",16000,4000,0.27767252361519423,0.6123481071282919,-0.9390883471357743,1072239.2332046987,1.0,
7,"YR_BUILT, LAND_SF, LIVING_AREA, RES_FLOOR, median_hh_income, neighborhood_walkability, INT_COND",16000,4000,0.2776628810641234,0.6123521943175404,-0.6590654356280758,1048420.0638562493,1.0,
3,"TT_RMS, median_hh_income, emp_dist_m",16000,4000,0.2776579354767754,0.612354290593643,-0.6524844031833748,1039665.3005805366,1.0,
8,"YR_BUILT, LAND_SF, BED_RMS, TT_RMS, RES_FLOOR, NUM_PARKING, median_hh_income, emp_dist_m",16000,4000,0.277614379123199,0.6123727524272023,0.20097537069883886,964990.2224482725,1.0,
3,"BED_RMS, NUM_PARKING, emp_dist_m",16000,4000,0.27758658022377536,0.6123845350016978,0.551388792180796,887718.8392311933,1.0,
5,"YR_BUILT, RES_FLOOR, NUM_PARKING, neighborhood_walkability, INT_COND",16000,4000,0.2774408077674416,0.6124463170039518,0.025370742517554445,986629.5676943521,1.0,
3,"LAND_SF, RES_FLOOR, neighborhood_walkability",16000,4000,0.2773080805343827,0.6125025646950047,0.1673980342215361,977506.4494240333,1.0,
4,"YR_BUILT, BED_RMS, TT_RMS, emp_dist_m",16000,4000,0.27729792971154665,0.6125068662397026,-2.552341000549196,1181295.1781155954,1.0,
4,"LAND_SF, LIVING_AREA, BED_RMS, emp_dist_m",16000,4000,0.2772900292889202,0.6125102141268051,-0.7879892490967793,1021832.0390880164,1.0,
6,"YR_BUILT, LIVING_AREA, TT_RMS, RES_FLOOR, median_hh_income, neighborhood_walkability",16000,4000,0.27709837349968813,0.6125914246756686,-0.07156150018674223,1000715.8817152252,1.0,
8,"YR_BUILT, LAND_SF, BED_RMS, TT_RMS, NUM_PARKING, median_hh_income, emp_dist_m, INT_COND",16000,4000,0.2770749102972928,0.6126013660282876,0.4262924547347233,930484.8153223124,1.0,
8,"YR_BUILT, LAND_SF, LIVING_AREA, TT_RMS, NUM_PARKING, median_hh_income, emp_dist_m, INT_COND",16000,4000,0.27707081549767265,0.612603100977264,-0.32900571017947366,1005726.0345511603,1.0,
6,"YR_BUILT, LAND_SF, LIVING_AREA, TT_RMS, RES_FLOOR, neighborhood_walkability",16000,4000,0.27701978318617904,0.6126247227358309,-0.8427049872408738,1059852.4001463654,1.0,
8,"YR_BUILT, LAND_SF, LIVING_AREA, BED_RMS, RES_FLOOR, median_hh_income, neighborhood_walkability, emp_dist_m",16000,4000,0.2768207728811617,0.6127090336487055,0.1827284977834326,985991.9081486163,1.0,
7,"YR_BUILT, LIVING_AREA, BED_RMS, TT_RMS, RES_FLOOR, NUM_PARKING, median_hh_income",16000,4000,0.2768134309737149,0.6127121438331736,0.047491709284341654,964383.1618427932,1.0,
7,"LIVING_AREA, BED_RMS, TT_RMS, RES_FLOOR, NUM_PARKING, median_hh_income, neighborhood_walkability",16000,4000,0.2768000906920459,0.6127177950131297,0.05120196901371332,964002.1535245556,1.0,
8,"YR_BUILT, LAND_SF, TT_RMS, RES_FLOOR, NUM_PARKING, median_hh_income, neighborhood_walkability, INT_COND",16000,4000,0.2767160261204774,0.6127534050578346,0.31270626922992084,966371.046346524,1.0,
8,"LAND_SF, LIVING_AREA, TT_RMS, NUM_PARKING, median_hh_income, neighborhood_walkability, emp_dist_m, INT_COND",16000,4000,0.2766894592402306,0.6127646584503046,-0.340624205447714,1007093.9347970902,1.0,
5,"YR_BUILT, LIVING_AREA, BED_RMS, TT_RMS, INT_COND",16000,4000,0.27667379128770064,0.6127712950987761,-3.2628999924248623,1232064.446303258,1.0,
6,"YR_BUILT, LAND_SF, BED_RMS, NUM_PARKING, emp_dist_m, INT_COND",16000,4000,0.2766314064674841,0.6127892481470696,0.18453966590411564,976043.1543337232,1.0,
7,"LAND_SF, LIVING_AREA, BED_RMS, TT_RMS, RES_FLOOR, median_hh_income, neighborhood_walkability",16000,4000,0.27658681919284867,0.6128081335270319,-0.8205401282057252,1050326.2981460507,1.0,
7,"YR_BUILT, LAND_SF, LIVING_AREA, RES_FLOOR, NUM_PARKING, median_hh_income, INT_COND",16000,4000,0.2765775406873028,0.612812063456417,-0.656472774378466,1049978.9097844346,1.0,
8,"LAND_SF, BED_RMS, TT_RMS, NUM_PARKING, median_hh_income, neighborhood_walkability, emp_dist_m, INT_COND",16000,4000,0.27657011371892537,0.6128152091454101,0.455685597480316,923953.9864830602,1.0,
7,"YR_BUILT, LAND_SF, LIVING_AREA, BED_RMS, TT_RMS, RES_FLOOR, median_hh_income",16000,4000,0.27654538113121685,0.6128256845049829,-0.824276361476822,1052539.1806238235,1.0,
2,"LIVING_AREA, emp_dist_m",16000,4000,0.2762897073481805,0.6129339633217935,-0.3392562678118849,966165.5393716721,1.0,
8,"LAND_SF, BED_RMS, TT_RMS, RES_FLOOR, NUM_PARKING, median_hh_income, neighborhood_walkability, emp_dist_m",16000,4000,0.276265196197914,0.6129443428821124,0.2581278932584792,959683.8496603398,1.0,
6,"YR_BUILT, TT_RMS, NUM_PARKING, neighborhood_walkability, emp_dist_m, INT_COND",16000,4000,0.2759423896694605,0.6130810230419287,0.37658312628825474,942673.3151025017,1.0,
7,"LAND_SF, LIVING_AREA, RES_FLOOR, NUM_PARKING, median_hh_income, neighborhood_walkability, INT_COND",16000,4000,0.2758938495418495,0.6131015728793534,-0.6610051505448236,1049188.527582961,1.0,
8,"YR_BUILT, LIVING_AREA, BED_RMS, RES_FLOOR, NUM_PARKING, median_hh_income, neighborhood_walkability, emp_dist_m",16000,4000,0.275829457548895,0.6131288326633643,0.3573130119335203,960671.7028826844,1.0,
6,"LIVING_AREA, BED_RMS, TT_RMS, NUM_PARKING, neighborhood_walkability, INT_COND",16000,4000,0.2757245786123672,0.6131732296445206,-2.725094558435183,1222970.286645839,1.0,
8,"YR_BUILT, LAND_SF, LIVING_AREA, BED_RMS, RES_FLOOR, NUM_PARKING, median_hh_income, emp_dist_m",16000,4000,0.27558885685376877,0.6132306781290842,0.1537796057801124,989531.6089297172,1.0,
6,"LIVING_AREA, BED_RMS, TT_RMS, median_hh_income, neighborhood_walkability, INT_COND",16000,4000,0.27539975073006184,0.6133107142455978,-2.7404530663841475,1227262.315338707,1.0,
5,"YR_BUILT, LAND_SF, RES_FLOOR, NUM_PARKING, emp_dist_m",16000,4000,0.2752163313780621,0.6133883335507966,0.04969129040253972,986790.172119132,1.0,
8,"YR_BUILT, LAND_SF, LIVING_AREA, BED_RMS, NUM_PARKING, neighborhood_walkability, emp_dist_m, INT_COND",16000,4000,0.27516898033105275,0.6134083699469725,-0.5494836935151033,1039791.9743889906,1.0,
6,"YR_BUILT, LIVING_AREA, BED_RMS, TT_RMS, neighborhood_walkability, emp_dist_m",16000,4000,0.2750299747431936,0.6134671857958245,-0.5005125874440051,1050155.9828741,1.0,
4,"LAND_SF, LIVING_AREA, emp_dist_m, INT_COND",16000,4000,0.27501571354547627,0.6134732196548119,-0.5720694912644604,1009866.2096970809,1.0,
6,"YR_BUILT, LIVING_AREA, BED_RMS, RES_FLOOR, NUM_PARKING, neighborhood_walkability",16000,4000,0.2749872117786848,0.6134852784670641,0.5316057564858244,923230.0659965925,1.0,
6,"LAND_SF, BED_RMS, NUM_PARKING, neighborhood_walkability, emp_dist_m, INT_COND",16000,4000,0.2747733181371125,0.6135757671630081,0.17352781212789614,976285.6216826127,1.0,
5,"LIVING_AREA, NUM_PARKING, median_hh_income, emp_dist_m, INT_COND",16000,4000,0.274652562434773,0.6136268475290239,-0.6855776267696909,1044616.1181689242,1.0,
7,"YR_BUILT, LAND_SF, TT_RMS, RES_FLOOR, NUM_PARKING, neighborhood_walkability, emp_dist_m",16000,4000,0.2742810344118102,0.6137839793888652,0.3409841189034898,961424.6280438738,1.0,
4,"BED_RMS, TT_RMS, neighborhood_walkability, emp_dist_m",16000,4000,0.2742544142369717,0.613795236423467,-2.5550710961026266,1183374.536124922,1.0,
6,"YR_BUILT, LAND_SF, BED_RMS, TT_RMS, RES_FLOOR, neighborhood_walkability",16000,4000,0.27423933451357896,0.6138016131858525,-0.11163093738031016,998910.6487756906,1.0,
8,"LAND_SF, LIVING_AREA, BED_RMS, RES_FLOOR, NUM_PARKING, median_hh_income, neighborhood_walkability, emp_dist_m",16000,4000,0.2742356036403647,0.613803190849925,0.19000026335769138,985794.1311898184,1.0,
6,"YR_BUILT, LIVING_AREA, TT_RMS, RES_FLOOR, NUM_PARKING, median_hh_income",16000,4000,0.2739491805062543,0.613924297707977,-0.08895161284100617,1000350.1375924562,1.0,
5,"LIVING_AREA, median_hh_income, neighborhood_walkability, emp_dist_m, INT_COND",16000,4000,0.2738068097250319,0.6139844867437575,-0.6897371889457959,1043422.2937963229,1.0,
4,"LIVING_AREA, BED_RMS, neighborhood_walkability, INT_COND",16000,4000,0.2736827099077702,0.6140369466873588,-1.192835259666035,1109637.549589831,1.0,
6,"LIVING_AREA, TT_RMS, RES_FLOOR, NUM_PARKING, median_hh_income, neighborhood_walkability",16000,4000,0.2735401320436164,0.614097212208716,-0.05133235314768525,995076.6859060075,1.0,
5,"YR_BUILT, LAND_SF, RES_FLOOR, neighborhood_walkability, emp_dist_m",16000,4000,0.2734981100036862,0.614114973165336,0.04670469799740973,985967.9269125396,1.0,
6,"YR_BUILT, LAND_SF, LIVING_AREA, TT_RMS, RES_FLOOR, NUM_PARKING",16000,4000,0.27349468222543183,0.614116421921008,-0.8297048028849638,1054338.1151127901,1.0,
3,"NUM_PARKING, emp_dist_m, INT_COND",16000,4000,0.2734500662746622,0.6141352786084465,0.006797757609412702,971375.6891771922,1.0,
6,"LAND_SF, LIVING_AREA, TT_RMS, RES_FLOOR, NUM_PARKING, neighborhood_walkability",16000,4000,0.27340861419116835,0.6141527975858558,-0.8325700017052502,1054627.866349134,1.0,
6,"YR_BUILT, LIVING_AREA, BED_RMS, TT_RMS, median_hh_income, INT_COND",16000,4000,0.27337255818703865,0.614168035601012,-2.799687139691654,1232418.091542854,1.0,
6,"YR_BUILT, LIVING_AREA, BED_RMS, TT_RMS, NUM_PARKING, INT_COND",16000,4000,0.2733396598053547,0.6141819388095867,-2.7834525099984853,1227863.3273997647,1.0,
3,"BED_RMS, median_hh_income, emp_dist_m",16000,4000,0.27314664916350384,0.6142635008359003,0.5506351977850041,888934.9412914553,1.0,
6,"YR_BUILT, LAND_SF, BED_RMS, median_hh_income, emp_dist_m, INT_COND",16000,4000,0.2729908632350482,0.6143293246246664,0.174557065617869,979421.0920896323,1.0,
7,"LAND_SF, LIVING_AREA, BED_RMS, TT_RMS, RES_FLOOR, NUM_PARKING, median_hh_income",16000,4000,0.27290479410587676,0.6143656881464429,-0.9240452072983762,1070439.6208410207,1.0,
6,"YR_BUILT, LAND_SF, LIVING_AREA, BED_RMS, RES_FLOOR, neighborhood_walkability",16000,4000,0.272576457913963,0.6145043878114685,-0.2834462320316602,1004165.5624721035,1.0,
8,"YR_BUILT, LIVING_AREA, BED_RMS, NUM_PARKING, median_hh_income, neighborhood_walkability, emp_dist_m, INT_COND",16000,4000,0.272456885322807,0.6145548913066013,0.3555273144449752,939889.8615994112,1.0,
8,"YR_BUILT, LAND_SF, LIVING_AREA, BED_RMS, median_hh_income, neighborhood_walkability, emp_dist_m, INT_COND",16000,4000,0.27232662771955696,0.6146099030735347,-0.5552265234604088,1041686.6684628024,1.0,
6,"YR_BUILT, TT_RMS, median_hh_income, neighborhood_walkability, emp_dist_m, INT_COND",16000,4000,0.2722895785018552,0.6146255491911016,0.3609151371423187,949324.743703993,1.0,
6,"YR_BUILT, LIVING_AREA, BED_RMS, RES_FLOOR, median_hh_income, neighborhood_walkability",16000,4000,0.27217147013740617,0.6146754244374886,0.5199068721978086,926034.2601179767,1.0,
5,"YR_BUILT, LAND_SF, TT_RMS, RES_FLOOR, neighborhood_walkability",16000,4000,0.2721592935622351,0.6146805661775414,-0.10300882762251651,1003583.2888604004,1.0,
4,"YR_BUILT, LAND_SF, LIVING_AREA, RES_FLOOR",16000,4000,0.2719636465332703,0.6147631751501602,-0.43687379037547336,1023838.7638801652,1.0,
5,"YR_BUILT, RES_FLOOR, NUM_PARKING, median_hh_income, INT_COND",16000,4000,0.27166032943837826,0.614891224224723,0.025500321823626826,989273.4349605334,1.0,
5,"LIVING_AREA, BED_RMS, TT_RMS, median_hh_income, INT_COND",16000,4000,0.27141660167574166,0.6149940976043433,-3.266693409435937,1235354.1156322798,1.0,
6,"YR_BUILT, LAND_SF, LIVING_AREA, TT_RMS, RES_FLOOR, median_hh_income",16000,4000,0.27129604014510755,0.6150449782330484,-0.8438180211391735,1062406.3305728128,1.0,
7,"YR_BUILT, LAND_SF, TT_RMS, RES_FLOOR, median_hh_income, neighborhood_walkability, emp_dist_m",16000,4000,0.27127342787207287,0.615054520830491,0.3344630416021741,963539.0633779545,1.0,
8,"YR_BUILT, BED_RMS, TT_RMS, RES_FLOOR, NUM_PARKING, median_hh_income, neighborhood_walkability, emp_dist_m",16000,4000,0.2710875586733781,0.6151329538166336,0.4106929810529344,940893.1798520475,1.0,
6,"LAND_SF, LIVING_AREA, TT_RMS, RES_FLOOR, median_hh_income, neighborhood_walkability",16000,4000,0.27096155109418507,0.6151861207406871,-0.8468259636740254,1062577.7982236366,1.0,
6,"LAND_SF, BED_RMS, median_hh_income, neighborhood_walkability, emp_dist_m, INT_COND",16000,4000,0.27077504864068735,0.6152648040969613,0.16376965577362101,979628.7476554334,1.0,
3,"LAND_SF, RES_FLOOR, median_hh_income",16000,4000,0.2706969263161235,0.6152977600657366,0.1767201219473452,978432.398537048,1.0,
8,"YR_BUILT, LAND_SF, RES_FLOOR, NUM_PARKING, median_hh_income, neighborhood_walkability, emp_dist_m, INT_COND",16000,4000,0.27069048457116984,0.6153004774425253,0.024791920893998398,985961.9341498995,1.0,
6,"YR_BUILT, LIVING_AREA, BED_RMS, TT_RMS, NUM_PARKING, emp_dist_m",16000,4000,0.27068253157986555,0.6153038323048317,-1.2718509894459378,1101162.26666465,1.0,
4,"YR_BUILT, LIVING_AREA, BED_RMS, INT_COND",16000,4000,0.27046463905707097,0.6153957402172534,-1.2626625201017125,1119724.3478698353,1.0,
8,"YR_BUILT, BED_RMS, TT_RMS, NUM_PARKING, median_hh_income, neighborhood_walkability, emp_dist_m, INT_COND",16000,4000,0.2703816776926308,0.6154307300351923,0.5161020892139245,903916.8261561246,1.0,
5,"YR_BUILT, LIVING_AREA, TT_RMS, neighborhood_walkability, emp_dist_m",16000,4000,0.27033282360946354,0.6154513338220412,-0.8303175665990867,1048110.4769448033,1.0,
8,"YR_BUILT, LAND_SF, LIVING_AREA, BED_RMS, NUM_PARKING, median_hh_income, emp_dist_m, INT_COND",16000,4000,0.2703110372483545,0.6154605218089425,-0.5480075080523645,1041811.2015940158,1.0,
5,"YR_BUILT, RES_FLOOR, median_hh_income, neighborhood_walkability, INT_COND",16000,4000,0.2702924415672764,0.6154683640782163,0.023371024090965586,987359.3859291807,1.0,
6,"YR_BUILT, TT_RMS, NUM_PARKING, median_hh_income, emp_dist_m, INT_COND",16000,4000,0.2702866185757926,0.6154708197605314,0.3800597007017539,944730.5277812235,1.0,
5,"LAND_SF, RES_FLOOR, NUM_PARKING, neighborhood_walkability, emp_dist_m",16000,4000,0.27028146686071675,0.6154729923427982,0.04569296959863811,987676.9579709447,1.0,
6,"LIVING_AREA, BED_RMS, TT_RMS, NUM_PARKING, neighborhood_walkability, emp_dist_m",16000,4000,0.2702085939528971,0.6155037234979582,-1.1583901622217407,1090689.9481607676,1.0,
7,"YR_BUILT, LAND_SF, TT_RMS, RES_FLOOR, NUM_PARKING, median_hh_income, emp_dist_m",16000,4000,0.2701647543298368,0.6155222103188397,0.3439669374047871,962600.2040285075,1.0,
6,"YR_BUILT, LAND_SF, BED_RMS, TT_RMS, RES_FLOOR, NUM_PARKING",16000,4000,0.26999878506033526,0.6155921932122665,-0.3125765152018045,1026575.6711891649,1.0,
8,"LAND_SF, LIVING_AREA, BED_RMS, NUM_PARKING, median_hh_income, neighborhood_walkability, emp_dist_m, INT_COND",16000,4000,0.26980092437530123,0.6156756131014113,-0.5559204724607556,1041592.2615623489,1.0,
4,"LAND_SF, LIVING_AREA, RES_FLOOR, neighborhood_walkability",16000,4000,0.2697765564898066,0.6156858860448994,-0.456224988750934,1026162.2029019888,1.0,
6,"LAND_SF, BED_RMS, TT_RMS, RES_FLOOR, NUM_PARKING, neighborhood_walkability",16000,4000,0.2697447010337011,0.6156993153184982,-0.2953382001759217,1023569.5061972836,1.0,
5,"LIVING_AREA, BED_RMS, TT_RMS, NUM_PARKING, INT_COND",16000,4000,0.2697433477106096,0.6156998858311092,-3.2670157041573367,1241088.0865179482,1.0,
10,"YR_BUILT, LAND_SF, LIVING_AREA, BED_RMS, TT_RMS, RES_FLOOR, NUM_PARKING, median_hh_income, neighborhood_walkability, emp_dist_m",16000,4000,0.2696614098252842,0.6157344269280027,0.6004232603362634,919026.1147368759,1.0,
6,"YR_BUILT, LIVING_AREA, BED_RMS, TT_RMS, median_hh_income, emp_dist_m",16000,4000,0.2694764105083718,0.6158124066741576,-0.5243667883203786,1055140.1931128209,1.0,
6,"LAND_SF, LIVING_AREA, BED_RMS, TT_RMS, neighborhood_walkability, INT_COND",16000,4000,0.269466899520341,0.6158164154190153,-2.8654293420958745,1232909.3242658773,1.0,
6,"YR_BUILT, LAND_SF, LIVING_AREA, BED_RMS, RES_FLOOR, NUM_PARKING",16000,4000,0.2693921493022662,0.6158479206539149,-0.27496138925603875,1003679.5237397286,1.0,
6,"YR_BUILT, LIVING_AREA, BED_RMS, RES_FLOOR, NUM_PARKING, median_hh_income",16000,4000,0.26936306949302247,0.6158601765869989,0.49873835779643727,928710.5522689059,1.0,
5,"YR_BUILT, LAND_SF, RES_FLOOR, median_hh_income, emp_dist_m",16000,4000,0.26930247022805376,0.6158857158792597,0.04810299385189232,987459.4420359174,1.0,
6,"LAND_SF, LIVING_AREA, BED_RMS, RES_FLOOR, NUM_PARKING, neighborhood_walkability",16000,4000,0.269130829207865,0.6159580474809935,-0.26216550561774055,998296.6109700849,1.0,
8,"YR_BUILT, LAND_SF, BED_RMS, RES_FLOOR, NUM_PARKING, median_hh_income, neighborhood_walkability, INT_COND",16000,4000,0.2691229452211983,0.6159613696842904,0.13830846687543874,989874.1119471616,1.0,
6,"LAND_SF, BED_RMS, NUM_PARKING, median_hh_income, emp_dist_m, INT_COND",16000,4000,0.2690825901365079,0.6159783744800811,0.1762815285679703,978417.4266976351,1.0,
5,"YR_BUILT, LAND_SF, LIVING_AREA, emp_dist_m, INT_COND",16000,4000,0.2689170203922022,0.6160481372231842,-0.6627993217790102,1039421.1574082426,1.0,
6,"YR_BUILT, LAND_SF, BED_RMS, TT_RMS, RES_FLOOR, median_hh_income",16000,4000,0.26882233956642576,0.6160880273995534,-0.1070743521836357,999873.4475722655,1.0,
6,"LIVING_AREA, BED_RMS, RES_FLOOR, NUM_PARKING, median_hh_income, neighborhood_walkability",16000,4000,0.268778768970247,0.6161063833506587,0.5347106669945472,927158.3210641119,1.0,
6,"LIVING_AREA, BED_RMS, TT_RMS, median_hh_income, neighborhood_walkability, emp_dist_m",16000,4000,0.268754051864744,0.6161167962306088,-0.44738316049920623,1045648.0793022824,1.0,
4,"BED_RMS, TT_RMS, NUM_PARKING, emp_dist_m",16000,4000,0.2687403274593476,0.6161225780041892,-2.5526815039022566,1183906.7760524782,1.0,
5,"YR_BUILT, LAND_SF, TT_RMS, RES_FLOOR, NUM_PARKING",16000,4000,0.2685545940487346,0.6162008178461019,-0.0856363516122387,996995.3125565675,1.0,
4,"LAND_SF, LIVING_AREA, RES_FLOOR, NUM_PARKING",16000,4000,0.26848928156146956,0.6162283282449468,-0.4484173008065586,1026676.2010941948,1.0,
6,"YR_BUILT, LAND_SF, LIVING_AREA, BED_RMS, TT_RMS, emp_dist_m",16000,4000,0.2684849792633349,0.6162301403811343,-1.416782507757159,1123858.3356846329,1.0,
4,"BED_RMS, TT_RMS, median_hh_income, emp_dist_m",16000,4000,0.2684225897432161,0.6162564183671861,-2.5555184864142237,1185343.5663906971,1.0,
6,"LIVING_AREA, BED_RMS, TT_RMS, NUM_PARKING, median_hh_income, INT_COND",16000,4000,0.26835302177631704,0.6162857185385425,-2.707124995404119,1224545.3330628497,1.0,
6,"LAND_SF, BED_RMS, TT_RMS, RES_FLOOR, median_hh_income, neighborhood_walkability",16000,4000,0.26831983452313257,0.6162996956332725,-0.10146573315828422,997450.2227349913,1.0,
6,"TT_RMS, NUM_PARKING, median_hh_income, neighborhood_walkability, emp_dist_m, INT_COND",16000,4000,0.2682158013951602,0.6163435080182744,0.3629391956398723,946777.0977065612,1.0,
7,"LAND_SF, TT_RMS, RES_FLOOR, NUM_PARKING, median_hh_income, neighborhood_walkability, emp_dist_m",16000,4000,0.2681153711038894,0.6163858001547529,0.33165024585912517,964475.0425611367,1.0,
6,"LAND_SF, LIVING_AREA, BED_RMS, TT_RMS, neighborhood_walkability, emp_dist_m",16000,4000,0.26808560104808155,0.6163983360465792,-1.378827553573092,1119853.0271714712,1.0,
7,"YR_BUILT, LIVING_AREA, BED_RMS, TT_RMS, NUM_PARKING, neighborhood_walkability, INT_COND",16000,4000,0.26808100598337326,0.6164002709626014,-1.0589524693900239,1087667.7384659746,1.0,
5,"RES_FLOOR, NUM_PARKING, median_hh_income, neighborhood_walkability, INT_COND",16000,4000,0.2680542760547864,0.6164115264327633,0.022625812220555486,988647.1648840408,1.0,
4,"LIVING_AREA, TT_RMS, neighborhood_walkability, INT_COND",16000,4000,0.267787515964785,0.6165238428310211,-2.663053120350153,1214958.936433127,1.0,
6,"LAND_SF, LIVING_AREA, TT_RMS, RES_FLOOR, NUM_PARKING, median_hh_income",16000,4000,0.2676871917391195,0.6165660779471621,-0.8335380104879861,1057160.2091371717,1.0,
5,"LAND_SF, TT_RMS, RES_FLOOR, NUM_PARKING, neighborhood_walkability",16000,4000,0.2676258302162545,0.6165919088766276,-0.09045767593791965,997661.6469028917,1.0,
3,"YR_BUILT, RES_FLOOR, NUM_PARKING",16000,4000,0.2674709760586754,0.6166570919332478,0.0474685767901305,992822.7164654562,1.0,
7,"YR_BUILT, LIVING_AREA, BED_RMS, TT_RMS, median_hh_income, neighborhood_walkability, INT_COND",16000,4000,0.26713460873454964,0.6167986559417153,-0.4406291614308697,1045422.8023130009,1.0,
7,"YR_BUILT, LAND_SF, BED_RMS, RES_FLOOR, NUM_PARKING, neighborhood_walkability, emp_dist_m",16000,4000,0.26706446006754947,0.6168281747105855,0.1521350436095409,988029.3729948035,1.0,
6,"YR_BUILT, LAND_SF, LIVING_AREA, BED_RMS, TT_RMS, INT_COND",16000,4000,0.2669746151604585,0.6168659796530327,-2.9346848299253274,1238289.65032917,1.0,
6,"YR_BUILT, LAND_SF, LIVING_AREA, BED_RMS, RES_FLOOR, median_hh_income",16000,4000,0.2668892171411764,0.6169019112863116,-0.29003665446150295,1008243.2875318059,1.0,
5,"YR_BUILT, LIVING_AREA, TT_RMS, NUM_PARKING, emp_dist_m",16000,4000,0.26657419715344166,0.6170344393876653,-0.8405554596077118,1058704.8747330976,1.0,
5,"YR_BUILT, LIVING_AREA, TT_RMS, neighborhood_walkability, INT_COND",16000,4000,0.26641518210035764,0.6171013258034881,-0.9567787736311799,1076511.5468063727,1.0,
6,"LAND_SF, LIVING_AREA, BED_RMS, RES_FLOOR, median_hh_income, neighborhood_walkability",16000,4000,0.26637947603011614,0.6171163438318289,-0.2761336847568534,1002812.4998297133,1.0,
6,"YR_BUILT, BED_RMS, NUM_PARKING, neighborhood_walkability, emp_dist_m, INT_COND",16000,4000,0.266178217339312,0.6172009867135381,0.12177376265562412,982365.2191280576,1.0,
1,emp_dist_m,16000,4000,0.2661120628055048,0.6172288066313438,0.008043800374188614,974346.4000315702,1.0,
5,"LAND_SF, RES_FLOOR, NUM_PARKING, median_hh_income, emp_dist_m",16000,4000,0.2660891687332768,0.6172384339667724,0.047054310964494195,989075.924911651,1.0,
5,"YR_BUILT, LAND_SF, TT_RMS, RES_FLOOR, median_hh_income",16000,4000,0.2659036672104338,0.6173164348835003,-0.10305919775496597,1006273.217929522,1.0,
7,"YR_BUILT, LAND_SF, LIVING_AREA, BED_RMS, TT_RMS, neighborhood_walkability, INT_COND",16000,4000,0.26589469747075445,0.6173202062896218,-1.275866486871648,1110477.0950373448,1.0,
5,"LAND_SF, LIVING_AREA, neighborhood_walkability, emp_dist_m, INT_COND",16000,4000,0.26571076104805935,0.6173975389000216,-0.6690747823060312,1038979.7284515033,1.0,
5,"LAND_SF, LIVING_AREA, NUM_PARKING, emp_dist_m, INT_COND",16000,4000,0.2657107208313454,0.6173975558073236,-0.6638995318499308,1039989.0465913819,1.0,
5,"YR_BUILT, LAND_SF, BED_RMS, RES_FLOOR, neighborhood_walkability",16000,4000,0.2656546693976519,0.6174211196525019,0.4196062628013747,956710.7413793062,1.0,
5,"LIVING_AREA, TT_RMS, NUM_PARKING, neighborhood_walkability, emp_dist_m",16000,4000,0.26532884413647984,0.6175580777561698,-0.8412548926412475,1057469.3676556714,1.0,
3,"YR_BUILT, RES_FLOOR, neighborhood_walkability",16000,4000,0.26517144973481566,0.6176242263846633,0.04386572576862424,991117.2553108741,1.0,
5,"YR_BUILT, LIVING_AREA, BED_RMS, neighborhood_walkability, emp_dist_m",16000,4000,0.2647125569227796,0.617817046249246,-0.27007016787841764,998386.9986141985,1.0,
6,"LIVING_AREA, BED_RMS, TT_RMS, NUM_PARKING, median_hh_income, emp_dist_m",16000,4000,0.2646573503070976,0.6178402391844481,-1.1623919336500057,1094951.1195617986,1.0,
5,"LAND_SF, TT_RMS, RES_FLOOR, median_hh_income, neighborhood_walkability",16000,4000,0.2646171771139646,0.6178571158583865,-0.1079981275589037,1006776.2927913219,1.0,
6,"LAND_SF, BED_RMS, TT_RMS, RES_FLOOR, NUM_PARKING, median_hh_income",16000,4000,0.2643300266755705,0.6179777337325844,-0.2850136594121848,1024084.92939554,1.0,
5,"LAND_SF, RES_FLOOR, median_hh_income, neighborhood_walkability, emp_dist_m",16000,4000,0.26400987944671916,0.618112184197119,0.04415847322468647,988465.3065197509,1.0,
5,"YR_BUILT, LIVING_AREA, TT_RMS, median_hh_income, emp_dist_m",16000,4000,0.26388053748341944,0.6181664949337965,-0.8313200207715088,1051221.948145848,1.0,
4,"YR_BUILT, LIVING_AREA, TT_RMS, INT_COND",16000,4000,0.26386843687353423,0.6181715757401329,-2.754226168461081,1223149.2219432397,1.0,
7,"YR_BUILT, LAND_SF, BED_RMS, RES_FLOOR, median_hh_income, neighborhood_walkability, emp_dist_m",16000,4000,0.2638332934684743,0.6181863315228556,0.14836381279659672,989318.5491061354,1.0,
6,"LAND_SF, LIVING_AREA, BED_RMS, TT_RMS, NUM_PARKING, emp_dist_m",16000,4000,0.2636129915231218,0.618278822437627,-2.1197160272735083,1162327.3598824977,1.0,
4,"LIVING_AREA, BED_RMS, NUM_PARKING, INT_COND",16000,4000,0.2636029564779878,0.6182830351917085,-2.2818147754423075,1183106.7007095912,1.0,
6,"YR_BUILT, BED_RMS, TT_RMS, RES_FLOOR, NUM_PARKING, neighborhood_walkability",16000,4000,0.2635628766124034,0.6182998606013066,-0.23426826342294027,1015423.6959879682,1.0,
6,"LAND_SF, LIVING_AREA, BED_RMS, RES_FLOOR, NUM_PARKING, median_hh_income",16000,4000,0.26344590902410103,0.6183489606329341,-0.26732162163772166,1002223.2666529187,1.0,
5,"YR_BUILT, LIVING_AREA, BED_RMS, neighborhood_walkability, INT_COND",16000,4000,0.2633326185784185,0.6183965133766249,-0.8041389406897816,1048040.0582497417,1.0,
7,"LIVING_AREA, BED_RMS, TT_RMS, NUM_PARKING, median_hh_income, neighborhood_walkability, INT_COND",16000,4000,0.26324090694267643,0.6184350059121692,-0.966902641461689,1081594.6256270555,1.0,
7,"YR_BUILT, LAND_SF, BED_RMS, RES_FLOOR, NUM_PARKING, median_hh_income, emp_dist_m",16000,4000,0.2629749979786018,0.6185465977323618,0.15374370259833903,989470.9060181085,1.0,
4,"LAND_SF, LIVING_AREA, RES_FLOOR, median_hh_income",16000,4000,0.2629537765743143,0.618555502676494,-0.4515057853404627,1027786.515484887,1.0,
9,"YR_BUILT, LAND_SF, LIVING_AREA, TT_RMS, NUM_PARKING, median_hh_income, neighborhood_walkability, emp_dist_m, INT_COND",16000,4000,0.2628408642295199,0.6186028808973452,0.04210593762984982,1000406.0737704869,1.0,
4,"LIVING_AREA, BED_RMS, median_hh_income, INT_COND",16000,4000,0.26275712093090686,0.6186380173910024,-1.1654454066777733,1110723.1439429135,1.0,
7,"YR_BUILT, LAND_SF, TT_RMS, NUM_PARKING, neighborhood_walkability, emp_dist_m, INT_COND",16000,4000,0.26261317744274326,0.6186984076439856,0.26375410459517756,971884.9725183654,1.0,
5,"YR_BUILT, LAND_SF, BED_RMS, RES_FLOOR, NUM_PARKING",16000,4000,0.2625407108667843,0.6187288081422715,0.43444283758346414,954942.8174977107,1.0,
6,"LAND_SF, LIVING_AREA, BED_RMS, TT_RMS, median_hh_income, emp_dist_m",16000,4000,0.2624712589151579,0.6187579425719196,-1.3593203046367326,1119968.771294684,1.0,
5,"LIVING_AREA, TT_RMS, median_hh_income, neighborhood_walkability, emp_dist_m",16000,4000,0.2622774582024684,0.6188392328641024,-0.8343754901429126,1051787.4399711397,1.0,
9,"YR_BUILT, LAND_SF, BED_RMS, TT_RMS, NUM_PARKING, median_hh_income, neighborhood_walkability, emp_dist_m, INT_COND",16000,4000,0.2622544280232787,0.6188488922322166,0.47644296428645305,931092.8783690588,1.0,
6,"YR_BUILT, BED_RMS, median_hh_income, neighborhood_walkability, emp_dist_m, INT_COND",16000,4000,0.262087228455404,0.6189190149204317,0.11271622149110971,985412.9298169866,1.0,
6,"YR_BUILT, BED_RMS, TT_RMS, RES_FLOOR, median_hh_income, neighborhood_walkability",16000,4000,0.26207362163830483,0.6189247212039777,-0.08925445221863448,991904.5125570198,1.0,
7,"YR_BUILT, TT_RMS, RES_FLOOR, NUM_PARKING, median_hh_income, neighborhood_walkability, emp_dist_m",16000,4000,0.262044750441083,0.618936828728141,0.28082177460206803,971340.3790649222,1.0,
6,"LAND_SF, LIVING_AREA, BED_RMS, TT_RMS, median_hh_income, INT_COND",16000,4000,0.26200448086283157,0.6189537159208649,-2.843964897370475,1234474.500268289,1.0,
7,"LAND_SF, LIVING_AREA, BED_RMS, TT_RMS, NUM_PARKING, neighborhood_walkability, INT_COND",16000,4000,0.2619480681399423,0.6189773720246705,-2.019595019344884,1153705.440043364,1.0,
6,"LAND_SF, LIVING_AREA, BED_RMS, TT_RMS, NUM_PARKING, INT_COND",16000,4000,0.26187886309366504,0.619006391224887,-2.8274480148846344,1230054.7020277295,1.0,
5,"YR_BUILT, RES_FLOOR, NUM_PARKING, neighborhood_walkability, emp_dist_m",16000,4000,0.2616520742642128,0.61910147924381,0.0182531675882448,990103.0966987016,1.0,
5,"YR_BUILT, LAND_SF, BED_RMS, TT_RMS, emp_dist_m",16000,4000,0.261579284827958,0.6191319953023591,-1.3827152924723647,1105465.5397670097,1.0,
7,"YR_BUILT, LIVING_AREA, BED_RMS, TT_RMS, NUM_PARKING, median_hh_income, INT_COND",16000,4000,0.26153045331634517,0.6191524664584269,-1.0770513100434327,1093314.4690763962,1.0,
5,"YR_BUILT, LIVING_AREA, BED_RMS, NUM_PARKING, emp_dist_m",16000,4000,0.26144467144939054,0.6191884263110938,-0.2522148228605656,994157.2933777551,1.0,
5,"LAND_SF, TT_RMS, RES_FLOOR, NUM_PARKING, median_hh_income",16000,4000,0.2613735455126458,0.6192182407981568,-0.09036163168186673,1000318.5739304138,1.0,
5,"LAND_SF, BED_RMS, RES_FLOOR, NUM_PARKING, neighborhood_walkability",16000,4000,0.26135958406770576,0.6192240929717894,0.4158625923058902,958138.7866788185,1.0,
5,"LIVING_AREA, TT_RMS, NUM_PARKING, neighborhood_walkability, INT_COND",16000,4000,0.2612652166096078,0.6192636472231741,-1.5975194366674743,1131664.042223848,1.0,
8,"YR_BUILT, LAND_SF, LIVING_AREA, BED_RMS, TT_RMS, RES_FLOOR, NUM_PARKING, neighborhood_walkability",16000,4000,0.2612473568079853,0.6192711328995589,-0.10487401629869186,996533.3781465675,1.0,
7,"LAND_SF, LIVING_AREA, BED_RMS, TT_RMS, median_hh_income, neighborhood_walkability, INT_COND",16000,4000,0.2610660593546483,0.6193471159725186,-1.2302859682538925,1106649.6018101533,1.0,
3,"RES_FLOOR, NUM_PARKING, neighborhood_walkability",16000,4000,0.26104895093693203,0.6193542857526959,0.04154635414416896,993507.4950968045,1.0,
7,"LAND_SF, BED_RMS, RES_FLOOR, NUM_PARKING, median_hh_income, neighborhood_walkability, emp_dist_m",16000,4000,0.260796858137043,0.6194599229543503,0.14673264309892387,990158.4509856517,1.0,
9,"YR_BUILT, LAND_SF, LIVING_AREA, TT_RMS, RES_FLOOR, NUM_PARKING, median_hh_income, neighborhood_walkability, emp_dist_m",16000,4000,0.26067313932514924,0.6195117596112129,0.5271163910546772,928657.1579587047,1.0,
6,"YR_BUILT, BED_RMS, NUM_PARKING, median_hh_income, emp_dist_m, INT_COND",16000,4000,0.2605750095119741,0.6195528717088313,0.12273353801848075,984850.3574532826,1.0,
5,"LAND_SF, BED_RMS, TT_RMS, neighborhood_walkability, emp_dist_m",16000,4000,0.2601993543348522,0.6197102295844471,-1.3019106471556157,1100335.6491106588,1.0,
3,"YR_BUILT, LIVING_AREA, emp_dist_m",16000,4000,0.2601538070881899,0.6197293061156832,-0.6215183433390554,1042816.0659972427,1.0,
5,"YR_BUILT, LAND_SF, LIVING_AREA, TT_RMS, emp_dist_m",16000,4000,0.2601145773888828,0.6197457362009458,-0.825681840664265,1046208.9993295775,1.0,
5,"YR_BUILT, TT_RMS, RES_FLOOR, NUM_PARKING, neighborhood_walkability",16000,4000,0.2600803386132966,0.6197600756439555,0.0949743363520773,986211.4164162477,1.0,
5,"LIVING_AREA, BED_RMS, NUM_PARKING, neighborhood_walkability, emp_dist_m",16000,4000,0.25994695546583,0.6198159342923629,-0.2668019399400885,998084.6908642033,1.0,
7,"YR_BUILT, LAND_SF, LIVING_AREA, BED_RMS, TT_RMS, NUM_PARKING, INT_COND",16000,4000,0.25991463408523674,0.619829469192413,-2.0889594064885255,1159636.3201368328,1.0,
8,"YR_BUILT, LAND_SF, LIVING_AREA, BED_RMS, TT_RMS, RES_FLOOR, median_hh_income, neighborhood_walkability",16000,4000,0.25984686072210794,0.6198578490036838,-0.10320290891630468,992489.5885147898,1.0,
6,"YR_BUILT, LAND_SF, RES_FLOOR, NUM_PARKING, neighborhood_walkability, INT_COND",16000,4000,0.2597484776633614,0.619899044184485,0.0459817583749178,995123.1801976816,1.0,
8,"YR_BUILT, LAND_SF, LIVING_AREA, RES_FLOOR, NUM_PARKING, median_hh_income, neighborhood_walkability, INT_COND",16000,4000,0.2595390867033215,0.6199867117368817,-0.68419990852239,1058728.5220540608,1.0,
5,"YR_BUILT, LAND_SF, BED_RMS, RES_FLOOR, median_hh_income",16000,4000,0.2594516063121811,0.620023334249456,0.4241111555250686,958245.3307008846,1.0,
7,"YR_BUILT, LAND_SF, TT_RMS, median_hh_income, neighborhood_walkability, emp_dist_m, INT_COND",16000,4000,0.2594200691537687,0.6200365363346285,0.2535061571599154,975385.5193784088,1.0,
7,"YR_BUILT, LAND_SF, LIVING_AREA, RES_FLOOR, NUM_PARKING, neighborhood_walkability, emp_dist_m",16000,4000,0.25940995828485947,0.6200407688870373,-0.6788359509970237,1058126.6633885636,1.0,
6,"YR_BUILT, LIVING_AREA, NUM_PARKING, neighborhood_walkability, emp_dist_m, INT_COND",16000,4000,0.25936132011027324,0.6200611291095189,-0.7038305972736829,1054555.1480701482,1.0,
5,"LAND_SF, LIVING_AREA, median_hh_income, emp_dist_m, INT_COND",16000,4000,0.25934427995498277,0.6200682620593928,-0.6681138431136677,1041500.0318251229,1.0,
5,"LIVING_AREA, TT_RMS, median_hh_income, neighborhood_walkability, INT_COND",16000,4000,0.25929328926486306,0.6200896060952139,-0.9339087068528535,1076070.3373328394,1.0,
7,"YR_BUILT, LAND_SF, LIVING_AREA, BED_RMS, TT_RMS, median_hh_income, INT_COND",16000,4000,0.259281046316602,0.6200947307238183,-1.2592918873003813,1111605.0492785627,1.0,
5,"LAND_SF, LIVING_AREA, TT_RMS, neighborhood_walkability, emp_dist_m",16000,4000,0.258976589924791,0.6202221558475137,-0.828325929470989,1045305.9312619868,1.0,
5,"LIVING_AREA, TT_RMS, NUM_PARKING, median_hh_income, emp_dist_m",16000,4000,0.25887989965862834,0.6202626184620592,-0.8409747974869204,1059467.2743972735,1.0,
3,"YR_BUILT, RES_FLOOR, median_hh_income",16000,4000,0.25880340710896355,0.6202946269347432,0.04465967513454483,993762.4428769967,1.0,
8,"YR_BUILT, LIVING_AREA, BED_RMS, TT_RMS, RES_FLOOR, NUM_PARKING, median_hh_income, neighborhood_walkability",16000,4000,0.2587645613236441,0.620310881405176,0.07230065423350407,968829.3495270652,1.0,
5,"LIVING_AREA, BED_RMS, NUM_PARKING, neighborhood_walkability, INT_COND",16000,4000,0.2585551187377222,0.6203985123602813,-0.7116008733815355,1036468.083889731,1.0,
5,"YR_BUILT, LIVING_AREA, TT_RMS, NUM_PARKING, INT_COND",16000,4000,0.25837970231000773,0.6204718972183292,-1.6653122376249394,1137169.4640341883,1.0,
5,"YR_BUILT, LIVING_AREA, BED_RMS, median_hh_income, emp_dist_m",16000,4000,0.2583128340630657,0.6204998690342173,-0.2680485827393857,999954.6847129515,1.0,
6,"BED_RMS, NUM_PARKING, median_hh_income, neighborhood_walkability, emp_dist_m, INT_COND",16000,4000,0.2582518293647432,0.6205253869551935,0.11536786945618216,984649.9240850473,1.0,
3,"neighborhood_walkability, emp_dist_m, INT_COND",16000,4000,0.25821061226572484,0.6205426272410733,0.002137055101814944,973747.2862560418,1.0,
6,"YR_BUILT, BED_RMS, TT_RMS, RES_FLOOR, NUM_PARKING, median_hh_income",16000,4000,0.25820898015237437,0.6205433099114958,-0.22685443906339975,1016260.9349417065,1.0,
4,"YR_BUILT, LAND_SF, TT_RMS, emp_dist_m",16000,4000,0.2581838117510149,0.6205538371018984,-0.05966495468663613,986472.3604658273,1.0,
5,"LAND_SF, BED_RMS, RES_FLOOR, median_hh_income, neighborhood_walkability",16000,4000,0.2579127532491132,0.620667201459077,0.4058986434421391,961469.5890115943,1.0,
6,"BED_RMS, TT_RMS, RES_FLOOR, NUM_PARKING, median_hh_income, neighborhood_walkability",16000,4000,0.257631915697366,0.6207846338566265,-0.21463301369044596,1013457.943864379,1.0,
5,"YR_BUILT, RES_FLOOR, NUM_PARKING, median_hh_income, emp_dist_m",16000,4000,0.25754729631003936,0.6208200131513759,0.018308502987080533,991819.0253251598,1.0,
9,"YR_BUILT, LAND_SF, BED_RMS, TT_RMS, RES_FLOOR, NUM_PARKING, median_hh_income, neighborhood_walkability, emp_dist_m",16000,4000,0.2573584039708773,0.6208989816069463,0.49694846366644296,924427.6960013667,1.0,
3,"median_hh_income, emp_dist_m, INT_COND",16000,4000,0.25723444173560917,0.6209507998826979,0.0018825112695683988,974353.8878973312,1.0,
7,"YR_BUILT, LAND_SF, TT_RMS, NUM_PARKING, median_hh_income, emp_dist_m, INT_COND",16000,4000,0.2571933647542676,0.6209679697901457,0.26685530865934326,973956.2506783258,1.0,
5,"YR_BUILT, TT_RMS, RES_FLOOR, median_hh_income, neighborhood_walkability",16000,4000,0.2569789661235239,0.6210575793000483,0.05764918124779039,995920.5855027431,1.0,
5,"YR_BUILT, LIVING_AREA, TT_RMS, median_hh_income, INT_COND",16000,4000,0.2569667222527463,0.621062696327073,-0.9475988854759769,1079775.1611545878,1.0,
8,"LAND_SF, LIVING_AREA, BED_RMS, TT_RMS, RES_FLOOR, NUM_PARKING, median_hh_income, neighborhood_walkability",16000,4000,0.2567473085895098,0.6211543877673803,-0.09726987346652183,996525.7160900568,1.0,
4,"LIVING_AREA, TT_RMS, median_hh_income, INT_COND",16000,4000,0.2567159179147822,0.6211675046048276,-2.6356057223723,1217566.496196433,1.0,
8,"YR_BUILT, LAND_SF, LIVING_AREA, BED_RMS, TT_RMS, RES_FLOOR, NUM_PARKING, median_hh_income",16000,4000,0.2565356787228882,0.6212428135918993,-0.13788476493822044,1001775.7078828547,1.0,
5,"LIVING_AREA, BED_RMS, median_hh_income, neighborhood_walkability, emp_dist_m",16000,4000,0.2564573918155161,0.6212755212128004,-0.28214566277541087,1003842.0788772183,1.0,
4,"LIVING_AREA, TT_RMS, NUM_PARKING, INT_COND",16000,4000,0.2563445931388004,0.6213226445371894,-2.612522357005197,1210575.5761896898,1.0,
7,"LAND_SF, TT_RMS, NUM_PARKING, median_hh_income, neighborhood_walkability, emp_dist_m, INT_COND",16000,4000,0.2561325377064423,0.6214112241733882,0.25431742841334526,974343.653651469,1.0,
5,"YR_BUILT, LIVING_AREA, BED_RMS, NUM_PARKING, INT_COND",16000,4000,0.2560639215734324,0.6214398837492812,-0.7959933862080371,1045422.3082012052,1.0,
9,"YR_BUILT, LAND_SF, LIVING_AREA, BED_RMS, NUM_PARKING, median_hh_income, neighborhood_walkability, emp_dist_m, INT_COND",16000,4000,0.2559671771948412,0.6214802896811003,-0.0997211876459696,1018812.8415713975,1.0,
5,"LIVING_AREA, BED_RMS, median_hh_income, neighborhood_walkability, INT_COND",16000,4000,0.2558985387112548,0.6215089554063155,-0.75250413120639,1047801.2819316931,1.0,
7,"YR_BUILT, LIVING_AREA, RES_FLOOR, NUM_PARKING, median_hh_income, neighborhood_walkability, emp_dist_m",16000,4000,0.25581420703972046,0.6215441733213841,0.2412817503694692,961263.0785225285,1.0,
7,"YR_BUILT, LAND_SF, LIVING_AREA, RES_FLOOR, median_hh_income, neighborhood_walkability, emp_dist_m",16000,4000,0.25542779011209193,0.6217055201400056,-0.6802824798822371,1058648.9233619878,1.0,
7,"LAND_SF, LIVING_AREA, BED_RMS, TT_RMS, NUM_PARKING, median_hh_income, INT_COND",16000,4000,0.25533673757481257,0.6217435326616806,-1.982921810182198,1154108.7258002204,1.0,
5,"YR_BUILT, RES_FLOOR, median_hh_income, neighborhood_walkability, emp_dist_m",16000,4000,0.2552877674627323,0.6217639756937701,0.016783788512161224,990854.2272018335,1.0,
5,"YR_BUILT, LAND_SF, LIVING_AREA, BED_RMS, emp_dist_m",16000,4000,0.25524322641822406,0.6217825691864135,-0.24045706812942558,985604.5492245218,1.0,
5,"LAND_SF, BED_RMS, TT_RMS, NUM_PARKING, emp_dist_m",16000,4000,0.25523024248888604,0.6217879891745506,-1.3718745475311422,1102046.5660591004,1.0,
5,"LAND_SF, BED_RMS, RES_FLOOR, NUM_PARKING, median_hh_income",16000,4000,0.2551598626304272,0.6218173675941414,0.4204056274016682,959617.0176431501,1.0,
4,"LAND_SF, TT_RMS, neighborhood_walkability, emp_dist_m",16000,4000,0.2551481659272137,0.6218222499737844,-0.06616910951523791,986107.8340340235,1.0,
7,"YR_BUILT, LAND_SF, LIVING_AREA, RES_FLOOR, NUM_PARKING, median_hh_income, emp_dist_m",16000,4000,0.2550951302493596,0.6218443873815197,-0.678412384775434,1059774.1361922629,1.0,
5,"LAND_SF, LIVING_AREA, TT_RMS, NUM_PARKING, emp_dist_m",16000,4000,0.2550377239080196,0.6218683482420755,-0.852766083885625,1064027.8938176897,1.0,
9,"YR_BUILT, LAND_SF, LIVING_AREA, BED_RMS, RES_FLOOR, NUM_PARKING, median_hh_income, neighborhood_walkability, emp_dist_m",16000,4000,0.255028717793484,0.6218721072247939,0.3705314065089168,951053.4325843924,1.0,
3,"LAND_SF, BED_RMS, INT_COND",16000,4000,0.2549817751118445,0.6218916998488248,-3.276937271186873,1261259.9045366254,1.0,
5,"LAND_SF, LIVING_AREA, BED_RMS, TT_RMS, INT_COND",16000,4000,0.2549395360250607,0.6219093287901665,-3.2638870798917496,1233665.3842610435,1.0,
8,"YR_BUILT, LAND_SF, LIVING_AREA, BED_RMS, TT_RMS, NUM_PARKING, neighborhood_walkability, INT_COND",16000,4000,0.2546997861447544,0.6220093815385642,-0.8800802984032778,1072987.8257350745,1.0,
3,"RES_FLOOR, NUM_PARKING, median_hh_income",16000,4000,0.25469019066717014,0.6220133856014616,0.042231942282899504,996231.2515077598,1.0,
5,"LAND_SF, BED_RMS, TT_RMS, neighborhood_walkability, INT_COND",16000,4000,0.2546061358624776,0.6220484594318122,-2.508202082530026,1192477.6934518828,1.0,
3,"LIVING_AREA, NUM_PARKING, emp_dist_m",16000,4000,0.25452189124896507,0.6220836104801174,-0.6245953208273061,1044508.2247087836,1.0,
7,"YR_BUILT, BED_RMS, RES_FLOOR, NUM_PARKING, median_hh_income, neighborhood_walkability, emp_dist_m",16000,4000,0.25447289423473296,0.6221040535611025,0.11718237655390107,992903.0463962548,1.0,
6,"YR_BUILT, LAND_SF, RES_FLOOR, median_hh_income, neighborhood_walkability, INT_COND",16000,4000,0.2542282585267378,0.622206113152046,0.044387174083333925,995720.9687159078,1.0,
5,"LAND_SF, BED_RMS, TT_RMS, median_hh_income, emp_dist_m",16000,4000,0.2541012652907837,0.6222590868703011,-1.255228913552294,1099494.0381400457,1.0,
5,"YR_BUILT, LIVING_AREA, BED_RMS, median_hh_income, INT_COND",16000,4000,0.25396628883444816,0.6223153857505782,-0.8057427193412967,1052864.5447325995,1.0,
5,"YR_BUILT, TT_RMS, RES_FLOOR, NUM_PARKING, median_hh_income",16000,4000,0.2539155740829545,0.622336537632403,0.05571409265925398,992339.8295324853,1.0,
6,"YR_BUILT, LAND_SF, RES_FLOOR, NUM_PARKING, median_hh_income, INT_COND",16000,4000,0.25390021235502414,0.6223429444913524,0.047369911598552195,997517.3811519413,1.0,
5,"LAND_SF, LIVING_AREA, BED_RMS, neighborhood_walkability, emp_dist_m",16000,4000,0.2538528759875337,0.6223626864800005,-0.24133395808681812,980455.9230383303,1.0,
6,"YR_BUILT, LIVING_AREA, median_hh_income, neighborhood_walkability, emp_dist_m, INT_COND",16000,4000,0.25379836814192813,0.6223854186119119,-0.7063123661785813,1055495.7909745378,1.0,
5,"YR_BUILT, BED_RMS, TT_RMS, neighborhood_walkability, emp_dist_m",16000,4000,0.25372401720144877,0.6224164248350269,-0.9844771563205397,1083168.0650837,1.0,
5,"LIVING_AREA, BED_RMS, NUM_PARKING, median_hh_income, emp_dist_m",16000,4000,0.2535505742543087,0.6224887489281723,-0.26440932421421426,999625.7080139279,1.0,
8,"YR_BUILT, LIVING_AREA, BED_RMS, TT_RMS, NUM_PARKING, median_hh_income, neighborhood_walkability, INT_COND",16000,4000,0.2535336172090815,0.6224958194071344,0.08534258076827372,965219.4514506811,1.0,
8,"YR_BUILT, LAND_SF, LIVING_AREA, BED_RMS, TT_RMS, median_hh_income, neighborhood_walkability, INT_COND",16000,4000,0.25352219593719116,0.6225005816221335,-0.8121209922668582,1056312.0094769,1.0,
7,"YR_BUILT, LAND_SF, BED_RMS, NUM_PARKING, neighborhood_walkability, emp_dist_m, INT_COND",16000,4000,0.25333350379396724,0.622579253450255,0.104803491043722,993177.156895929,1.0,
5,"YR_BUILT, BED_RMS, RES_FLOOR, NUM_PARKING, neighborhood_walkability",16000,4000,0.2533175397153211,0.6225859089323825,0.3347483225358746,970914.3148036747,1.0,
6,"YR_BUILT, LIVING_AREA, NUM_PARKING, median_hh_income, emp_dist_m, INT_COND",16000,4000,0.253316395027693,0.6225863861540613,-0.7037284462109759,1057321.84282933,1.0,
3,"LIVING_AREA, neighborhood_walkability, emp_dist_m",16000,4000,0.25315060521196897,0.6226555002692334,-0.6338003860421462,1044521.4594855497,1.0,
7,"LAND_SF, LIVING_AREA, RES_FLOOR, NUM_PARKING, median_hh_income, neighborhood_walkability, emp_dist_m",16000,4000,0.2530404307287263,0.6227014253370364,-0.6814391625243326,1059748.9232487297,1.0,
7,"YR_BUILT, LAND_SF, LIVING_AREA, TT_RMS, RES_FLOOR, NUM_PARKING, neighborhood_walkability",16000,4000,0.252885102638546,0.6227661664551191,-0.4481009080839833,1040494.9081560296,1.0,
6,"YR_BUILT, LAND_SF, LIVING_AREA, neighborhood_walkability, emp_dist_m, INT_COND",16000,4000,0.2527642759785216,0.6228165226413448,-0.6955268241172745,1052881.4395198845,1.0,
4,"YR_BUILT, LAND_SF, emp_dist_m, INT_COND",16000,4000,0.2525712379168722,0.6228969654833192,0.14042237405459734,969823.7529122623,1.0,
5,"TT_RMS, RES_FLOOR, NUM_PARKING, median_hh_income, neighborhood_walkability",16000,4000,0.25252171843361537,0.6229175995735037,0.16774331418833177,982571.6932241642,1.0,
5,"LAND_SF, LIVING_AREA, TT_RMS, median_hh_income, emp_dist_m",16000,4000,0.2524367836254803,0.6229529891528718,-0.8290747819726176,1047588.6385662816,1.0,
5,"YR_BUILT, LIVING_AREA, RES_FLOOR, NUM_PARKING, neighborhood_walkability",16000,4000,0.2521802550647484,0.6230598640787318,-0.6307910074107277,1062093.218439859,1.0,
7,"YR_BUILT, LAND_SF, LIVING_AREA, BED_RMS, TT_RMS, neighborhood_walkability, emp_dist_m",16000,4000,0.25217882538216296,0.6230604596617032,-0.8197652216569677,1057020.7546877628,1.0,
5,"RES_FLOOR, NUM_PARKING, median_hh_income, neighborhood_walkability, emp_dist_m",16000,4000,0.2521473399758348,0.6230735758356787,0.01630603343146786,992519.2327005647,1.0,
6,"LAND_SF, RES_FLOOR, NUM_PARKING, median_hh_income, neighborhood_walkability, INT_COND",16000,4000,0.2521355644212889,0.6230784812190442,0.04353449680338062,996558.2810430942,1.0,
7,"YR_BUILT, LIVING_AREA, BED_RMS, TT_RMS, NUM_PARKING, neighborhood_walkability, emp_dist_m",16000,4000,0.2521116882313672,0.6230884272872819,0.06275902577087988,970161.466979673,1.0,
5,"YR_BUILT, LAND_SF, BED_RMS, TT_RMS, INT_COND",16000,4000,0.2519308988693526,0.623163733285935,-2.5017750829475607,1192638.9087541238,1.0,
5,"LIVING_AREA, TT_RMS, NUM_PARKING, median_hh_income, INT_COND",16000,4000,0.2518219780872972,0.6232090987545422,-1.5613051975722945,1133626.6806672986,1.0,
6,"YR_BUILT, LAND_SF, LIVING_AREA, NUM_PARKING, emp_dist_m, INT_COND",16000,4000,0.2517409953913553,0.6232428258795412,-0.692447683420399,1054655.198025643,1.0,
3,"RES_FLOOR, median_hh_income, neighborhood_walkability",16000,4000,0.25138769792058324,0.6233899434736055,0.03888436227953351,994690.6617380233,1.0,
4,"LAND_SF, TT_RMS, NUM_PARKING, emp_dist_m",16000,4000,0.2512928219478453,0.623429445131071,-0.11470731389850441,1010762.8506221903,1.0,
6,"LIVING_AREA, NUM_PARKING, median_hh_income, neighborhood_walkability, emp_dist_m, INT_COND",16000,4000,0.25123515790947626,0.623453452358686,-0.7062895238321238,1056076.6463166564,1.0,
7,"YR_BUILT, LIVING_AREA, TT_RMS, RES_FLOOR, NUM_PARKING, median_hh_income, neighborhood_walkability",16000,4000,0.2508352774659798,0.6236199088695333,0.6261134124172836,920284.8660013634,1.0,
7,"YR_BUILT, LAND_SF, LIVING_AREA, TT_RMS, RES_FLOOR, median_hh_income, neighborhood_walkability",16000,4000,0.2505676968697108,0.6237312686843438,-0.46794436817659846,1045407.9061500855,1.0,
7,"YR_BUILT, LIVING_AREA, BED_RMS, TT_RMS, median_hh_income, neighborhood_walkability, emp_dist_m",16000,4000,0.2505234815710604,0.6237496679830183,0.12449703859015604,953808.718540864,1.0,
4,"YR_BUILT, LAND_SF, BED_RMS, emp_dist_m",16000,4000,0.2504063324646857,0.6237984145809506,0.3752668225532374,963470.059832032,1.0,
5,"LAND_SF, LIVING_AREA, BED_RMS, NUM_PARKING, emp_dist_m",16000,4000,0.2504047509533952,0.6237990726332783,-0.22446147002565553,976548.6916914103,1.0,
8,"LAND_SF, LIVING_AREA, BED_RMS, TT_RMS, NUM_PARKING, median_hh_income, neighborhood_walkability, INT_COND",16000,4000,0.25032464555058276,0.6238324028478983,-0.8734635864515845,1072941.0441115806,1.0,
6,"LAND_SF, LIVING_AREA, NUM_PARKING, neighborhood_walkability, emp_dist_m, INT_COND",16000,4000,0.2501248500899974,0.6239155258812661,-0.6956901092421566,1053444.8289211446,1.0,
6,"YR_BUILT, LIVING_AREA, TT_RMS, NUM_PARKING, neighborhood_walkability, INT_COND",16000,4000,0.24989684731171136,0.6240103707775836,-0.8402939245795327,1064765.7476805777,1.0,
7,"YR_BUILT, LAND_SF, BED_RMS, median_hh_income, neighborhood_walkability, emp_dist_m, INT_COND",16000,4000,0.24983610542422707,0.6240356358363204,0.09902441617394275,995062.0029314754,1.0,
5,"YR_BUILT, BED_RMS, RES_FLOOR, median_hh_income, neighborhood_walkability",16000,4000,0.24977798950924568,0.6240598076871978,0.3257797685658549,973923.3301406557,1.0,
7,"YR_BUILT, LAND_SF, BED_RMS, TT_RMS, RES_FLOOR, NUM_PARKING, neighborhood_walkability",16000,4000,0.24932720223064175,0.6242472695132322,-0.06090201107820481,994049.4293904064,1.0,
5,"LIVING_AREA, BED_RMS, NUM_PARKING, median_hh_income, INT_COND",16000,4000,0.24919401031905264,0.6243026471688589,-0.7706902413178673,1044261.8387910796,1.0,
5,"YR_BUILT, BED_RMS, TT_RMS, NUM_PARKING, emp_dist_m",16000,4000,0.24893514491623203,0.6244102624720951,-1.3916791256459478,1103613.6698418588,1.0,
8,"YR_BUILT, LAND_SF, LIVING_AREA, BED_RMS, TT_RMS, NUM_PARKING, median_hh_income, INT_COND",16000,4000,0.24879082950278641,0.6244702491006059,-0.8772476807075651,1075007.0070462956,1.0,
7,"YR_BUILT, TT_RMS, NUM_PARKING, median_hh_income, neighborhood_walkability, emp_dist_m, INT_COND",16000,4000,0.2487433751423752,0.6244899728802457,0.20064467600951919,981062.0476114074,1.0,
3,"BED_RMS, neighborhood_walkability, INT_COND",16000,4000,0.24834461049383727,0.6246556895473082,-1.9687699805702321,1171412.211515195,1.0,
7,"YR_BUILT, LAND_SF, LIVING_AREA, BED_RMS, TT_RMS, NUM_PARKING, emp_dist_m",16000,4000,0.24825004249263283,0.6246949832069582,-0.9060846040461332,1076828.2967591456,1.0,
7,"LAND_SF, LIVING_AREA, BED_RMS, TT_RMS, NUM_PARKING, neighborhood_walkability, emp_dist_m",16000,4000,0.2481915982210957,0.6247192659709818,-0.9004422727643326,1075720.9774641758,1.0,
4,"LAND_SF, NUM_PARKING, emp_dist_m, INT_COND",16000,4000,0.24813423671597545,0.6247430979431858,0.1386461414518242,971032.4113450269,1.0,
4,"LAND_SF, TT_RMS, median_hh_income, emp_dist_m",16000,4000,0.24803372425226222,0.6247848556428405,-0.0639647882963792,987952.5662128032,1.0,
7,"YR_BUILT, LAND_SF, BED_RMS, NUM_PARKING, median_hh_income, emp_dist_m, INT_COND",16000,4000,0.24795019337377633,0.624819556253954,0.10615767184820901,995425.3476626414,1.0,
7,"YR_BUILT, LAND_SF, BED_RMS, TT_RMS, RES_FLOOR, median_hh_income, neighborhood_walkability",16000,4000,0.247760798035499,0.6248982282119775,-0.05586357509813511,987881.4859877133,1.0,
5,"YR_BUILT, BED_RMS, TT_RMS, median_hh_income, emp_dist_m",16000,4000,0.2477134483306468,0.624917895015429,-0.9499159572177804,1082949.3093804894,1.0,
7,"YR_BUILT, LAND_SF, LIVING_AREA, BED_RMS, RES_FLOOR, NUM_PARKING, neighborhood_walkability",16000,4000,0.24767597687521703,0.6249334584276754,-0.35626593292679276,1030517.0181903747,1.0,
6,"YR_BUILT, LIVING_AREA, TT_RMS, median_hh_income, neighborhood_walkability, INT_COND",16000,4000,0.247596829655074,0.6249663301981282,-0.838697594617724,1062916.059379478,1.0,
7,"YR_BUILT, LAND_SF, LIVING_AREA, TT_RMS, RES_FLOOR, NUM_PARKING, median_hh_income",16000,4000,0.2475192610437763,0.6249985446563261,-0.4646372588746268,1044717.9479770449,1.0,
7,"LAND_SF, LIVING_AREA, TT_RMS, RES_FLOOR, NUM_PARKING, median_hh_income, neighborhood_walkability",16000,4000,0.24750849044399248,0.6250030175848368,-0.41857982870844257,1038215.6728080504,1.0,
6,"YR_BUILT, LAND_SF, BED_RMS, TT_RMS, neighborhood_walkability, INT_COND",16000,4000,0.24747707100118366,0.6250160656002219,-1.1063645821479748,1093249.8033671395,1.0,
5,"BED_RMS, TT_RMS, NUM_PARKING, neighborhood_walkability, emp_dist_m",16000,4000,0.24744784887025628,0.6250282008610157,-1.3880172008850011,1102267.2212615067,1.0,
5,"LAND_SF, LIVING_AREA, BED_RMS, median_hh_income, emp_dist_m",16000,4000,0.24736563295455327,0.6250623419251039,-0.2427647921785998,984613.7031051347,1.0,
5,"YR_BUILT, BED_RMS, RES_FLOOR, NUM_PARKING, median_hh_income",16000,4000,0.2472053384513091,0.6251289006206471,0.33812135025457646,972918.0512334645,1.0,
5,"YR_BUILT, LIVING_AREA, RES_FLOOR, median_hh_income, neighborhood_walkability",16000,4000,0.24716874177423587,0.6251440955759481,-0.6329503742286382,1062807.0447516995,1.0,
4,"YR_BUILT, TT_RMS, neighborhood_walkability, emp_dist_m",16000,4000,0.24714972597456908,0.6251519907979437,0.26230370032179096,960377.6395398558,1.0,
4,"LAND_SF, BED_RMS, neighborhood_walkability, emp_dist_m",16000,4000,0.2469763695055741,0.62522396254812,0.3509840153351629,966795.530531705,1.0,
7,"YR_BUILT, LAND_SF, LIVING_AREA, BED_RMS, TT_RMS, median_hh_income, emp_dist_m",16000,4000,0.24689165504226074,0.6252591301183887,-0.818728567730411,1058652.3214932343,1.0,
7,"YR_BUILT, LIVING_AREA, BED_RMS, TT_RMS, NUM_PARKING, median_hh_income, emp_dist_m",16000,4000,0.246870875963638,0.6252677558487333,0.06710863775120424,969997.2281827884,1.0,
7,"LAND_SF, BED_RMS, NUM_PARKING, median_hh_income, neighborhood_walkability, emp_dist_m, INT_COND",16000,4000,0.24671411426581324,0.625332826320622,0.10037383989585902,994827.7145388366,1.0,
5,"YR_BUILT, BED_RMS, TT_RMS, neighborhood_walkability, INT_COND",16000,4000,0.24669664656895507,0.625340076596467,-2.5531553347099023,1198661.37342721,1.0,
7,"LAND_SF, LIVING_AREA, BED_RMS, TT_RMS, median_hh_income, neighborhood_walkability, emp_dist_m",16000,4000,0.2466506973707292,0.625359148220701,-0.8179565910668622,1057898.0248797617,1.0,
6,"YR_BUILT, LAND_SF, LIVING_AREA, median_hh_income, emp_dist_m, INT_COND",16000,4000,0.24662848907448243,0.6253683657634953,-0.6952106317595796,1055554.8912443358,1.0,
7,"LIVING_AREA, BED_RMS, TT_RMS, NUM_PARKING, median_hh_income, neighborhood_walkability, emp_dist_m",16000,4000,0.24657513994880542,0.625390507737567,0.06817534939012271,971139.3209433669,1.0,
5,"LAND_SF, LIVING_AREA, TT_RMS, neighborhood_walkability, INT_COND",16000,4000,0.24646284199063628,0.6254371132214368,-1.0661816488253026,1087625.4653477555,1.0,
8,"YR_BUILT, LAND_SF, TT_RMS, RES_FLOOR, NUM_PARKING, median_hh_income, neighborhood_walkability, emp_dist_m",16000,4000,0.24606980797695333,0.6256002014055293,0.2157097576180239,988985.7146939378,1.0,
3,"LIVING_AREA, median_hh_income, emp_dist_m",16000,4000,0.2459931738430351,0.6256319955370644,-0.6315444539000907,1047004.0379417153,1.0,
3,"YR_BUILT, BED_RMS, INT_COND",16000,4000,0.24597978035652834,0.6256375520891997,-2.3575882637120267,1194066.9284209977,1.0,
5,"BED_RMS, TT_RMS, median_hh_income, neighborhood_walkability, emp_dist_m",16000,4000,0.24586842602068204,0.6256837477218442,-0.8890083350671587,1078062.0691600575,1.0,
5,"LAND_SF, BED_RMS, TT_RMS, median_hh_income, INT_COND",16000,4000,0.24571110895545345,0.6257490052986062,-2.5058205725870444,1195450.7726873897,1.0,
5,"YR_BUILT, LIVING_AREA, RES_FLOOR, NUM_PARKING, median_hh_income",16000,4000,0.24562633654549426,0.625784167397301,-0.6294319891766182,1064610.7754923396,1.0,
5,"BED_RMS, RES_FLOOR, NUM_PARKING, median_hh_income, neighborhood_walkability",16000,4000,0.2455591198353716,0.625812046297423,0.32130265035508243,975066.0221826041,1.0,
5,"YR_BUILT, LAND_SF, LIVING_AREA, RES_FLOOR, neighborhood_walkability",16000,4000,0.24541362507079445,0.6258723876636417,-0.5985602316026861,1057075.4669947906,1.0,
7,"YR_BUILT, LIVING_AREA, BED_RMS, RES_FLOOR, NUM_PARKING, median_hh_income, neighborhood_walkability",16000,4000,0.24527086984056157,0.625931587202915,0.5213160750065922,943037.7033796693,1.0,
7,"YR_BUILT, LAND_SF, LIVING_AREA, BED_RMS, RES_FLOOR, median_hh_income, neighborhood_walkability",16000,4000,0.24513501104704405,0.6259879216415046,-0.36211727681488326,1032283.6964350288,1.0,
4,"LAND_SF, neighborhood_walkability, emp_dist_m, INT_COND",16000,4000,0.2447041860709448,0.626166531569111,0.1272237865900928,971393.9067337158,1.0,
5,"LAND_SF, BED_RMS, TT_RMS, NUM_PARKING, INT_COND",16000,4000,0.24467927265033995,0.6261768585305763,-2.5057342221195884,1199674.416548618,1.0,
6,"LAND_SF, LIVING_AREA, median_hh_income, neighborhood_walkability, emp_dist_m, INT_COND",16000,4000,0.24465461750913542,0.6261870782639449,-0.698366701492795,1054457.2847012463,1.0,
5,"LIVING_AREA, RES_FLOOR, NUM_PARKING, median_hh_income, neighborhood_walkability",16000,4000,0.24422206095857035,0.626366348940682,-0.6364982534508505,1064488.7506953385,1.0,
7,"YR_BUILT, LAND_SF, BED_RMS, TT_RMS, RES_FLOOR, NUM_PARKING, median_hh_income",16000,4000,0.24418672658242424,0.6263809908112354,-0.06046830383008883,995802.0632069045,1.0,
5,"LAND_SF, LIVING_AREA, BED_RMS, neighborhood_walkability, INT_COND",16000,4000,0.2441561421396764,0.6263936641264737,-0.7976008793118863,1042981.4178020338,1.0,
6,"YR_BUILT, LIVING_AREA, BED_RMS, NUM_PARKING, neighborhood_walkability, INT_COND",16000,4000,0.2440672742001888,0.6264304869950609,-0.29126506759311344,1013684.3681749547,1.0,
7,"LAND_SF, BED_RMS, TT_RMS, RES_FLOOR, NUM_PARKING, median_hh_income, neighborhood_walkability",16000,4000,0.24405251566171493,0.6264366020586132,-0.0621697249688451,995149.0491666712,1.0,
6,"LAND_SF, LIVING_AREA, NUM_PARKING, median_hh_income, emp_dist_m, INT_COND",16000,4000,0.24399240483415086,0.6264615078059095,-0.6954122379045697,1056067.8200521937,1.0,
4,"LAND_SF, BED_RMS, NUM_PARKING, emp_dist_m",16000,4000,0.24388780831156975,0.626504842971714,0.3766127172482917,960649.2856009796,1.0,
6,"LIVING_AREA, TT_RMS, NUM_PARKING, median_hh_income, neighborhood_walkability, INT_COND",16000,4000,0.24371679921961087,0.6265756869339882,-0.8416873156932996,1064980.9683494158,1.0,
4,"YR_BUILT, TT_RMS, NUM_PARKING, emp_dist_m",16000,4000,0.243576006308872,0.6266340072228166,0.2233940388372132,978233.4107748275,1.0,
6,"YR_BUILT, LAND_SF, LIVING_AREA, TT_RMS, neighborhood_walkability, INT_COND",16000,4000,0.2435327223894248,0.6266519355197241,-0.8316004691967032,1056054.4739657515,1.0,
5,"YR_BUILT, LAND_SF, LIVING_AREA, TT_RMS, INT_COND",16000,4000,0.24340956901467692,0.6267029431192491,-1.0920447756950868,1091739.4754079208,1.0,
5,"YR_BUILT, LAND_SF, LIVING_AREA, RES_FLOOR, NUM_PARKING",16000,4000,0.24332991236912138,0.6267359330555905,-0.5942875911354568,1058770.7648074045,1.0,
7,"LAND_SF, LIVING_AREA, BED_RMS, TT_RMS, NUM_PARKING, median_hh_income, emp_dist_m",16000,4000,0.24290613280374074,0.6269114129037288,-0.8969258312377517,1077068.4735373924,1.0,
5,"LAND_SF, LIVING_AREA, RES_FLOOR, NUM_PARKING, neighborhood_walkability",16000,4000,0.24239072859905686,0.6271247667689409,-0.6033508021163727,1058865.4215971353,1.0,
6,"YR_BUILT, RES_FLOOR, NUM_PARKING, median_hh_income, neighborhood_walkability, INT_COND",16000,4000,0.2423775897664513,0.6271302046984387,0.015490918748934157,1000052.5094921569,1.0,
7,"YR_BUILT, LAND_SF, LIVING_AREA, BED_RMS, RES_FLOOR, NUM_PARKING, median_hh_income",16000,4000,0.24233695327347304,0.6271470231228274,-0.3538089231852024,1032111.4518423234,1.0,
9,"YR_BUILT, LAND_SF, LIVING_AREA, BED_RMS, TT_RMS, NUM_PARKING, median_hh_income, neighborhood_walkability, INT_COND",16000,4000,0.24226155536328087,0.6271782272305095,-0.25869306605708364,1017783.2033286422,1.0,
6,"LAND_SF, BED_RMS, TT_RMS, NUM_PARKING, neighborhood_walkability, INT_COND",16000,4000,0.24224863605143987,0.6271835738488696,-1.3496012476509214,1102225.4537576728,1.0,
7,"LAND_SF, LIVING_AREA, BED_RMS, RES_FLOOR, NUM_PARKING, median_hh_income, neighborhood_walkability",16000,4000,0.2421974260580778,0.6272047665022602,-0.3657680970245456,1033584.4031102414,1.0,
6,"YR_BUILT, LIVING_AREA, TT_RMS, NUM_PARKING, neighborhood_walkability, emp_dist_m",16000,4000,0.24180391127512635,0.627367594079436,0.47979250395474105,939516.931595983,1.0,
6,"YR_BUILT, LIVING_AREA, TT_RMS, NUM_PARKING, median_hh_income, INT_COND",16000,4000,0.24179193565296242,0.6273725486602557,-0.8402827125337644,1067898.6001693667,1.0,
9,"YR_BUILT, LAND_SF, LIVING_AREA, BED_RMS, TT_RMS, RES_FLOOR, NUM_PARKING, median_hh_income, neighborhood_walkability",16000,4000,0.24177193023979437,0.627380825256647,0.1057855344829105,963895.1868771189,1.0,
6,"LAND_SF, BED_RMS, TT_RMS, median_hh_income, neighborhood_walkability, INT_COND",16000,4000,0.2415133008667224,0.6274878150146214,-0.999310613637229,1087156.20741056,1.0,
5,"YR_BUILT, LAND_SF, LIVING_AREA, BED_RMS, INT_COND",16000,4000,0.2414971862990274,0.627494480682706,-0.7930180850313358,1043644.932554366,1.0,
5,"BED_RMS, TT_RMS, NUM_PARKING, median_hh_income, emp_dist_m",16000,4000,0.241440621647647,0.6275178776590871,-1.3866472638848601,1103768.7839186192,1.0,
6,"YR_BUILT, LIVING_AREA, BED_RMS, median_hh_income, neighborhood_walkability, INT_COND",16000,4000,0.24132907882724897,0.6275640128351804,-0.3062372708541157,1019127.2426612328,1.0,
6,"YR_BUILT, LAND_SF, RES_FLOOR, NUM_PARKING, neighborhood_walkability, emp_dist_m",16000,4000,0.2406546003794482,0.6278429113370495,0.030816847522053825,1001220.2304192059,1.0,
4,"TT_RMS, NUM_PARKING, neighborhood_walkability, emp_dist_m",16000,4000,0.24037260180871134,0.6279594817205125,0.31871242458746796,965740.4606827361,1.0,
4,"YR_BUILT, TT_RMS, median_hh_income, emp_dist_m",16000,4000,0.24017203457034664,0.6280423774841559,0.22771050036067753,967488.5031966616,1.0,
4,"LAND_SF, TT_RMS, neighborhood_walkability, INT_COND",16000,4000,0.2401580330997649,0.6280481639758113,-0.8791395350529392,1071669.2531835777,1.0,
6,"YR_BUILT, LAND_SF, BED_RMS, TT_RMS, NUM_PARKING, INT_COND",16000,4000,0.24010062369694618,0.6280718894283308,-1.3499251141681765,1104920.55361287,1.0,
6,"YR_BUILT, LAND_SF, TT_RMS, RES_FLOOR, NUM_PARKING, neighborhood_walkability",16000,4000,0.24007293858206713,0.6280833304720936,0.48186011119862915,940286.9079978853,1.0,
8,"YR_BUILT, LAND_SF, TT_RMS, NUM_PARKING, median_hh_income, neighborhood_walkability, emp_dist_m, INT_COND",16000,4000,0.24005092133961647,0.6280924290839907,0.15657442364237995,993264.3528760563,1.0,
4,"LAND_SF, BED_RMS, median_hh_income, emp_dist_m",16000,4000,0.23994405793426388,0.6281365884482861,0.3577760512083089,968464.9248770463,1.0,
5,"BED_RMS, TT_RMS, median_hh_income, neighborhood_walkability, INT_COND",16000,4000,0.23988690096194243,0.6281602062563082,-2.5563685298280774,1201571.530644376,1.0,
4,"LAND_SF, BED_RMS, TT_RMS, INT_COND",16000,4000,0.23976328877864816,0.6282112809569369,-2.4070323492140173,1159236.4912152803,1.0,
6,"YR_BUILT, LAND_SF, BED_RMS, TT_RMS, median_hh_income, INT_COND",16000,4000,0.23972301477621805,0.6282279206740229,-1.0658563223798412,1093756.9733298528,1.0,
6,"YR_BUILT, LAND_SF, LIVING_AREA, TT_RMS, neighborhood_walkability, emp_dist_m",16000,4000,0.23960699765485216,0.6282758521621543,-0.3618604551962845,1026371.1014842179,1.0,
6,"LAND_SF, LIVING_AREA, TT_RMS, NUM_PARKING, neighborhood_walkability, INT_COND",16000,4000,0.23957647629788947,0.6282884611939809,-0.8483575685578018,1069010.9679253625,1.0,
5,"BED_RMS, TT_RMS, NUM_PARKING, neighborhood_walkability, INT_COND",16000,4000,0.23955888598725406,0.6282957280163135,-2.553010600108197,1199714.033264138,1.0,
6,"YR_BUILT, LAND_SF, BED_RMS, TT_RMS, neighborhood_walkability, emp_dist_m",16000,4000,0.23927735498632552,0.6284120212791079,-0.09472497426736037,1004629.5177550934,1.0,
7,"YR_BUILT, BED_RMS, NUM_PARKING, median_hh_income, neighborhood_walkability, emp_dist_m, INT_COND",16000,4000,0.23898012340353314,0.6285347767007733,0.0711276086376712,998098.2160929949,1.0,
6,"YR_BUILT, LIVING_AREA, TT_RMS, median_hh_income, neighborhood_walkability, emp_dist_m",16000,4000,0.23897770962146503,0.6285357734847055,0.4623338510317814,946929.1973511525,1.0,
8,"YR_BUILT, LAND_SF, BED_RMS, RES_FLOOR, NUM_PARKING, median_hh_income, neighborhood_walkability, emp_dist_m",16000,4000,0.2388845886272709,0.6285742270796196,0.10060149790822237,1003163.3470744938,1.0,
5,"YR_BUILT, LAND_SF, LIVING_AREA, RES_FLOOR, median_hh_income",16000,4000,0.2387688447300812,0.6286220193486379,-0.5965632007031196,1059457.74327274,1.0,
4,"LAND_SF, median_hh_income, emp_dist_m, INT_COND",16000,4000,0.23830155700829136,0.6288149320291729,0.13568855379935185,972485.9466615318,1.0,
7,"YR_BUILT, BED_RMS, TT_RMS, RES_FLOOR, NUM_PARKING, median_hh_income, neighborhood_walkability",16000,4000,0.238281562470398,0.6288231851519106,-0.06931006590136346,993000.4150720133,1.0,
4,"YR_BUILT, BED_RMS, neighborhood_walkability, emp_dist_m",16000,4000,0.23820206588195036,0.6288559977971617,0.24306524118458772,980282.5789506756,1.0,
5,"LAND_SF, LIVING_AREA, TT_RMS, NUM_PARKING, INT_COND",16000,4000,0.2381457378866153,0.628879246444448,-2.089582041244841,1157405.150081491,1.0,
6,"YR_BUILT, LAND_SF, LIVING_AREA, BED_RMS, neighborhood_walkability, INT_COND",16000,4000,0.23796132401129477,0.6289553548600685,-0.2502975536510397,997482.3535062824,1.0,
5,"YR_BUILT, BED_RMS, TT_RMS, median_hh_income, INT_COND",16000,4000,0.2379383699326597,0.6289648274645514,-2.5536802091319606,1202396.0877561306,1.0,
6,"LIVING_AREA, BED_RMS, NUM_PARKING, median_hh_income, neighborhood_walkability, INT_COND",16000,4000,0.23768742640782026,0.6290683766088417,-0.30514061575445295,1017975.2371365223,1.0,
5,"LAND_SF, LIVING_AREA, RES_FLOOR, median_hh_income, neighborhood_walkability",16000,4000,0.23747193469602712,0.6291572833430021,-0.605577592521749,1059639.8809447344,1.0,
2,"LAND_SF, emp_dist_m",16000,4000,0.23742976242339697,0.6291746811456801,-0.7275121572306509,1052702.244124608,1.0,
3,"LAND_SF, TT_RMS, INT_COND",16000,4000,0.23741812438524623,0.6291794822319566,-3.2784809298553226,1252017.98508429,1.0,
6,"LAND_SF, LIVING_AREA, TT_RMS, median_hh_income, neighborhood_walkability, INT_COND",16000,4000,0.23736917802873503,0.6291996738665115,-0.835349726741272,1058918.1252481204,1.0,
6,"YR_BUILT, LAND_SF, TT_RMS, RES_FLOOR, median_hh_income, neighborhood_walkability",16000,4000,0.2372764125059902,0.6292379402597182,0.4693996469064564,943698.9716459704,1.0,
6,"YR_BUILT, LAND_SF, LIVING_AREA, TT_RMS, NUM_PARKING, INT_COND",16000,4000,0.23718652091438186,0.629275018917306,-0.848297865360853,1072073.955148494,1.0,
7,"YR_BUILT, LAND_SF, LIVING_AREA, NUM_PARKING, neighborhood_walkability, emp_dist_m, INT_COND",16000,4000,0.23709662283501198,0.6293120980660915,-0.7076221648396901,1062286.5103289573,1.0,
5,"YR_BUILT, BED_RMS, TT_RMS, NUM_PARKING, INT_COND",16000,4000,0.2370514076704885,0.6293307465799863,-2.551215613071855,1202889.8608362905,1.0,
4,"YR_BUILT, LAND_SF, TT_RMS, INT_COND",16000,4000,0.2368970274877329,0.6293944148810581,-0.9733757945527199,1077334.192629159,1.0,
5,"LAND_SF, LIVING_AREA, TT_RMS, median_hh_income, INT_COND",16000,4000,0.23687763187229594,0.629402413417888,-1.0519138374835202,1090342.1922617017,1.0,
5,"LAND_SF, LIVING_AREA, BED_RMS, NUM_PARKING, INT_COND",16000,4000,0.23660582082101922,0.6295144945910506,-0.8015082189017839,1048903.3495291644,1.0,
4,"TT_RMS, median_hh_income, neighborhood_walkability, emp_dist_m",16000,4000,0.23640968278270302,0.6295953596353369,0.3231088499235423,957300.6588753577,1.0,
4,"BED_RMS, TT_RMS, neighborhood_walkability, INT_COND",16000,4000,0.23625278464845711,0.6296600391246157,-2.5214210453277124,1167050.0963967934,1.0,
6,"YR_BUILT, LAND_SF, RES_FLOOR, NUM_PARKING, median_hh_income, emp_dist_m",16000,4000,0.23616119807233837,0.6296977915885105,0.031526838033975824,1002926.3414479177,1.0,
6,"YR_BUILT, LIVING_AREA, BED_RMS, NUM_PARKING, median_hh_income, INT_COND",16000,4000,0.23601492580777017,0.629758081084545,-0.2883735291284535,1016522.378708359,1.0,
6,"YR_BUILT, LAND_SF, LIVING_AREA, TT_RMS, NUM_PARKING, emp_dist_m",16000,4000,0.23599677351297121,0.6297655625699976,-0.3539778244854508,1022597.6108561073,1.0,
4,"LIVING_AREA, BED_RMS, TT_RMS, INT_COND",16000,4000,0.23597835288394442,0.629773154558798,-3.262680865504027,1222997.6247091608,1.0,
4,"LAND_SF, BED_RMS, neighborhood_walkability, INT_COND",16000,4000,0.23588778497793594,0.629810480428995,0.634852717549679,913247.6728230014,1.0,
5,"LAND_SF, LIVING_AREA, RES_FLOOR, NUM_PARKING, median_hh_income",16000,4000,0.2357492899065361,0.629867554307474,-0.6014752078021204,1061154.3037085785,1.0,
6,"YR_BUILT, LIVING_AREA, TT_RMS, NUM_PARKING, median_hh_income, emp_dist_m",16000,4000,0.23574339344689732,0.6298699841262487,0.4366588601754433,948267.825887213,1.0,
4,"YR_BUILT, NUM_PARKING, emp_dist_m, INT_COND",16000,4000,0.235698697656615,0.6298884021058104,0.003611953392937961,991791.7609834387,1.0,
6,"YR_BUILT, LAND_SF, RES_FLOOR, median_hh_income, neighborhood_walkability, emp_dist_m",16000,4000,0.23559214769801862,0.6299323064168715,0.029576833064028696,1001758.9935077472,1.0,
6,"LAND_SF, LIVING_AREA, TT_RMS, NUM_PARKING, neighborhood_walkability, emp_dist_m",16000,4000,0.23552633350856855,0.6299594238723587,-0.3199738480867871,1015976.2344678433,1.0,
3,"TT_RMS, neighborhood_walkability, INT_COND",16000,4000,0.23546168299239645,0.6299860607224433,-2.5474837781613338,1194225.4679897842,1.0,
4,"YR_BUILT, BED_RMS, NUM_PARKING, emp_dist_m",16000,4000,0.23539512900161697,0.6300134806522957,0.2640163047276386,976052.7967172593,1.0,
6,"YR_BUILT, LAND_SF, LIVING_AREA, TT_RMS, median_hh_income, INT_COND",16000,4000,0.23533694890921675,0.6300374495979979,-0.8324650133150326,1060136.6936085108,1.0,
6,"YR_BUILT, LIVING_AREA, BED_RMS, NUM_PARKING, neighborhood_walkability, emp_dist_m",16000,4000,0.23525407461483627,0.6300715904488818,0.26230489564611514,990058.321721412,1.0,
7,"YR_BUILT, LIVING_AREA, NUM_PARKING, median_hh_income, neighborhood_walkability, emp_dist_m, INT_COND",16000,4000,0.23498754563336122,0.6301813770487865,-0.08248482788618006,1017966.2108856422,1.0,
6,"YR_BUILT, LAND_SF, BED_RMS, TT_RMS, NUM_PARKING, emp_dist_m",16000,4000,0.23495168235194808,0.6301961481202056,-0.24505718114797292,1030474.7682360834,1.0,
6,"LIVING_AREA, TT_RMS, NUM_PARKING, median_hh_income, neighborhood_walkability, emp_dist_m",16000,4000,0.23494997301412046,0.6301968521394736,0.4916753920295299,937257.2924861358,1.0,
3,"BED_RMS, median_hh_income, INT_COND",16000,4000,0.23482204427723075,0.6302495394896274,-1.81753243787802,1168404.4291937153,1.0,
6,"YR_BUILT, BED_RMS, TT_RMS, NUM_PARKING, neighborhood_walkability, INT_COND",16000,4000,0.23473743624718557,0.6302843828209088,-1.3713712162135012,1104579.2725582095,1.0,
5,"LAND_SF, LIVING_AREA, BED_RMS, median_hh_income, INT_COND",16000,4000,0.23465306212497716,0.6303191279060001,-0.7990042214073123,1047502.0330006384,1.0,
6,"LAND_SF, BED_RMS, TT_RMS, NUM_PARKING, median_hh_income, INT_COND",16000,4000,0.23449792147466664,0.6303830094997601,-1.3475202097865853,1104512.8792222638,1.0,
6,"LAND_SF, BED_RMS, TT_RMS, NUM_PARKING, neighborhood_walkability, emp_dist_m",16000,4000,0.23431322635517482,0.6304590521694012,-0.23472269242876243,1029182.3401611905,1.0,
6,"LAND_SF, LIVING_AREA, BED_RMS, NUM_PARKING, neighborhood_walkability, INT_COND",16000,4000,0.23424345593579388,0.6304877756578983,-0.2423451744407381,996505.6061865534,1.0,
6,"YR_BUILT, LAND_SF, TT_RMS, RES_FLOOR, NUM_PARKING, median_hh_income",16000,4000,0.2341489900415069,0.6305266638367062,0.48239050821017637,941537.978068051,1.0,
6,"YR_BUILT, BED_RMS, TT_RMS, median_hh_income, neighborhood_walkability, INT_COND",16000,4000,0.23390938167498532,0.6306252911460429,-0.7536799066128237,1072901.1292003898,1.0,
8,"YR_BUILT, LAND_SF, LIVING_AREA, RES_FLOOR, NUM_PARKING, median_hh_income, neighborhood_walkability, emp_dist_m",16000,4000,0.2336091402415048,0.6307488543964519,-0.03251034980452716,1019528.7665831599,1.0,
6,"LAND_SF, TT_RMS, RES_FLOOR, NUM_PARKING, median_hh_income, neighborhood_walkability",16000,4000,0.23357542320906444,0.630762729004566,0.47613166368250015,945164.289601648,1.0,
6,"YR_BUILT, LAND_SF, LIVING_AREA, TT_RMS, median_hh_income, emp_dist_m",16000,4000,0.23348338133949875,0.6308006028147569,-0.3753819525390809,1030981.9958754746,1.0,
6,"YR_BUILT, LAND_SF, BED_RMS, TT_RMS, median_hh_income, emp_dist_m",16000,4000,0.2334604867648905,0.6308100232260534,-0.09201468911453681,1006238.1541918075,1.0,
8,"YR_BUILT, LAND_SF, LIVING_AREA, BED_RMS, TT_RMS, NUM_PARKING, neighborhood_walkability, emp_dist_m",16000,4000,0.23345816832434574,0.6308109771849836,-0.18265850904160796,1014371.5778072408,1.0,
4,"TT_RMS, NUM_PARKING, median_hh_income, emp_dist_m",16000,4000,0.2334001317297899,0.6308348567871652,0.29414083191326024,971042.6474766101,1.0,
3,"BED_RMS, NUM_PARKING, INT_COND",16000,4000,0.23338294009500127,0.6308419302436821,-2.1107363362915836,1193837.7538846554,1.0,
4,"YR_BUILT, LAND_SF, BED_RMS, INT_COND",16000,4000,0.23332778760645523,0.630864622066241,0.6022939930208028,923815.3575006169,1.0,
6,"YR_BUILT, LAND_SF, LIVING_AREA, BED_RMS, neighborhood_walkability, emp_dist_m",16000,4000,0.23323644900386253,0.6309022004315102,-0.41804781073144337,1040275.4191665008,1.0,
4,"YR_BUILT, BED_RMS, TT_RMS, INT_COND",16000,4000,0.23300576952668928,0.6309970962081307,-2.521748729219028,1171675.9611184564,1.0,
6,"YR_BUILT, LAND_SF, BED_RMS, RES_FLOOR, NUM_PARKING, neighborhood_walkability",16000,4000,0.2329089647843473,0.6310369150109498,0.23409187816918442,996467.8759240215,1.0,
7,"YR_BUILT, LAND_SF, BED_RMS, TT_RMS, NUM_PARKING, neighborhood_walkability, INT_COND",16000,4000,0.23289074860089864,0.6310444076131548,-0.20237354083160874,1029814.1231803164,1.0,
6,"LAND_SF, RES_FLOOR, NUM_PARKING, median_hh_income, neighborhood_walkability, emp_dist_m",16000,4000,0.23280561687540602,0.6310794224489096,0.029052662944304863,1003020.7778527673,1.0,
6,"LAND_SF, LIVING_AREA, TT_RMS, median_hh_income, neighborhood_walkability, emp_dist_m",16000,4000,0.23276452031843708,0.631096324843333,-0.3400099327439883,1024192.7755417097,1.0,
7,"YR_BUILT, LAND_SF, LIVING_AREA, median_hh_income, neighborhood_walkability, emp_dist_m, INT_COND",16000,4000,0.23257702787885726,0.6311734319145212,-0.7095787263801043,1062990.8680190428,1.0,
6,"LAND_SF, BED_RMS, TT_RMS, median_hh_income, neighborhood_walkability, emp_dist_m",16000,4000,0.23257360975145813,0.6311748375466676,-0.09079769209562372,1005486.0212505333,1.0,
7,"YR_BUILT, LAND_SF, RES_FLOOR, NUM_PARKING, median_hh_income, neighborhood_walkability, INT_COND",16000,4000,0.23239771543832533,0.6312471661147232,0.029869050907898487,1005619.5385677222,1.0,
4,"YR_BUILT, LAND_SF, RES_FLOOR, neighborhood_walkability",16000,4000,0.23237553518023513,0.6312562861526667,0.07375952378500739,1005721.5577907949,1.0,
6,"YR_BUILT, LIVING_AREA, BED_RMS, median_hh_income, neighborhood_walkability, emp_dist_m",16000,4000,0.23212358288040935,0.6313598741907065,0.2526162971277194,993046.9148923109,1.0,
6,"YR_BUILT, LAND_SF, LIVING_AREA, BED_RMS, NUM_PARKING, INT_COND",16000,4000,0.23210586351888474,0.6313671587153222,-0.23253277662178307,993710.8199801063,1.0,
7,"YR_BUILT, LAND_SF, LIVING_AREA, TT_RMS, NUM_PARKING, neighborhood_walkability, INT_COND",16000,4000,0.23191519284580786,0.6314455391348568,-0.27839265362070087,1010909.4989296487,1.0,
7,"YR_BUILT, LIVING_AREA, TT_RMS, NUM_PARKING, median_hh_income, neighborhood_walkability, INT_COND",16000,4000,0.23191029279849218,0.631447553305724,0.4236774056525755,943397.9346125312,1.0,
8,"YR_BUILT, LAND_SF, LIVING_AREA, BED_RMS, TT_RMS, median_hh_income, neighborhood_walkability, emp_dist_m",16000,4000,0.23188062531107267,0.6314597480280829,-0.1848298416146179,1015410.5088692401,1.0,
4,"BED_RMS, NUM_PARKING, neighborhood_walkability, emp_dist_m",16000,4000,0.2317974073661463,0.631493953231767,0.2468615818038432,978155.8865015266,1.0,
4,"YR_BUILT, neighborhood_walkability, emp_dist_m, INT_COND",16000,4000,0.23176798156505807,0.6315060477220038,0.001032560522214232,990062.5319618164,1.0,
7,"YR_BUILT, LAND_SF, BED_RMS, TT_RMS, median_hh_income, neighborhood_walkability, INT_COND",16000,4000,0.2316592768365111,0.6315507251525248,-0.08160394493434175,1007644.2612360822,1.0,
6,"LAND_SF, LIVING_AREA, BED_RMS, median_hh_income, neighborhood_walkability, INT_COND",16000,4000,0.23159797995033693,0.6315759166591577,-0.25906062922296513,1002552.6902084919,1.0,
3,"YR_BUILT, TT_RMS, INT_COND",16000,4000,0.23151958431384712,0.6316081338656943,-2.541521180341507,1195100.0612136961,1.0,
4,"YR_BUILT, LAND_SF, RES_FLOOR, NUM_PARKING",16000,4000,0.23141886825570823,0.6316495213858622,0.07893217392571827,1007732.464704939,1.0,
7,"YR_BUILT, LAND_SF, LIVING_AREA, NUM_PARKING, median_hh_income, emp_dist_m, INT_COND",16000,4000,0.23140656432090312,0.6316545772889454,-0.7075434202287603,1064828.0163096068,1.0,
6,"LAND_SF, LIVING_AREA, TT_RMS, NUM_PARKING, median_hh_income, INT_COND",16000,4000,0.2313840444658739,0.6316638309884004,-0.8476965932662608,1071868.9015074724,1.0,
4,"YR_BUILT, BED_RMS, median_hh_income, emp_dist_m",16000,4000,0.2313065045813688,0.6316956920920674,0.24611186888903225,982820.9719627681,1.0,
3,"LIVING_AREA, BED_RMS, INT_COND",16000,4000,0.23105201543925424,0.6318002502757621,-3.2431187119731133,1209537.7956610569,1.0,
8,"YR_BUILT, LAND_SF, BED_RMS, NUM_PARKING, median_hh_income, neighborhood_walkability, emp_dist_m, INT_COND",16000,4000,0.23104192122327893,0.6318043971799596,0.06879201953357339,1004343.7116562589,1.0,
5,"BED_RMS, TT_RMS, NUM_PARKING, median_hh_income, INT_COND",16000,4000,0.2308058306762597,0.6319013800990285,-2.5541196378863296,1204701.2883987655,1.0,
8,"YR_BUILT, LIVING_AREA, BED_RMS, TT_RMS, NUM_PARKING, median_hh_income, neighborhood_walkability, emp_dist_m",16000,4000,0.23057719126987553,0.6319952880012689,0.23060105067670977,966099.3259505027,1.0,
7,"LAND_SF, LIVING_AREA, NUM_PARKING, median_hh_income, neighborhood_walkability, emp_dist_m, INT_COND",16000,4000,0.23033850120531052,0.6320933090743156,-0.7095467294680662,1063470.8842758776,1.0,
4,"YR_BUILT, TT_RMS, neighborhood_walkability, INT_COND",16000,4000,0.2302326646870616,0.6321367673059478,-0.599551749480298,1064288.715241028,1.0,
8,"YR_BUILT, LAND_SF, LIVING_AREA, TT_RMS, RES_FLOOR, NUM_PARKING, median_hh_income, neighborhood_walkability",16000,4000,0.230083921764222,0.6321978385701795,0.39362130456040656,967975.6930050101,1.0,
6,"YR_BUILT, LAND_SF, LIVING_AREA, BED_RMS, NUM_PARKING, emp_dist_m",16000,4000,0.22996701721103197,0.6322458334118471,-0.40579990329296756,1039007.8025639358,1.0,
6,"YR_BUILT, LAND_SF, LIVING_AREA, BED_RMS, median_hh_income, INT_COND",16000,4000,0.2298181137974169,0.6323069600221239,-0.24992563352925967,999869.8951256905,1.0,
6,"YR_BUILT, LAND_SF, BED_RMS, RES_FLOOR, median_hh_income, neighborhood_walkability",16000,4000,0.22980814862750454,0.6323110506311246,0.2284521148330414,998305.2722338213,1.0,
7,"YR_BUILT, LAND_SF, LIVING_AREA, TT_RMS, median_hh_income, neighborhood_walkability, INT_COND",16000,4000,0.22966152449500565,0.6323712354065429,-0.2968378520289232,1018628.0576944026,1.0,
6,"LAND_SF, LIVING_AREA, TT_RMS, NUM_PARKING, median_hh_income, emp_dist_m",16000,4000,0.22940503778223786,0.6324765016797455,-0.3310794167208331,1020445.8047008791,1.0,
6,"LAND_SF, LIVING_AREA, BED_RMS, NUM_PARKING, neighborhood_walkability, emp_dist_m",16000,4000,0.22932132514649162,0.6325108549001393,-0.4195428811104873,1040200.5613728046,1.0,
6,"YR_BUILT, LIVING_AREA, BED_RMS, NUM_PARKING, median_hh_income, emp_dist_m",16000,4000,0.22923005905489213,0.6325483057123652,0.2249538629082467,996718.1580714826,1.0,
4,"LAND_SF, LIVING_AREA, BED_RMS, INT_COND",16000,4000,0.22906933034055932,0.6326142549475638,-1.4960213428757614,1138833.283201659,1.0,
4,"LAND_SF, TT_RMS, NUM_PARKING, INT_COND",16000,4000,0.228802192389583,0.6327238501713768,-1.2475385284705593,1091218.2752373086,1.0,
6,"BED_RMS, TT_RMS, NUM_PARKING, median_hh_income, neighborhood_walkability, INT_COND",16000,4000,0.2287571623813135,0.6327423221794876,-1.3696947063278904,1104393.817891488,1.0,
4,"LAND_SF, RES_FLOOR, NUM_PARKING, neighborhood_walkability",16000,4000,0.2286938532038244,0.6327682916744306,0.07173778117822038,1007629.1700142035,1.0,
8,"YR_BUILT, LAND_SF, LIVING_AREA, BED_RMS, TT_RMS, NUM_PARKING, median_hh_income, emp_dist_m",16000,4000,0.2285215615224654,0.6328389605170486,-0.22101139055465335,1019752.3156765122,1.0,
8,"LAND_SF, LIVING_AREA, BED_RMS, TT_RMS, NUM_PARKING, median_hh_income, neighborhood_walkability, emp_dist_m",16000,4000,0.22851698215588345,0.6328408387272113,-0.17403202882728297,1014026.2373981859,1.0,
6,"LAND_SF, BED_RMS, TT_RMS, NUM_PARKING, median_hh_income, emp_dist_m",16000,4000,0.2284986787227623,0.632848345756529,-0.22741106430712854,1030368.4941988854,1.0,
6,"LIVING_AREA, BED_RMS, NUM_PARKING, median_hh_income, neighborhood_walkability, emp_dist_m",16000,4000,0.22826138656197736,0.6329456614720256,0.2629619794417518,991570.7283956883,1.0,
6,"YR_BUILT, BED_RMS, TT_RMS, NUM_PARKING, neighborhood_walkability, emp_dist_m",16000,4000,0.22820776883140204,0.6329676485282107,-0.194491920609704,1023246.5189734959,1.0,
4,"LAND_SF, TT_RMS, median_hh_income, INT_COND",16000,4000,0.22803321910330931,0.633039220954286,-0.8159583093407423,1072270.4669114968,1.0,
7,"LAND_SF, BED_RMS, TT_RMS, NUM_PARKING, median_hh_income, neighborhood_walkability, INT_COND",16000,4000,0.22762282720378402,0.6332074663089511,-0.18895443366862286,1029370.1516518063,1.0,
4,"NUM_PARKING, neighborhood_walkability, emp_dist_m, INT_COND",16000,4000,0.22753340816382683,0.6332441188454677,0.0017103183845121883,990951.6189156766,1.0,
4,"BED_RMS, median_hh_income, neighborhood_walkability, emp_dist_m",16000,4000,0.22714983565841507,0.6334013197461537,0.22929476300164264,984831.185703325,1.0,
6,"YR_BUILT, LAND_SF, LIVING_AREA, BED_RMS, median_hh_income, emp_dist_m",16000,4000,0.227149334956794,0.6334015249250039,-0.415212260474517,1042168.3428106483,1.0,
6,"YR_BUILT, BED_RMS, TT_RMS, NUM_PARKING, median_hh_income, INT_COND",16000,4000,0.22707424184367897,0.6334322960294286,-1.3706787774179325,1107278.9838109578,1.0,
6,"YR_BUILT, LAND_SF, BED_RMS, RES_FLOOR, NUM_PARKING, median_hh_income",16000,4000,0.22702151851207175,0.6334538997159033,0.23693005728550065,998507.822181587,1.0,
8,"YR_BUILT, LAND_SF, BED_RMS, TT_RMS, RES_FLOOR, NUM_PARKING, median_hh_income, neighborhood_walkability",16000,4000,0.2267748747228142,0.6335549536344279,0.2956423677551828,978338.9333822618,1.0,
6,"YR_BUILT, TT_RMS, RES_FLOOR, NUM_PARKING, median_hh_income, neighborhood_walkability",16000,4000,0.22666241439568247,0.6336010250853557,0.4295565730591391,960744.705485866,1.0,
7,"LAND_SF, LIVING_AREA, TT_RMS, NUM_PARKING, median_hh_income, neighborhood_walkability, INT_COND",16000,4000,0.22650853934714565,0.633664057414957,-0.269418741275097,1008927.608048952,1.0,
2,"YR_BUILT, emp_dist_m",16000,4000,0.2264144030869638,0.6337026156620752,0.002069683843145098,993794.2324535678,1.0,
4,"BED_RMS, TT_RMS, median_hh_income, INT_COND",16000,4000,0.22640817897412724,0.6337051649783155,-2.524323381848694,1174432.119806027,1.0,
6,"YR_BUILT, BED_RMS, TT_RMS, median_hh_income, neighborhood_walkability, emp_dist_m",16000,4000,0.22640376376415527,0.6337069733850847,-0.08870797188791202,1001896.0512561869,1.0,
6,"LAND_SF, BED_RMS, RES_FLOOR, NUM_PARKING, median_hh_income, neighborhood_walkability",16000,4000,0.2262726996194916,0.633760653031491,0.2253104884174938,999108.0647350181,1.0,
4,"YR_BUILT, LIVING_AREA, neighborhood_walkability, emp_dist_m",16000,4000,0.22627068462040845,0.6337614782746372,-0.6867721390984614,1066584.041032027,1.0,
6,"LAND_SF, LIVING_AREA, BED_RMS, median_hh_income, neighborhood_walkability, emp_dist_m",16000,4000,0.22625522187559433,0.6337678110080985,-0.42877621724827386,1043350.8543125394,1.0,
6,"LAND_SF, LIVING_AREA, BED_RMS, NUM_PARKING, median_hh_income, INT_COND",16000,4000,0.2261035873701085,0.6338299092370272,-0.24125065452663597,998814.109104533,1.0,
7,"YR_BUILT, LAND_SF, BED_RMS, TT_RMS, NUM_PARKING, median_hh_income, INT_COND",16000,4000,0.22607689194725733,0.6338408410692808,-0.19611434082492485,1031859.909977719,1.0,
4,"LAND_SF, BED_RMS, NUM_PARKING, INT_COND",16000,4000,0.2258951136639562,0.6339152746492902,0.6159471545204794,925460.6303583918,1.0,
4,"YR_BUILT, median_hh_income, emp_dist_m, INT_COND",16000,4000,0.2256084640948115,0.6340326325970398,0.0008305314662412355,993039.5987772775,1.0,
5,"YR_BUILT, LAND_SF, TT_RMS, neighborhood_walkability, emp_dist_m",16000,4000,0.2254851174972673,0.6340831255649979,0.4642242404526239,951699.4501479509,1.0,
7,"YR_BUILT, LAND_SF, LIVING_AREA, BED_RMS, NUM_PARKING, neighborhood_walkability, INT_COND",16000,4000,0.2253678797655222,0.634131114090546,-0.44110583740467324,1047229.3610704849,1.0,
6,"YR_BUILT, RES_FLOOR, NUM_PARKING, median_hh_income, neighborhood_walkability, emp_dist_m",16000,4000,0.225139899038728,0.6342244222771325,0.011571060212400841,1004448.117565234,1.0,
4,"YR_BUILT, LAND_SF, RES_FLOOR, median_hh_income",16000,4000,0.225097071565592,0.6342419492178418,0.07686553744296898,1008316.3741555361,1.0,
4,"YR_BUILT, LIVING_AREA, NUM_PARKING, emp_dist_m",16000,4000,0.22507350684819183,0.6342515927603588,-0.6823548885943953,1068567.4918672612,1.0,
4,"BED_RMS, NUM_PARKING, median_hh_income, emp_dist_m",16000,4000,0.22490706739086563,0.6343197016869074,0.24963007430900053,980511.0346698458,1.0,
7,"YR_BUILT, LIVING_AREA, BED_RMS, NUM_PARKING, median_hh_income, neighborhood_walkability, INT_COND",16000,4000,0.22487940162814057,0.634331022124127,0.17438931738271524,1005895.5996196761,1.0,
7,"YR_BUILT, LAND_SF, LIVING_AREA, TT_RMS, NUM_PARKING, median_hh_income, INT_COND",16000,4000,0.22479458809824837,0.6343657253571515,-0.28563237035745304,1015957.3541789067,1.0,
4,"YR_BUILT, BED_RMS, neighborhood_walkability, INT_COND",16000,4000,0.22458310337238063,0.6344522504966298,0.528046694107489,929209.5435842571,1.0,
8,"YR_BUILT, LAND_SF, LIVING_AREA, BED_RMS, RES_FLOOR, NUM_PARKING, median_hh_income, neighborhood_walkability",16000,4000,0.2244356552343153,0.6345125692469057,0.19504833967596702,1007847.7365158706,1.0,
5,"YR_BUILT, LAND_SF, TT_RMS, neighborhood_walkability, INT_COND",16000,4000,0.22400167912966484,0.6346900688864243,-0.06707143900576096,1002111.1877184897,1.0,
4,"LAND_SF, BED_RMS, median_hh_income, INT_COND",16000,4000,0.2239089800546198,0.6347279771033417,0.6291075029989879,920749.9457065021,1.0,
6,"LAND_SF, LIVING_AREA, BED_RMS, NUM_PARKING, median_hh_income, emp_dist_m",16000,4000,0.2232365316884457,0.6350028993513174,-0.41680216505086465,1042037.3149591909,1.0,
7,"YR_BUILT, LAND_SF, LIVING_AREA, BED_RMS, median_hh_income, neighborhood_walkability, INT_COND",16000,4000,0.22280992133395416,0.6351772520582966,-0.45018717988525236,1050205.9197925068,1.0,
6,"YR_BUILT, BED_RMS, TT_RMS, NUM_PARKING, median_hh_income, emp_dist_m",16000,4000,0.22245399909709118,0.6353226784071967,-0.18960817333537294,1024756.964390681,1.0,
4,"TT_RMS, NUM_PARKING, neighborhood_walkability, INT_COND",16000,4000,0.22234025738857743,0.6353691451399106,-1.3788787285876083,1110912.7535196242,1.0,
5,"YR_BUILT, LAND_SF, NUM_PARKING, emp_dist_m, INT_COND",16000,4000,0.22206584138859053,0.6354812379171899,0.056578937249560535,997309.1594646998,1.0,
4,"BED_RMS, TT_RMS, NUM_PARKING, INT_COND",16000,4000,0.22194806785248689,0.6355293397001218,-2.5881312794412157,1194300.0211272314,1.0,
4,"LIVING_AREA, NUM_PARKING, neighborhood_walkability, emp_dist_m",16000,4000,0.2218538211955552,0.6355678298698932,-0.6871766327128126,1067892.0882669988,1.0,
4,"LAND_SF, RES_FLOOR, median_hh_income, neighborhood_walkability",16000,4000,0.22181310922622532,0.6355844558460066,0.06975604206307529,1008384.0835657422,1.0,
5,"YR_BUILT, LAND_SF, TT_RMS, NUM_PARKING, emp_dist_m",16000,4000,0.22175784060293435,0.6356070257804162,0.48420340930096917,945663.8087448265,1.0,
5,"YR_BUILT, LAND_SF, neighborhood_walkability, emp_dist_m, INT_COND",16000,4000,0.22173527360149436,0.6356162411901132,0.0514837343325677,995484.8054627997,1.0,
3,"TT_RMS, median_hh_income, INT_COND",16000,4000,0.22161059636122615,0.6356671516981766,-2.548565813164693,1200320.0896891933,1.0,
6,"BED_RMS, TT_RMS, NUM_PARKING, median_hh_income, neighborhood_walkability, emp_dist_m",16000,4000,0.2214925626719435,0.63571534563207,-0.18266377940414946,1023544.7547121735,1.0,
4,"LAND_SF, RES_FLOOR, NUM_PARKING, median_hh_income",16000,4000,0.2214206109144824,0.635744722216895,0.074752341123546,1010108.3368079804,1.0,
4,"NUM_PARKING, median_hh_income, emp_dist_m, INT_COND",16000,4000,0.2213831730496707,0.6357600068745611,0.0015192047130282438,993824.2572453899,1.0,
4,"LAND_SF, LIVING_AREA, TT_RMS, INT_COND",16000,4000,0.22109381496417047,0.6358781299382528,-2.825026853331498,1224388.3107899681,1.0,
6,"YR_BUILT, LAND_SF, LIVING_AREA, RES_FLOOR, NUM_PARKING, neighborhood_walkability",16000,4000,0.22091493310663246,0.6359511429231681,-0.6569956426468755,1074586.9852235264,1.0,
7,"YR_BUILT, BED_RMS, TT_RMS, NUM_PARKING, median_hh_income, neighborhood_walkability, INT_COND",16000,4000,0.22064154536479985,0.6360627135363051,-0.16222057155197578,1024771.1634677419,1.0,
4,"TT_RMS, median_hh_income, neighborhood_walkability, INT_COND",16000,4000,0.22032004618154755,0.6361938935836365,-0.5132092719842007,1061102.8811210564,1.0,
5,"LAND_SF, TT_RMS, NUM_PARKING, neighborhood_walkability, emp_dist_m",16000,4000,0.2202755811334539,0.6362120343532095,0.46820277847110925,949258.740160372,1.0,
7,"LAND_SF, LIVING_AREA, BED_RMS, NUM_PARKING, median_hh_income, neighborhood_walkability, INT_COND",16000,4000,0.21982247647500686,0.6363968616861556,-0.45148017521317807,1049584.340936389,1.0,
8,"YR_BUILT, LAND_SF, LIVING_AREA, NUM_PARKING, median_hh_income, neighborhood_walkability, emp_dist_m, INT_COND",16000,4000,0.2196574705391442,0.6364641564394989,-0.7157515008461535,1069522.8110375775,1.0,
4,"YR_BUILT, TT_RMS, NUM_PARKING, INT_COND",16000,4000,0.2193774894234064,0.6365783255106192,-1.3736410483521562,1112462.2657242084,1.0,
3,"LAND_SF, LIVING_AREA, emp_dist_m",16000,4000,0.2192849799755906,0.6366160439750378,-0.5683879695656893,1035789.5907644539,1.0,
6,"YR_BUILT, LIVING_AREA, RES_FLOOR, NUM_PARKING, median_hh_income, neighborhood_walkability",16000,4000,0.21926513401896464,0.6366241353872572,0.10241353521792285,1014696.8334718111,1.0,
6,"YR_BUILT, BED_RMS, RES_FLOOR, NUM_PARKING, median_hh_income, neighborhood_walkability",16000,4000,0.21901486250789637,0.6367261649780701,0.17786293198674008,1004385.0692201848,1.0,
4,"YR_BUILT, LIVING_AREA, median_hh_income, emp_dist_m",16000,4000,0.2186849401085108,0.6368606413163395,-0.686179291333114,1069753.324611323,1.0,
5,"YR_BUILT, LAND_SF, TT_RMS, median_hh_income, emp_dist_m",16000,4000,0.21865367363050026,0.6368733840567853,0.4679027074062868,953326.1997010289,1.0,
8,"YR_BUILT, LAND_SF, BED_RMS, TT_RMS, NUM_PARKING, median_hh_income, neighborhood_walkability, INT_COND",16000,4000,0.21859072797752999,0.6368990369601859,0.47222267315290545,946459.8516370547,1.0,
5,"LAND_SF, TT_RMS, NUM_PARKING, neighborhood_walkability, INT_COND",16000,4000,0.2185305309969935,0.6369235687017138,0.05137292096430124,1011260.4048351771,1.0,
7,"YR_BUILT, LAND_SF, LIVING_AREA, TT_RMS, NUM_PARKING, neighborhood_walkability, emp_dist_m",16000,4000,0.2184620168916892,0.6369514887253046,-0.32167466151526924,1027385.5313106297,1.0,
8,"YR_BUILT, LAND_SF, LIVING_AREA, TT_RMS, NUM_PARKING, median_hh_income, neighborhood_walkability, INT_COND",16000,4000,0.2184186794839892,0.6369691484195813,-0.3510976234833252,1035130.1785213196,1.0,
4,"YR_BUILT, TT_RMS, median_hh_income, INT_COND",16000,4000,0.2183509622830132,0.6369967417310232,-0.5662335741833591,1067552.036546757,1.0,
5,"LAND_SF, NUM_PARKING, neighborhood_walkability, emp_dist_m, INT_COND",16000,4000,0.2183216570360279,0.6370086826219991,0.0510202659097988,996295.3496903727,1.0,
7,"YR_BUILT, LAND_SF, LIVING_AREA, BED_RMS, NUM_PARKING, median_hh_income, INT_COND",16000,4000,0.21828377728624748,0.6370241169994518,-0.438497211275106,1049946.4861726835,1.0,
4,"YR_BUILT, RES_FLOOR, NUM_PARKING, neighborhood_walkability",16000,4000,0.21824743322152218,0.6370389252994291,0.022967706891289907,1013231.1327077143,1.0,
2,"NUM_PARKING, emp_dist_m",16000,4000,0.21790896749142574,0.6371768158040678,0.0038700936081251802,996286.014065474,1.0,
3,"TT_RMS, NUM_PARKING, INT_COND",16000,4000,0.21743288145210582,0.6373707221544443,-2.554524570812039,1208602.4947922654,1.0,
4,"BED_RMS, NUM_PARKING, neighborhood_walkability, INT_COND",16000,4000,0.217352857229547,0.6374033096421194,0.5165594552710122,931202.1433428492,1.0,
5,"LAND_SF, TT_RMS, median_hh_income, neighborhood_walkability, emp_dist_m",16000,4000,0.21681368789703037,0.6376228269251459,0.45214574720175105,956807.2997354647,1.0,
6,"YR_BUILT, LAND_SF, LIVING_AREA, RES_FLOOR, median_hh_income, neighborhood_walkability",16000,4000,0.21679192036337513,0.6376316877668712,-0.6587798740386204,1075104.4448597794,1.0,
7,"YR_BUILT, LAND_SF, BED_RMS, TT_RMS, NUM_PARKING, neighborhood_walkability, emp_dist_m",16000,4000,0.21670470865004288,0.6376671875308907,0.39137224099256207,961563.9519520836,1.0,
4,"median_hh_income, neighborhood_walkability, emp_dist_m, INT_COND",16000,4000,0.21644949053538676,0.6377710634029623,-0.0008922990680888532,992465.9887250348,1.0,
5,"YR_BUILT, LAND_SF, BED_RMS, neighborhood_walkability, emp_dist_m",16000,4000,0.21620529166725033,0.6378704385148615,0.173293741034383,1002593.7121885633,1.0,
5,"YR_BUILT, LAND_SF, TT_RMS, NUM_PARKING, INT_COND",16000,4000,0.216015183029454,0.6379477912493223,-0.10270537373980093,1026575.4852648542,1.0,
5,"LAND_SF, TT_RMS, median_hh_income, neighborhood_walkability, INT_COND",16000,4000,0.2159171859922301,0.6379876613071219,0.056779422155163184,996054.6387860789,1.0,
7,"YR_BUILT, LAND_SF, LIVING_AREA, TT_RMS, median_hh_income, neighborhood_walkability, emp_dist_m",16000,4000,0.21591336615645917,0.6379892153554179,-0.33152729059624964,1030658.7282938334,1.0,
7,"YR_BUILT, LIVING_AREA, TT_RMS, NUM_PARKING, median_hh_income, neighborhood_walkability, emp_dist_m",16000,4000,0.2158921178316071,0.6379978598786596,0.5593681300151636,939208.8850079004,1.0,
9,"YR_BUILT, LAND_SF, LIVING_AREA, BED_RMS, TT_RMS, NUM_PARKING, median_hh_income, neighborhood_walkability, emp_dist_m",16000,4000,0.2154792143289983,0.6381658194707023,0.6867292387508221,906503.7879044366,1.0,
5,"YR_BUILT, LAND_SF, BED_RMS, neighborhood_walkability, INT_COND",16000,4000,0.2152010544462677,0.6382789435592231,0.32626465661246984,987250.809127679,1.0,
4,"YR_BUILT, BED_RMS, NUM_PARKING, INT_COND",16000,4000,0.21509109750492728,0.6383236561207085,0.5362026685889318,928252.8074405033,1.0,
5,"YR_BUILT, LAND_SF, median_hh_income, emp_dist_m, INT_COND",16000,4000,0.21491310880926706,0.6383960262737488,0.05453268364386654,998070.8950051853,1.0,
7,"YR_BUILT, LAND_SF, BED_RMS, TT_RMS, median_hh_income, neighborhood_walkability, emp_dist_m",16000,4000,0.21490705948850564,0.6383984857816963,0.3845895253785382,962275.6344391691,1.0,
4,"LIVING_AREA, median_hh_income, neighborhood_walkability, emp_dist_m",16000,4000,0.21490630716839132,0.6383987916562507,-0.690866441199903,1069259.947555166,1.0,
6,"YR_BUILT, LAND_SF, LIVING_AREA, RES_FLOOR, NUM_PARKING, median_hh_income",16000,4000,0.21472073874043873,0.6384742346649956,-0.656175285440602,1076962.52741905,1.0,
5,"YR_BUILT, LIVING_AREA, BED_RMS, TT_RMS, neighborhood_walkability",16000,4000,0.21447407354178372,0.6385745028220304,-2.9517584230541187,1266271.0465357923,1.0,
4,"LIVING_AREA, NUM_PARKING, median_hh_income, emp_dist_m",16000,4000,0.21427329800895856,0.638656105440323,-0.6866685028129971,1070860.925227379,1.0,
6,"LAND_SF, LIVING_AREA, RES_FLOOR, NUM_PARKING, median_hh_income, neighborhood_walkability",16000,4000,0.21413993584022917,0.6387103030062699,-0.6608469779258395,1076370.3087142347,1.0,
4,"BED_RMS, median_hh_income, neighborhood_walkability, INT_COND",16000,4000,0.2141154856994547,0.6387202388943936,0.5078078185835846,938402.5790170168,1.0,
5,"YR_BUILT, LAND_SF, TT_RMS, median_hh_income, INT_COND",16000,4000,0.21396078531217366,0.6387831014424729,-0.06484943266160537,1006746.481635175,1.0,
4,"LIVING_AREA, BED_RMS, TT_RMS, neighborhood_walkability",16000,4000,0.21376135009873665,0.6388641328732514,-3.2745179380800966,1261460.2990600686,1.0,
5,"LAND_SF, TT_RMS, NUM_PARKING, median_hh_income, emp_dist_m",16000,4000,0.21344747891487914,0.6389916393456355,0.47228785993819333,950918.1497868686,1.0,
5,"YR_BUILT, LAND_SF, BED_RMS, NUM_PARKING, emp_dist_m",16000,4000,0.2129687557555502,0.6391860660094494,0.1863663618871212,1001589.4004714884,1.0,
4,"YR_BUILT, BED_RMS, median_hh_income, INT_COND",16000,4000,0.21284741004147179,0.6392353394663356,0.5303237572301633,933128.541088868,1.0,
5,"YR_BUILT, TT_RMS, NUM_PARKING, neighborhood_walkability, emp_dist_m",16000,4000,0.21284005786293192,0.6392383247587875,0.38703373695580734,965794.9173863003,1.0,
7,"YR_BUILT, LAND_SF, LIVING_AREA, TT_RMS, NUM_PARKING, median_hh_income, emp_dist_m",16000,4000,0.21280239085050834,0.6392536189249359,-0.3195082949772696,1028969.6411026793,1.0,
7,"LAND_SF, LIVING_AREA, TT_RMS, NUM_PARKING, median_hh_income, neighborhood_walkability, emp_dist_m",16000,4000,0.21250922451756094,0.6393726425296019,-0.33074466746655595,1030612.1437469457,1.0,
7,"YR_BUILT, LAND_SF, TT_RMS, RES_FLOOR, NUM_PARKING, median_hh_income, neighborhood_walkability",16000,4000,0.2124385777922908,0.6394013213229413,0.32094632770266185,991464.515998336,1.0,
7,"YR_BUILT, LAND_SF, LIVING_AREA, BED_RMS, NUM_PARKING, neighborhood_walkability, emp_dist_m",16000,4000,0.2118369719113019,0.6396454890488011,-0.5438802323193896,1065035.0966282582,1.0,
5,"LAND_SF, NUM_PARKING, median_hh_income, emp_dist_m, INT_COND",16000,4000,0.2115047135691014,0.6397802994551719,0.05401947025328235,998759.3643412592,1.0,
8,"YR_BUILT, LAND_SF, LIVING_AREA, BED_RMS, NUM_PARKING, median_hh_income, neighborhood_walkability, INT_COND",16000,4000,0.21141712794858325,0.639815831689463,-0.5632504395278237,1068390.6734686263,1.0,
7,"YR_BUILT, LAND_SF, BED_RMS, TT_RMS, NUM_PARKING, median_hh_income, emp_dist_m",16000,4000,0.2112704485554141,0.6398753330035625,0.37871959558789814,965060.2917338514,1.0,
5,"LAND_SF, BED_RMS, NUM_PARKING, neighborhood_walkability, emp_dist_m",16000,4000,0.21123413331947105,0.6398900636271202,0.17520416880558198,1001973.2291700606,1.0,
4,"YR_BUILT, RES_FLOOR, median_hh_income, neighborhood_walkability",16000,4000,0.2112218152009807,0.6398950601737404,0.021064685193597388,1013920.3518935113,1.0,
4,"YR_BUILT, RES_FLOOR, NUM_PARKING, median_hh_income",16000,4000,0.21111094120290885,0.6399400317716067,0.023128769493382384,1016294.7287050028,1.0,
7,"YR_BUILT, LAND_SF, RES_FLOOR, NUM_PARKING, median_hh_income, neighborhood_walkability, emp_dist_m",16000,4000,0.2109454324980552,0.6400071578712629,0.02119448056345108,1012438.2425793393,1.0,
7,"LAND_SF, BED_RMS, TT_RMS, NUM_PARKING, median_hh_income, neighborhood_walkability, emp_dist_m",16000,4000,0.21085384190154144,0.6400443016499163,0.4161953241706522,958327.0128602026,1.0,
5,"LAND_SF, median_hh_income, neighborhood_walkability, emp_dist_m, INT_COND",16000,4000,0.21060997716922114,0.6401431883859987,0.049073114450111976,997212.6930334516,1.0,
4,"YR_BUILT, LIVING_AREA, BED_RMS, TT_RMS",16000,4000,0.21056161440568544,0.640162797589677,-3.27183578665667,1260922.7566278235,1.0,
4,"TT_RMS, NUM_PARKING, median_hh_income, INT_COND",16000,4000,0.21046783734061913,0.6402008187998893,-1.3800894222492848,1116232.4284027761,1.0,
4,"YR_BUILT, LAND_SF, LIVING_AREA, emp_dist_m",16000,4000,0.21023508581706551,0.6402951764099228,-0.6628720809087396,1065282.7460229178,1.0,
5,"LAND_SF, BED_RMS, NUM_PARKING, neighborhood_walkability, INT_COND",16000,4000,0.2101023719636499,0.6403489724630699,0.3287619639099393,983639.8967991435,1.0,
5,"YR_BUILT, LAND_SF, BED_RMS, median_hh_income, emp_dist_m",16000,4000,0.20942641106681326,0.6406229056197866,0.17620250311012653,1004932.3730863782,1.0,
5,"YR_BUILT, TT_RMS, median_hh_income, neighborhood_walkability, emp_dist_m",16000,4000,0.2092854452390256,0.6406800172626742,0.3714115228796836,972555.3034004435,1.0,
5,"YR_BUILT, TT_RMS, NUM_PARKING, neighborhood_walkability, INT_COND",16000,4000,0.20912075086422321,0.6407467359669428,0.4122970290232013,966656.2604582655,1.0,
7,"YR_BUILT, LAND_SF, LIVING_AREA, BED_RMS, median_hh_income, neighborhood_walkability, emp_dist_m",16000,4000,0.20906476111673422,0.6407694161757559,-0.5497207377129467,1066880.5270846277,1.0,
3,"LIVING_AREA, BED_RMS, neighborhood_walkability",16000,4000,0.20906415580752202,0.6407696613687485,-1.2865686729706156,1147744.9958426834,1.0,
7,"YR_BUILT, LIVING_AREA, BED_RMS, NUM_PARKING, median_hh_income, neighborhood_walkability, emp_dist_m",16000,4000,0.2089117909891307,0.6408313769000337,0.35630413949959217,969608.2804428599,1.0,
5,"LAND_SF, TT_RMS, NUM_PARKING, median_hh_income, INT_COND",16000,4000,0.2084948585048032,0.6410002254686086,0.0037780964560383268,1018284.7737026486,1.0,
5,"LIVING_AREA, BED_RMS, TT_RMS, NUM_PARKING, neighborhood_walkability",16000,4000,0.20839165188182307,0.6410420150342869,-2.8433570958147953,1258961.2538300094,1.0,
5,"LIVING_AREA, BED_RMS, TT_RMS, median_hh_income, neighborhood_walkability",16000,4000,0.2081650225432169,0.6411337703396429,-2.859997901173435,1262832.6638623807,1.0,
5,"YR_BUILT, LAND_SF, BED_RMS, NUM_PARKING, INT_COND",16000,4000,0.20798134113142075,0.6412081277062671,0.3517491322486984,983356.6368263006,1.0,
4,"RES_FLOOR, NUM_PARKING, median_hh_income, neighborhood_walkability",16000,4000,0.20765922018718275,0.641338506939402,0.02025045409897397,1015711.6336433522,1.0,
5,"LAND_SF, BED_RMS, median_hh_income, neighborhood_walkability, emp_dist_m",16000,4000,0.207334062366745,0.6414700884799477,0.1652598090083699,1005326.1383521245,1.0,
5,"YR_BUILT, NUM_PARKING, neighborhood_walkability, emp_dist_m, INT_COND",16000,4000,0.20721828160084188,0.6415169349399517,0.000820270447249527,1002668.4109726049,1.0,
4,"LAND_SF, LIVING_AREA, neighborhood_walkability, emp_dist_m",16000,4000,0.2071831588407883,0.641531145406276,-0.6693243633655466,1064907.5094646811,1.0,
5,"LAND_SF, BED_RMS, median_hh_income, neighborhood_walkability, INT_COND",16000,4000,0.2068043742771638,0.6416843794601386,0.310281848613955,990824.3159875831,1.0,
5,"YR_BUILT, TT_RMS, median_hh_income, neighborhood_walkability, INT_COND",16000,4000,0.20636253181651776,0.6418630768227063,0.41371395743159534,962022.6835988848,1.0,
7,"YR_BUILT, LAND_SF, LIVING_AREA, BED_RMS, NUM_PARKING, median_hh_income, emp_dist_m",16000,4000,0.20620416386314666,0.641927114544832,-0.5423181614025157,1066999.014531876,1.0,
5,"YR_BUILT, TT_RMS, NUM_PARKING, median_hh_income, emp_dist_m",16000,4000,0.2060994758176239,0.6419694427332502,0.390509767663898,968001.3578479597,1.0,
5,"YR_BUILT, LIVING_AREA, BED_RMS, TT_RMS, median_hh_income",16000,4000,0.20601436410590113,0.6420038536273954,-2.928354000079231,1268026.3281858757,1.0,
5,"YR_BUILT, LIVING_AREA, BED_RMS, TT_RMS, NUM_PARKING",16000,4000,0.20588326718051797,0.6420568528591291,-2.9106993077792183,1263875.6252871589,1.0,
7,"LAND_SF, LIVING_AREA, BED_RMS, NUM_PARKING, median_hh_income, neighborhood_walkability, emp_dist_m",16000,4000,0.20578224091458797,0.6420976922853852,-0.5504901317021786,1066962.4363019431,1.0,
4,"LAND_SF, LIVING_AREA, NUM_PARKING, emp_dist_m",16000,4000,0.2057043567549005,0.6421291748433251,-0.6640728704329502,1066341.4736099727,1.0,
3,"YR_BUILT, LIVING_AREA, BED_RMS",16000,4000,0.20564030846633508,0.6421550634692995,-1.3684503194703597,1158034.088595809,1.0,
2,"neighborhood_walkability, emp_dist_m",16000,4000,0.20562703722083608,0.6421604276399593,-0.0006921451146055801,997900.3391940744,1.0,
4,"BED_RMS, NUM_PARKING, median_hh_income, INT_COND",16000,4000,0.20562644625472837,0.6421606665044447,0.5221092573020819,933438.9895024173,1.0,
6,"YR_BUILT, LAND_SF, TT_RMS, NUM_PARKING, neighborhood_walkability, INT_COND",16000,4000,0.20534862044980207,0.6422729519693159,0.44646784980394194,964952.099833004,1.0,
5,"YR_BUILT, LAND_SF, BED_RMS, median_hh_income, INT_COND",16000,4000,0.20524229073241762,0.6423159207597003,0.3329511938102171,990768.5782420408,1.0,
7,"YR_BUILT, BED_RMS, TT_RMS, NUM_PARKING, median_hh_income, neighborhood_walkability, emp_dist_m",16000,4000,0.2051389950022836,0.6423576607362538,0.5006473642338901,936471.1168705565,1.0,
7,"YR_BUILT, LAND_SF, BED_RMS, RES_FLOOR, NUM_PARKING, median_hh_income, neighborhood_walkability",16000,4000,0.20500704815496784,0.6424109741775511,0.14019482181459986,1016217.2684750397,1.0,
5,"LAND_SF, BED_RMS, NUM_PARKING, median_hh_income, emp_dist_m",16000,4000,0.20445859436722658,0.6426325308498045,0.17793262263572152,1004220.9684272023,1.0,
5,"TT_RMS, NUM_PARKING, median_hh_income, neighborhood_walkability, emp_dist_m",16000,4000,0.20415212453128417,0.6427563009771841,0.3734575435637061,970283.3557407758,1.0,
4,"LIVING_AREA, BED_RMS, TT_RMS, median_hh_income",16000,4000,0.20410274347204227,0.6427762416565631,-3.275303659218901,1264785.0421727637,1.0,
5,"YR_BUILT, BED_RMS, NUM_PARKING, neighborhood_walkability, emp_dist_m",16000,4000,0.20330205729952222,0.6430994822946442,0.12435092619514398,1007633.275507475,1.0,
3,"LIVING_AREA, TT_RMS, neighborhood_walkability",16000,4000,0.20279200891997184,0.6433053064530333,-2.772699076210434,1250698.9896457838,1.0,
6,"YR_BUILT, LAND_SF, TT_RMS, median_hh_income, neighborhood_walkability, INT_COND",16000,4000,0.20263809549075285,0.6433674035144674,0.430377996601774,972093.3730348392,1.0,
5,"LAND_SF, LIVING_AREA, BED_RMS, TT_RMS, neighborhood_walkability",16000,4000,0.20253049161299164,0.6434108132206524,-3.003675462563841,1269170.3806105766,1.0,
4,"LIVING_AREA, BED_RMS, TT_RMS, NUM_PARKING",16000,4000,0.2023067413272861,0.6435010694969392,-3.2756234959861645,1270243.8698982063,1.0,
6,"YR_BUILT, LAND_SF, NUM_PARKING, neighborhood_walkability, emp_dist_m, INT_COND",16000,4000,0.20212782650713024,0.6435732309586614,0.027635960594316944,1007295.1291746701,1.0,
2,"median_hh_income, emp_dist_m",16000,4000,0.2019388393116207,0.6436494461110673,-0.0009304796003046789,998850.5636460204,1.0,
5,"TT_RMS, NUM_PARKING, median_hh_income, neighborhood_walkability, INT_COND",16000,4000,0.20101047064645916,0.6440237095947404,0.44295500701605894,960159.335109678,1.0,
4,"YR_BUILT, LIVING_AREA, TT_RMS, neighborhood_walkability",16000,4000,0.20078466741902523,0.6441147072572697,-0.9961128078832062,1106776.1862640881,1.0,
6,"YR_BUILT, LIVING_AREA, BED_RMS, TT_RMS, NUM_PARKING, neighborhood_walkability",16000,4000,0.2007143107761049,0.6441430580341505,-1.1369402925570715,1116479.0927806771,1.0,
5,"YR_BUILT, NUM_PARKING, median_hh_income, emp_dist_m, INT_COND",16000,4000,0.20053808840464427,0.6442140627842725,0.0006637405906232408,1005781.3574389031,1.0,
5,"LAND_SF, BED_RMS, NUM_PARKING, median_hh_income, INT_COND",16000,4000,0.2001488295751006,0.6443708779441255,0.3351400029658993,986978.4514592997,1.0,
5,"LIVING_AREA, BED_RMS, TT_RMS, NUM_PARKING, median_hh_income",16000,4000,0.19993528409413297,0.6444568897617206,-2.8226066998712223,1260532.7622662052,1.0,
5,"YR_BUILT, BED_RMS, NUM_PARKING, neighborhood_walkability, INT_COND",16000,4000,0.19991672815990036,0.6444643631761123,0.2246512001326919,998139.6326122341,1.0,
5,"YR_BUILT, LAND_SF, LIVING_AREA, BED_RMS, TT_RMS",16000,4000,0.1999147413588167,0.6444651633563844,-3.0833799075742405,1274577.6636700241,1.0,
6,"YR_BUILT, LIVING_AREA, BED_RMS, TT_RMS, median_hh_income, neighborhood_walkability",16000,4000,0.1998497456470304,0.6444913397050319,-0.42860072300333485,1071304.2259088333,1.0,
4,"LAND_SF, LIVING_AREA, median_hh_income, emp_dist_m",16000,4000,0.19946066405816187,0.6446480160522954,-0.6682759993578198,1067705.751537692,1.0,
5,"YR_BUILT, median_hh_income, neighborhood_walkability, emp_dist_m, INT_COND",16000,4000,0.19936172769109295,0.6446878499239332,-0.0010137093177446932,1003535.0590037265,1.0,
5,"YR_BUILT, BED_RMS, median_hh_income, neighborhood_walkability, emp_dist_m",16000,4000,0.19930926695931328,0.6447089707243926,0.11513069743866766,1010592.778102629,1.0,
5,"YR_BUILT, TT_RMS, NUM_PARKING, median_hh_income, INT_COND",16000,4000,0.19922182864276206,0.6447441720360912,0.3971469017673873,973287.6969210728,1.0,
6,"YR_BUILT, LAND_SF, LIVING_AREA, BED_RMS, TT_RMS, neighborhood_walkability",16000,4000,0.19885843461614838,0.6448904482548082,-1.3720298731412761,1147259.70698208,1.0,
3,"YR_BUILT, LIVING_AREA, TT_RMS",16000,4000,0.19866715333823348,0.6449674309705667,-2.8781705824343646,1258972.5832025385,1.0,
5,"YR_BUILT, LIVING_AREA, NUM_PARKING, neighborhood_walkability, emp_dist_m",16000,4000,0.19863561200308355,0.6449801241565554,-0.7056129760481704,1080422.7733780069,1.0,
6,"LAND_SF, TT_RMS, NUM_PARKING, median_hh_income, neighborhood_walkability, INT_COND",16000,4000,0.1985525081644599,0.6450135664553401,0.43298468027273773,969051.8325354649,1.0,
8,"YR_BUILT, LAND_SF, LIVING_AREA, TT_RMS, NUM_PARKING, median_hh_income, neighborhood_walkability, emp_dist_m",16000,4000,0.19824121664832262,0.6451388196751933,0.17058116751049723,1013887.0752117384,1.0,
5,"YR_BUILT, LAND_SF, RES_FLOOR, NUM_PARKING, neighborhood_walkability",16000,4000,0.19822364573059603,0.6451458888955449,0.04154516147975129,1022106.9070712845,1.0,
6,"YR_BUILT, LAND_SF, TT_RMS, NUM_PARKING, neighborhood_walkability, emp_dist_m",16000,4000,0.19821945735727786,0.6451475739716165,0.2704204015960726,996608.5152588009,1.0,
4,"YR_BUILT, LIVING_AREA, BED_RMS, neighborhood_walkability",16000,4000,0.19798481860550987,0.6452419673498854,-0.8045282955285684,1072689.3602705742,1.0,
3,"LIVING_AREA, BED_RMS, NUM_PARKING",16000,4000,0.19701271988550795,0.6456328882175958,-2.3316000123630634,1216767.5480498145,1.0,
7,"YR_BUILT, LAND_SF, LIVING_AREA, RES_FLOOR, NUM_PARKING, median_hh_income, neighborhood_walkability",16000,4000,0.19695922673180544,0.6456543931436429,-0.6850470775417314,1085514.8757192052,1.0,
6,"YR_BUILT, LAND_SF, TT_RMS, NUM_PARKING, median_hh_income, INT_COND",16000,4000,0.19686455105033018,0.6456924522124486,0.4510478699657723,967764.8336236367,1.0,
5,"YR_BUILT, BED_RMS, NUM_PARKING, median_hh_income, emp_dist_m",16000,4000,0.1966140385205445,0.6457931459611428,0.12538295506787123,1010224.7044133387,1.0,
5,"YR_BUILT, BED_RMS, median_hh_income, neighborhood_walkability, INT_COND",16000,4000,0.19647385643047222,0.6458494854346806,0.20720265696104256,1004369.0207633837,1.0,
3,"LIVING_AREA, BED_RMS, median_hh_income",16000,4000,0.19633054857792553,0.64590707607884,-1.2545868680389756,1148755.5813867582,1.0,
8,"YR_BUILT, LAND_SF, BED_RMS, TT_RMS, NUM_PARKING, median_hh_income, neighborhood_walkability, emp_dist_m",16000,4000,0.19631074798420634,0.6459150328730152,0.48410630237776564,953368.682020972,1.0,
2,"BED_RMS, INT_COND",16000,4000,0.1962534513781785,0.6459380567466642,-4.3192296737197085,1380509.6702544638,1.0,
6,"YR_BUILT, LAND_SF, median_hh_income, neighborhood_walkability, emp_dist_m, INT_COND",16000,4000,0.19615436723637325,0.6459778704452296,0.026139749031508175,1007941.6192463298,1.0,
5,"NUM_PARKING, median_hh_income, neighborhood_walkability, emp_dist_m, INT_COND",16000,4000,0.19606719808823914,0.6460128944672057,-0.0006487636508047956,1004251.6554042525,1.0,
6,"YR_BUILT, LAND_SF, BED_RMS, NUM_PARKING, neighborhood_walkability, INT_COND",16000,4000,0.19585948819494658,0.6460963433593493,0.16431185460070674,1012709.6047949655,1.0,
6,"YR_BUILT, LAND_SF, NUM_PARKING, median_hh_income, emp_dist_m, INT_COND",16000,4000,0.19570374368382704,0.6461589077283014,0.028915821200354852,1009993.7133295836,1.0,
6,"YR_BUILT, LAND_SF, TT_RMS, median_hh_income, neighborhood_walkability, emp_dist_m",16000,4000,0.19510818118805262,0.6463980962089566,0.25998170884610317,1000111.2552388364,1.0,
6,"LIVING_AREA, BED_RMS, TT_RMS, NUM_PARKING, median_hh_income, neighborhood_walkability",16000,4000,0.19507309085428526,0.6464121863495204,-1.0359658363320499,1110370.8946754031,1.0,
5,"BED_RMS, NUM_PARKING, median_hh_income, neighborhood_walkability, emp_dist_m",16000,4000,0.19441432426760608,0.6466766499006157,0.11778808119057838,1010190.300242505,1.0,
4,"LIVING_AREA, TT_RMS, NUM_PARKING, neighborhood_walkability",16000,4000,0.1943102724269672,0.6467184118913706,-1.7311921502717937,1165888.3341101764,1.0,
6,"LAND_SF, LIVING_AREA, BED_RMS, TT_RMS, NUM_PARKING, neighborhood_walkability",16000,4000,0.1940288522844642,0.6468313484794129,-2.1142150893853677,1188592.6407234664,1.0,
5,"LAND_SF, LIVING_AREA, BED_RMS, TT_RMS, median_hh_income",16000,4000,0.19398326200384242,0.6468496424380542,-2.9789977709645608,1270729.3612471996,1.0,
5,"LAND_SF, LIVING_AREA, BED_RMS, TT_RMS, NUM_PARKING",16000,4000,0.19375944569097647,0.6469394454447001,-2.960916085593703,1266122.260955022,1.0,
3,"YR_BUILT, LAND_SF, emp_dist_m",16000,4000,0.19369285756974242,0.6469661605439085,0.12847719611778063,996821.3999445017,1.0,
4,"YR_BUILT, LIVING_AREA, neighborhood_walkability, INT_COND",16000,4000,0.19348605534798025,0.647049122392172,-0.6459242577386501,1073304.4635335938,1.0,
6,"LAND_SF, NUM_PARKING, median_hh_income, neighborhood_walkability, emp_dist_m, INT_COND",16000,4000,0.19338560011309147,0.6470894176952672,0.026025154858332677,1008536.1004118458,1.0,
6,"YR_BUILT, LIVING_AREA, BED_RMS, TT_RMS, NUM_PARKING, median_hh_income",16000,4000,0.19325974898271026,0.6471398964360426,-1.1392544030857739,1121540.0841666423,1.0,
6,"LAND_SF, LIVING_AREA, BED_RMS, TT_RMS, median_hh_income, neighborhood_walkability",16000,4000,0.19322867561891954,0.6471523593197094,-1.318841099100076,1143321.052708428,1.0,
5,"YR_BUILT, LIVING_AREA, median_hh_income, neighborhood_walkability, emp_dist_m",16000,4000,0.19317085857843774,0.6471755479003458,-0.708065140024007,1081197.35889818,1.0,
5,"YR_BUILT, LAND_SF, RES_FLOOR, median_hh_income, neighborhood_walkability",16000,4000,0.19280162513767174,0.6473236161277565,0.04001167753043755,1022546.320685484,1.0,
6,"YR_BUILT, LAND_SF, BED_RMS, median_hh_income, neighborhood_walkability, INT_COND",16000,4000,0.19271078551959464,0.6473600390057124,0.15452086613810534,1015806.4383290098,1.0,
4,"LIVING_AREA, TT_RMS, median_hh_income, neighborhood_walkability",16000,4000,0.19246109326184657,0.6474601445750607,-0.9683046366028731,1106523.1143511499,1.0,
5,"YR_BUILT, LAND_SF, LIVING_AREA, neighborhood_walkability, emp_dist_m",16000,4000,0.1924350866945267,0.6474705701286353,-0.6968504980796519,1078692.0488187834,1.0,
6,"YR_BUILT, LAND_SF, TT_RMS, NUM_PARKING, median_hh_income, emp_dist_m",16000,4000,0.19189563554243572,0.6476867883108579,0.27355118123269073,998732.7833569116,1.0,
6,"YR_BUILT, LAND_SF, LIVING_AREA, BED_RMS, TT_RMS, NUM_PARKING",16000,4000,0.19189252998451478,0.6476880328449748,-2.1160491236860572,1191001.5445206808,1.0,
4,"LIVING_AREA, BED_RMS, NUM_PARKING, neighborhood_walkability",16000,4000,0.19188288926350539,0.6476918962921241,-0.8030351982543134,1071412.0108954827,1.0,
8,"YR_BUILT, LAND_SF, LIVING_AREA, BED_RMS, NUM_PARKING, median_hh_income, neighborhood_walkability, emp_dist_m",16000,4000,0.19150888696785595,0.6478417571427109,0.023626708806446906,1033211.1935557685,1.0,
5,"YR_BUILT, LIVING_AREA, NUM_PARKING, median_hh_income, emp_dist_m",16000,4000,0.19150587596886348,0.6478429634942899,-0.7054738671038714,1083324.9177992612,1.0,
5,"BED_RMS, NUM_PARKING, median_hh_income, neighborhood_walkability, INT_COND",16000,4000,0.19149426091046695,0.6478476170264578,0.21189150163167925,1001301.4640546028,1.0,
6,"YR_BUILT, LAND_SF, LIVING_AREA, BED_RMS, TT_RMS, median_hh_income",16000,4000,0.19134077433562935,0.6479091077420898,-1.3528271642401166,1148240.8381534677,1.0,
5,"YR_BUILT, LAND_SF, RES_FLOOR, NUM_PARKING, median_hh_income",16000,4000,0.19129056947061884,0.6479292198507544,0.04284933637779498,1024757.5340781694,1.0,
4,"YR_BUILT, LIVING_AREA, TT_RMS, NUM_PARKING",16000,4000,0.1912704257595016,0.6479372892618821,-1.8093843507783607,1171240.2602299242,1.0,
6,"LAND_SF, TT_RMS, NUM_PARKING, median_hh_income, neighborhood_walkability, emp_dist_m",16000,4000,0.19093769673985406,0.6480705633352679,0.26079457162665054,999284.0222979885,1.0,
3,"LIVING_AREA, TT_RMS, INT_COND",16000,4000,0.1906161200668236,0.6481993443144239,-3.222708505560975,1194624.0167350478,1.0,
5,"YR_BUILT, LAND_SF, LIVING_AREA, NUM_PARKING, emp_dist_m",16000,4000,0.1902287966120214,0.6483544207786829,-0.6937470266944343,1080728.540812297,1.0,
5,"YR_BUILT, BED_RMS, NUM_PARKING, median_hh_income, INT_COND",16000,4000,0.1900999360420803,0.6484060057179446,0.2270927972127088,1002325.6749937998,1.0,
6,"YR_BUILT, TT_RMS, NUM_PARKING, median_hh_income, neighborhood_walkability, INT_COND",16000,4000,0.18998840283560436,0.6484506509245006,0.3479438147880636,984494.9417098743,1.0,
4,"YR_BUILT, LIVING_AREA, TT_RMS, median_hh_income",16000,4000,0.18998019388186405,0.6484539367341905,-0.9851793886779459,1109911.9539343996,1.0,
3,"LIVING_AREA, TT_RMS, median_hh_income",16000,4000,0.18991239261723591,0.6484810750070118,-2.7410059585124342,1253289.543037176,1.0,
4,"LIVING_AREA, NUM_PARKING, neighborhood_walkability, INT_COND",16000,4000,0.1897896671446151,0.6485301944674876,-0.6475408670088549,1073676.5850407975,1.0,
5,"LAND_SF, RES_FLOOR, NUM_PARKING, median_hh_income, neighborhood_walkability",16000,4000,0.1896493874311762,0.6485863352550159,0.03914905199051533,1023980.8952135347,1.0,
5,"LIVING_AREA, NUM_PARKING, median_hh_income, neighborhood_walkability, emp_dist_m",16000,4000,0.18954810474493922,0.6486268661763209,-0.708064280074737,1082178.691641934,1.0,
3,"LIVING_AREA, TT_RMS, NUM_PARKING",16000,4000,0.1893774036017556,0.6486951709817368,-2.7161733807296224,1246967.3354428436,1.0,
4,"LIVING_AREA, BED_RMS, median_hh_income, neighborhood_walkability",16000,4000,0.18934905741666197,0.6487065128026535,-0.8105962597746317,1076982.7593175247,1.0,
4,"YR_BUILT, LIVING_AREA, BED_RMS, NUM_PARKING",16000,4000,0.18923735973134992,0.6487512031350169,-0.8005805052451274,1073647.4855933166,1.0,
6,"YR_BUILT, LAND_SF, BED_RMS, NUM_PARKING, neighborhood_walkability, emp_dist_m",16000,4000,0.1891282601807842,0.648794850979821,0.1045299091561035,1018983.5923589764,1.0,
6,"LAND_SF, BED_RMS, NUM_PARKING, median_hh_income, neighborhood_walkability, INT_COND",16000,4000,0.18886357620933603,0.6489007318349804,0.15676597985146523,1014578.5340797667,1.0,
5,"LAND_SF, LIVING_AREA, NUM_PARKING, neighborhood_walkability, emp_dist_m",16000,4000,0.1887361172049562,0.6489517127735335,-0.6970488019576049,1079627.5373115188,1.0,
7,"YR_BUILT, LAND_SF, TT_RMS, NUM_PARKING, median_hh_income, neighborhood_walkability, INT_COND",16000,4000,0.18860312673947344,0.649004901911808,0.24388404198611358,1005747.0220300809,1.0,
4,"LAND_SF, LIVING_AREA, BED_RMS, TT_RMS",16000,4000,0.18799857817073085,0.6492466343744189,-3.2726334562187915,1262682.0218659376,1.0,
3,"LAND_SF, NUM_PARKING, emp_dist_m",16000,4000,0.1874899503671017,0.6494499426351906,0.126795548137127,998889.9484887004,1.0,
6,"YR_BUILT, LAND_SF, BED_RMS, NUM_PARKING, median_hh_income, INT_COND",16000,4000,0.18742798206180467,0.6494747082027138,0.16694277985856487,1016071.0929394981,1.0,
4,"YR_BUILT, LIVING_AREA, BED_RMS, median_hh_income",16000,4000,0.18726247517198968,0.6495408482269572,-0.8060396963372505,1077473.073746104,1.0,
4,"YR_BUILT, LIVING_AREA, NUM_PARKING, INT_COND",16000,4000,0.18685584345051232,0.6497033181982735,-0.6370546747810808,1077175.2997032162,1.0,
7,"YR_BUILT, LAND_SF, LIVING_AREA, BED_RMS, TT_RMS, NUM_PARKING, neighborhood_walkability",16000,4000,0.18683538146993173,0.649711492722397,-0.9035883580794146,1102784.30342303,1.0,
6,"LAND_SF, LIVING_AREA, BED_RMS, TT_RMS, NUM_PARKING, median_hh_income",16000,4000,0.18651351259296778,0.6498400652242325,-2.1135166775015586,1190833.4951873985,1.0,
5,"YR_BUILT, LIVING_AREA, NUM_PARKING, neighborhood_walkability, INT_COND",16000,4000,0.1863926829030942,0.6498883248199825,-0.6914868038619042,1085362.3544073233,1.0,
3,"LAND_SF, neighborhood_walkability, emp_dist_m",16000,4000,0.18603158221430283,0.6500325277320028,0.1157112640293545,998537.1941102223,1.0,
7,"YR_BUILT, LAND_SF, LIVING_AREA, BED_RMS, TT_RMS, median_hh_income, neighborhood_walkability",16000,4000,0.18572793307929636,0.6501537630316033,-0.8214681779248791,1084812.1213774348,1.0,
6,"YR_BUILT, LAND_SF, BED_RMS, median_hh_income, neighborhood_walkability, emp_dist_m",16000,4000,0.18571269393079337,0.6501598468356483,0.09865095598018392,1020807.312341485,1.0,
4,"LAND_SF, BED_RMS, TT_RMS, neighborhood_walkability",16000,4000,0.18545877529308052,0.6502612083781802,-2.518795848023119,1221251.7204155445,1.0,
7,"YR_BUILT, LIVING_AREA, BED_RMS, TT_RMS, NUM_PARKING, median_hh_income, neighborhood_walkability",16000,4000,0.1854561266203334,0.6502622656161007,0.06388715939047662,998759.4445696261,1.0,
5,"YR_BUILT, LAND_SF, LIVING_AREA, median_hh_income, emp_dist_m",16000,4000,0.18521448883884772,0.65035870994829,-0.6964870158847674,1081552.0784745996,1.0,
2,"LAND_SF, BED_RMS",16000,4000,0.1851340159106909,0.6503908257486023,-3.112639842292543,1278143.7226015143,1.0,
6,"YR_BUILT, TT_RMS, NUM_PARKING, median_hh_income, neighborhood_walkability, emp_dist_m",16000,4000,0.18410105482399686,0.6508029276475964,0.20708587148589597,1005882.6829696944,1.0,
6,"YR_BUILT, NUM_PARKING, median_hh_income, neighborhood_walkability, emp_dist_m, INT_COND",16000,4000,0.18373759379068977,0.6509478691067117,-0.0008566268835386026,1011796.5361968002,1.0,
4,"LIVING_AREA, TT_RMS, NUM_PARKING, median_hh_income",16000,4000,0.1835110202151069,0.6510382060815766,-1.689649665676923,1167805.138585539,1.0,
5,"LAND_SF, LIVING_AREA, median_hh_income, neighborhood_walkability, emp_dist_m",16000,4000,0.18336408316779318,0.6510967845379791,-0.6997064002499556,1080509.2439587016,1.0,
7,"YR_BUILT, LAND_SF, NUM_PARKING, median_hh_income, neighborhood_walkability, emp_dist_m, INT_COND",16000,4000,0.1828711665595968,0.6512932539791384,0.016507184948877596,1015176.2080857389,1.0,
6,"YR_BUILT, LAND_SF, BED_RMS, NUM_PARKING, median_hh_income, emp_dist_m",16000,4000,0.18284094063422707,0.6513052996679201,0.10586927790239054,1021252.7230196252,1.0,
5,"YR_BUILT, LIVING_AREA, TT_RMS, NUM_PARKING, neighborhood_walkability",16000,4000,0.18282578444742104,0.6513113396542025,-0.8462224222821624,1093610.082723598,1.0,
4,"YR_BUILT, LAND_SF, BED_RMS, TT_RMS",16000,4000,0.18262920593208976,0.6513896743071682,-2.5128638464724737,1221208.9760254922,1.0,
4,"LIVING_AREA, median_hh_income, neighborhood_walkability, INT_COND",16000,4000,0.18246350926886434,0.6514556955222673,-0.6542396568522237,1075624.034649125,1.0,
7,"LAND_SF, LIVING_AREA, BED_RMS, TT_RMS, NUM_PARKING, median_hh_income, neighborhood_walkability",16000,4000,0.18177356583479765,0.6517305289976073,-0.8951079510455382,1102864.2654178634,1.0,
6,"LAND_SF, BED_RMS, NUM_PARKING, median_hh_income, neighborhood_walkability, emp_dist_m",16000,4000,0.1817077497715075,0.6517567402475807,0.10002419195334189,1020779.3819860945,1.0,
5,"LAND_SF, LIVING_AREA, NUM_PARKING, median_hh_income, emp_dist_m",16000,4000,0.1815188609974695,0.6518319593566393,-0.6967272959547763,1082356.8332155808,1.0,
4,"LIVING_AREA, BED_RMS, NUM_PARKING, median_hh_income",16000,4000,0.18116576715528598,0.6519725447793043,-0.8033667598817644,1074959.1609277157,1.0,
5,"YR_BUILT, LIVING_AREA, median_hh_income, neighborhood_walkability, INT_COND",16000,4000,0.18064986885423318,0.6521778968228871,-0.6951984594278668,1086344.4497115938,1.0,
5,"YR_BUILT, LIVING_AREA, TT_RMS, median_hh_income, neighborhood_walkability",16000,4000,0.18062396533448277,0.6521882059501262,-0.8395243962328474,1087776.62057892,1.0,
5,"YR_BUILT, RES_FLOOR, NUM_PARKING, median_hh_income, neighborhood_walkability",16000,4000,0.18055443755419043,0.6522158759297683,0.012936221003991166,1026659.4299834458,1.0,
4,"YR_BUILT, LIVING_AREA, median_hh_income, INT_COND",16000,4000,0.18052336964139826,0.6522282396515504,-0.6440565392629511,1078937.9885541482,1.0,
2,"BED_RMS, neighborhood_walkability",16000,4000,0.18046307797304417,0.6522522325294358,-2.284279916831034,1215877.9789917993,1.0,
7,"YR_BUILT, LAND_SF, LIVING_AREA, BED_RMS, TT_RMS, NUM_PARKING, median_hh_income",16000,4000,0.18015155986250675,0.6523761861138028,-0.9001042790570779,1104744.2258578306,1.0,
4,"LAND_SF, LIVING_AREA, TT_RMS, neighborhood_walkability",16000,4000,0.18000354633698923,0.6524350726937697,-1.1231116016617482,1119157.2612061882,1.0,
6,"YR_BUILT, BED_RMS, NUM_PARKING, median_hh_income, neighborhood_walkability, INT_COND",16000,4000,0.17980291813105376,0.6525148833270333,0.10804083579051682,1020705.9963563533,1.0,
7,"YR_BUILT, LAND_SF, BED_RMS, NUM_PARKING, median_hh_income, neighborhood_walkability, INT_COND",16000,4000,0.17903087505291815,0.6528219138674134,0.09496932926971491,1025435.3796539418,1.0,
5,"YR_BUILT, LAND_SF, BED_RMS, TT_RMS, neighborhood_walkability",16000,4000,0.17865207502748792,0.6529725044508419,-1.288938724030587,1132424.5976969504,1.0,
4,"YR_BUILT, BED_RMS, TT_RMS, neighborhood_walkability",16000,4000,0.17837806697187253,0.6530814137212686,-2.559964782511078,1226408.5634577502,1.0,
4,"LAND_SF, LIVING_AREA, BED_RMS, neighborhood_walkability",16000,4000,0.17797956119445313,0.653239774371125,-0.7985044855603944,1067900.1157765796,1.0,
3,"LAND_SF, median_hh_income, emp_dist_m",16000,4000,0.17782093489891626,0.6533027995722809,0.12388978945654905,1000085.5280423932,1.0,
2,"YR_BUILT, BED_RMS",16000,4000,0.17778958310000403,0.6533152555101747,-2.5563400116137878,1231011.3837475781,1.0,
5,"LIVING_AREA, NUM_PARKING, median_hh_income, neighborhood_walkability, INT_COND",16000,4000,0.17765806842517884,0.6533675031502509,-0.6952780846911233,1086732.6509229005,1.0,
5,"YR_BUILT, LIVING_AREA, BED_RMS, NUM_PARKING, neighborhood_walkability",16000,4000,0.1772223831026376,0.6535405606863545,-0.2811938561940952,1036788.7477768222,1.0,
5,"YR_BUILT, LAND_SF, LIVING_AREA, TT_RMS, neighborhood_walkability",16000,4000,0.17685817834832906,0.6536851904380273,-0.8334942901114357,1081342.7550955473,1.0,
4,"LIVING_AREA, NUM_PARKING, median_hh_income, INT_COND",16000,4000,0.17683626379412343,0.6536938919301751,-0.6459403957146945,1079042.808165865,1.0,
4,"YR_BUILT, LAND_SF, LIVING_AREA, TT_RMS",16000,4000,0.1767959409931643,0.6537099023815252,-1.153867381945914,1123012.706198682,1.0,
3,"YR_BUILT, NUM_PARKING, emp_dist_m",16000,4000,0.17615945260416066,0.6539625726415809,0.0007364699724863311,1016881.1376500032,1.0,
5,"YR_BUILT, LIVING_AREA, NUM_PARKING, median_hh_income, INT_COND",16000,4000,0.17588570757395794,0.6540712126788824,-0.6911071836602494,1089993.8657529517,1.0,
5,"LIVING_AREA, TT_RMS, NUM_PARKING, median_hh_income, neighborhood_walkability",16000,4000,0.1756843912979732,0.6541510967080084,-0.8468261012446587,1094034.8825809238,1.0,
4,"LAND_SF, BED_RMS, TT_RMS, median_hh_income",16000,4000,0.17520773469650652,0.6543401992637128,-2.5165783629440877,1224365.8980927577,1.0,
4,"YR_BUILT, LAND_SF, LIVING_AREA, BED_RMS",16000,4000,0.17516627298593845,0.65435664566128,-0.7943101236405417,1068120.0100480001,1.0,
6,"YR_BUILT, LAND_SF, LIVING_AREA, NUM_PARKING, neighborhood_walkability, emp_dist_m",16000,4000,0.17468342249899593,0.6545481449832883,-0.709416151657897,1088356.6314351177,1.0,
5,"YR_BUILT, LIVING_AREA, BED_RMS, median_hh_income, neighborhood_walkability",16000,4000,0.17458238627339684,0.6545882090338274,-0.29638421664778325,1042242.6918766596,1.0,
6,"YR_BUILT, BED_RMS, NUM_PARKING, median_hh_income, neighborhood_walkability, emp_dist_m",16000,4000,0.17452627955743727,0.6546104560576436,0.07149181238289459,1023757.9065450071,1.0,
7,"YR_BUILT, LAND_SF, TT_RMS, NUM_PARKING, median_hh_income, neighborhood_walkability, emp_dist_m",16000,4000,0.17452169514098526,0.6546122738034442,0.15970912028411266,1018657.219881961,1.0,
3,"YR_BUILT, neighborhood_walkability, emp_dist_m",16000,4000,0.17420041900483552,0.6547396489515606,-0.0017742900454402744,1014549.5310569119,1.0,
4,"LAND_SF, BED_RMS, TT_RMS, NUM_PARKING",16000,4000,0.17405315021176893,0.6547980277771225,-2.5165731521311625,1228221.9330213813,1.0,
8,"YR_BUILT, LAND_SF, LIVING_AREA, BED_RMS, TT_RMS, NUM_PARKING, median_hh_income, neighborhood_walkability",16000,4000,0.17383741841310762,0.654883536628837,-0.1630998360724032,1036093.2920903038,1.0,
5,"YR_BUILT, LIVING_AREA, TT_RMS, NUM_PARKING, median_hh_income",16000,4000,0.17363606183703229,0.6549633375517253,-0.8459395091043296,1096653.8192379083,1.0,
5,"LAND_SF, BED_RMS, TT_RMS, NUM_PARKING, neighborhood_walkability",16000,4000,0.1723640964766977,0.6554672138136481,-1.3644828355403935,1133316.0955326816,1.0,
6,"YR_BUILT, LIVING_AREA, NUM_PARKING, median_hh_income, neighborhood_walkability, emp_dist_m",16000,4000,0.1723257450644321,0.65548240032382,0.008517120009810863,1033775.9199733433,1.0,
6,"YR_BUILT, LIVING_AREA, NUM_PARKING, median_hh_income, neighborhood_walkability, INT_COND",16000,4000,0.1722151144066889,0.6555262062206435,-0.7098794926780323,1091782.0492493657,1.0,
5,"LAND_SF, LIVING_AREA, TT_RMS, NUM_PARKING, neighborhood_walkability",16000,4000,0.1718423886557474,0.6556737711280257,-0.8569497491672646,1098583.1222104772,1.0,
5,"YR_BUILT, LAND_SF, LIVING_AREA, neighborhood_walkability, INT_COND",16000,4000,0.1718273846952666,0.6556797106126466,-0.6756522282934314,1082195.0708849132,1.0,
5,"LAND_SF, BED_RMS, TT_RMS, median_hh_income, neighborhood_walkability",16000,4000,0.17172695983567943,0.6557194635250382,-1.1658114432410658,1126119.0427496708,1.0,
5,"YR_BUILT, LAND_SF, LIVING_AREA, BED_RMS, neighborhood_walkability",16000,4000,0.17151295173693815,0.6558041700200825,-0.2472213939633523,1019579.3086884911,1.0,
3,"LAND_SF, TT_RMS, neighborhood_walkability",16000,4000,0.17090983798128834,0.656042829490058,-1.038579114713023,1107314.6575885916,1.0,
6,"YR_BUILT, LAND_SF, LIVING_AREA, NUM_PARKING, neighborhood_walkability, INT_COND",16000,4000,0.17063988787873396,0.6561496239159259,-0.699705303275125,1089302.1785279927,1.0,
3,"LIVING_AREA, neighborhood_walkability, INT_COND",16000,4000,0.17045525577506404,0.6562226558485995,-0.42428451172240456,1029366.748087282,1.0,
4,"BED_RMS, TT_RMS, median_hh_income, neighborhood_walkability",16000,4000,0.1703666400431757,0.6562577052527527,-2.562910565479748,1229631.7173680954,1.0,
3,"LIVING_AREA, BED_RMS, TT_RMS",16000,4000,0.17034062957155383,0.6562679925913861,-3.2731039264829533,1256025.5520323003,1.0,
6,"YR_BUILT, LAND_SF, LIVING_AREA, median_hh_income, neighborhood_walkability, emp_dist_m",16000,4000,0.17024565966259053,0.6563055525408377,-0.7113500289250558,1088934.7271505557,1.0,
4,"LAND_SF, LIVING_AREA, TT_RMS, NUM_PARKING",16000,4000,0.1702076803637944,0.6563205724920745,-2.103366864066794,1184632.074276506,1.0,
5,"YR_BUILT, LAND_SF, BED_RMS, TT_RMS, NUM_PARKING",16000,4000,0.17009261822791133,0.6563660748589916,-1.366115289564736,1135892.965676747,1.0,
4,"BED_RMS, TT_RMS, NUM_PARKING, neighborhood_walkability",16000,4000,0.16991587688886356,0.6564359626837168,-2.5599648721383685,1227621.5124842694,1.0,
5,"LIVING_AREA, BED_RMS, NUM_PARKING, median_hh_income, neighborhood_walkability",16000,4000,0.16988119025292148,0.6564496777499136,-0.29462264893076284,1041563.311289655,1.0,
3,"LAND_SF, BED_RMS, TT_RMS",16000,4000,0.16987287739259438,0.6564529646052151,-2.4241821832615273,1191460.1916459822,1.0,
5,"YR_BUILT, LAND_SF, BED_RMS, TT_RMS, median_hh_income",16000,4000,0.1698132078508826,0.6564765571024499,-1.242879489831163,1132809.4172656778,1.0,
5,"LAND_SF, LIVING_AREA, TT_RMS, median_hh_income, neighborhood_walkability",16000,4000,0.16973328893029205,0.6565081545909576,-0.8368623219393216,1084018.3943956657,1.0,
5,"YR_BUILT, LAND_SF, LIVING_AREA, TT_RMS, NUM_PARKING",16000,4000,0.16932896737794723,0.6566679876208841,-0.8576474883245284,1101359.355768679,1.0,
6,"YR_BUILT, LAND_SF, RES_FLOOR, NUM_PARKING, median_hh_income, neighborhood_walkability",16000,4000,0.1690699783480829,0.6567703485701828,0.026038090142377346,1032453.498102018,1.0,
4,"LAND_SF, LIVING_AREA, TT_RMS, median_hh_income",16000,4000,0.16906232252909903,0.6567733741578918,-1.10640505976128,1121850.7205227513,1.0,
4,"LAND_SF, LIVING_AREA, BED_RMS, NUM_PARKING",16000,4000,0.1689504780066221,0.6568175736416485,-0.8088481731239427,1078143.0323218678,1.0,
5,"LAND_SF, LIVING_AREA, NUM_PARKING, neighborhood_walkability, INT_COND",16000,4000,0.16871649730359972,0.6569100301185592,-0.6762512498077924,1082511.385358643,1.0,
4,"YR_BUILT, BED_RMS, TT_RMS, median_hh_income",16000,4000,0.16826377664602743,0.65708888381887,-2.5604313695887764,1230214.3323339974,1.0,
3,"NUM_PARKING, neighborhood_walkability, emp_dist_m",16000,4000,0.16819993960186008,0.6571140996301359,-0.0010837100961886836,1016380.0551971344,1.0,
6,"YR_BUILT, LAND_SF, LIVING_AREA, NUM_PARKING, median_hh_income, emp_dist_m",16000,4000,0.1680893548585204,0.6571577786237289,-0.7093083894650094,1090910.086964441,1.0,
5,"YR_BUILT, LIVING_AREA, BED_RMS, NUM_PARKING, median_hh_income",16000,4000,0.16808522375857893,0.6571594102779855,-0.27851087251358564,1039514.8898719831,1.0,
3,"BED_RMS, TT_RMS, neighborhood_walkability",16000,4000,0.16767319104931033,0.6573221298625057,-2.530534608846157,1197542.7317606146,1.0,
2,"LIVING_AREA, BED_RMS",16000,4000,0.16758328834859548,0.6573576288025835,-3.253612406747731,1239916.136445683,1.0,
5,"YR_BUILT, LAND_SF, LIVING_AREA, TT_RMS, median_hh_income",16000,4000,0.1675775939164813,0.6573598772389362,-0.8342357122456763,1084800.395480546,1.0,
3,"YR_BUILT, LAND_SF, TT_RMS",16000,4000,0.16744305587876873,0.6574129971058039,-1.1489759567849305,1112909.5155372578,1.0,
4,"YR_BUILT, BED_RMS, TT_RMS, NUM_PARKING",16000,4000,0.16725406620423222,0.6574876089501963,-2.558285063802901,1230473.8845235447,1.0,
6,"LAND_SF, LIVING_AREA, NUM_PARKING, median_hh_income, neighborhood_walkability, emp_dist_m",16000,4000,0.16712417998817164,0.6575388822404344,-0.7113339967430063,1089680.8709383113,1.0,
4,"LAND_SF, LIVING_AREA, BED_RMS, median_hh_income",16000,4000,0.16712046749020393,0.6575403477104271,-0.7997783001506029,1072543.3095356661,1.0,
3,"LAND_SF, BED_RMS, neighborhood_walkability",16000,4000,0.16701654280402434,0.6575813695749906,0.6062071421630536,944779.0749762716,1.0,
2,"TT_RMS, neighborhood_walkability",16000,4000,0.1670147210547559,0.6575820886455277,-2.5547195133857037,1222613.785389456,1.0,
2,"LAND_SF, TT_RMS",16000,4000,0.16700493576724496,0.6575859510252509,-3.081695492133342,1267816.2336944942,1.0,
5,"LAND_SF, LIVING_AREA, BED_RMS, NUM_PARKING, neighborhood_walkability",16000,4000,0.1667355400603907,0.6576922760919285,-0.23725477408245976,1019099.8705603001,1.0,
3,"YR_BUILT, LIVING_AREA, INT_COND",16000,4000,0.16657828170641875,0.6577543348561811,-0.3834911010549411,1029045.2604424321,1.0,
3,"YR_BUILT, median_hh_income, emp_dist_m",16000,4000,0.16623288328185593,0.6578906186680578,-0.0019654312985222244,1017955.7615735008,1.0,
5,"YR_BUILT, LAND_SF, LIVING_AREA, NUM_PARKING, INT_COND",16000,4000,0.16621743048853643,0.6578967152149527,-0.670553879778051,1085633.9052396745,1.0,
6,"YR_BUILT, LAND_SF, LIVING_AREA, median_hh_income, neighborhood_walkability, INT_COND",16000,4000,0.16601922211894515,0.6579749087939503,-0.7023826647909608,1090000.5292394268,1.0,
7,"YR_BUILT, LAND_SF, BED_RMS, NUM_PARKING, median_hh_income, neighborhood_walkability, emp_dist_m",16000,4000,0.1656742462866041,0.6581109802596143,0.06755169618805046,1030241.2658821914,1.0,
5,"YR_BUILT, BED_RMS, TT_RMS, NUM_PARKING, neighborhood_walkability",16000,4000,0.16551592145029514,0.6581734201220439,-1.3835315645968005,1134941.367711341,1.0,
5,"YR_BUILT, BED_RMS, TT_RMS, median_hh_income, neighborhood_walkability",16000,4000,0.16478606542179386,0.6584611828613741,-0.8798197041995481,1110181.2204810695,1.0,
5,"YR_BUILT, LAND_SF, LIVING_AREA, BED_RMS, NUM_PARKING",16000,4000,0.164474481749189,0.6585839936850392,-0.22988018645823804,1015616.2307225969,1.0,
3,"YR_BUILT, LAND_SF, BED_RMS",16000,4000,0.16425076894205615,0.6586721560510452,0.5585137735280301,955617.9045199561,1.0,
2,"BED_RMS, median_hh_income",16000,4000,0.16422848437733795,0.658680937467707,-2.111554959420622,1212436.862324163,1.0,
3,"YR_BUILT, BED_RMS, TT_RMS",16000,4000,0.16422039943705502,0.6586841233762157,-2.5309321926351194,1201824.559985726,1.0,
6,"YR_BUILT, LAND_SF, LIVING_AREA, TT_RMS, NUM_PARKING, neighborhood_walkability",16000,4000,0.1642141968788744,0.658686567512813,-0.3007568573921169,1041835.6661401558,1.0,
5,"LAND_SF, LIVING_AREA, BED_RMS, median_hh_income, neighborhood_walkability",16000,4000,0.16418826261863295,0.6586967868873709,-0.25431709629131083,1025156.546494509,1.0,
6,"YR_BUILT, LIVING_AREA, TT_RMS, NUM_PARKING, median_hh_income, neighborhood_walkability",16000,4000,0.16396069659864576,0.6587864522975109,0.5055494823787141,962353.1333748593,1.0,
5,"LAND_SF, BED_RMS, TT_RMS, NUM_PARKING, median_hh_income",16000,4000,0.16352857094828444,0.6589566845741964,-1.3621524040955841,1135682.1120812902,1.0,
6,"LAND_SF, LIVING_AREA, NUM_PARKING, median_hh_income, neighborhood_walkability, INT_COND",16000,4000,0.163444201666895,0.6589899160141431,-0.702393830747891,1090323.0246212345,1.0,
6,"YR_BUILT, LAND_SF, BED_RMS, TT_RMS, NUM_PARKING, neighborhood_walkability",16000,4000,0.16339770935679854,0.6590082277262345,-0.23850790677512612,1060324.2623180316,1.0,
3,"LAND_SF, LIVING_AREA, BED_RMS",16000,4000,0.1631399584534039,0.6591097376592154,-1.6374424106286227,1179388.9235538568,1.0,
5,"LAND_SF, LIVING_AREA, median_hh_income, neighborhood_walkability, INT_COND",16000,4000,0.16311855729768066,0.6591181653647178,-0.6803322597108681,1083661.0988250007,1.0,
2,"YR_BUILT, TT_RMS",16000,4000,0.16276395764047524,0.6592577898747091,-2.549216914747664,1222909.1789378577,1.0,
5,"LAND_SF, LIVING_AREA, TT_RMS, NUM_PARKING, median_hh_income",16000,4000,0.16256514587209203,0.6593360595742845,-0.8559209953915108,1101467.4797421498,1.0,
2,"BED_RMS, NUM_PARKING",16000,4000,0.1625438838358606,0.6593444296213018,-2.241641838329436,1228948.448417919,1.0,
5,"YR_BUILT, LAND_SF, LIVING_AREA, BED_RMS, median_hh_income",16000,4000,0.16228493057142057,0.6594463610493656,-0.2476720106579755,1021796.1418757744,1.0,
7,"YR_BUILT, LAND_SF, LIVING_AREA, NUM_PARKING, median_hh_income, neighborhood_walkability, INT_COND",16000,4000,0.16225864236109766,0.6594567079616206,-0.7124476261883255,1093866.0563920164,1.0,
6,"YR_BUILT, LAND_SF, BED_RMS, TT_RMS, median_hh_income, neighborhood_walkability",16000,4000,0.16224806971216021,0.6594608692592582,-0.09527422845967326,1036462.2512859448,1.0,
3,"YR_BUILT, TT_RMS, neighborhood_walkability",16000,4000,0.16208951086500467,0.6595232734174953,-0.6939818012846508,1096133.7899248868,1.0,
6,"YR_BUILT, LAND_SF, LIVING_AREA, TT_RMS, median_hh_income, neighborhood_walkability",16000,4000,0.16204236064782152,0.6595418292349322,-0.3198408672455808,1049774.6205860532,1.0,
3,"LIVING_AREA, NUM_PARKING, INT_COND",16000,4000,0.16193262180869572,0.659585014583343,-0.3954840107593589,1030500.0148470502,1.0,
6,"YR_BUILT, LAND_SF, LIVING_AREA, NUM_PARKING, median_hh_income, INT_COND",16000,4000,0.16176666449034993,0.6596503181284739,-0.6994661489522662,1093116.1352640304,1.0,
5,"YR_BUILT, LAND_SF, LIVING_AREA, median_hh_income, INT_COND",16000,4000,0.16117843777010044,0.6598817309565262,-0.6747890342371856,1086677.7144534679,1.0,
4,"YR_BUILT, LAND_SF, neighborhood_walkability, emp_dist_m",16000,4000,0.16084693631129032,0.6600121103828267,0.044595536876604225,1021278.3394942763,1.0,
3,"NUM_PARKING, median_hh_income, emp_dist_m",16000,4000,0.1602416862349707,0.6602500886446387,-0.0012663279272187022,1019641.1144200916,1.0,
4,"BED_RMS, TT_RMS, NUM_PARKING, median_hh_income",16000,4000,0.15980680788831914,0.6604210255074605,-2.5609487391965122,1232659.7036830673,1.0,
4,"YR_BUILT, LAND_SF, NUM_PARKING, emp_dist_m",16000,4000,0.15969874222921276,0.6604634958222415,0.0494139412463217,1023637.5259731073,1.0,
5,"BED_RMS, TT_RMS, NUM_PARKING, median_hh_income, neighborhood_walkability",16000,4000,0.15857430252707572,0.6609052440006975,-1.3805004993418817,1134890.6307860937,1.0,
5,"LAND_SF, LIVING_AREA, NUM_PARKING, median_hh_income, INT_COND",16000,4000,0.15807277170373446,0.66110218056601,-0.6754863239738373,1086799.4419464935,1.0,
6,"LAND_SF, LIVING_AREA, TT_RMS, NUM_PARKING, median_hh_income, neighborhood_walkability",16000,4000,0.15800642249908947,0.6611282295749071,-0.28750098668912805,1039939.689222591,1.0,
6,"YR_BUILT, LAND_SF, LIVING_AREA, BED_RMS, NUM_PARKING, neighborhood_walkability",16000,4000,0.1578553602708711,0.6611875334859324,-0.43164546308777574,1071882.1868958264,1.0,
3,"LAND_SF, TT_RMS, NUM_PARKING",16000,4000,0.15758231477887485,0.6612947120130793,-1.2594913352195705,1119568.1902369994,1.0,
5,"LAND_SF, LIVING_AREA, BED_RMS, NUM_PARKING, median_hh_income",16000,4000,0.1575108605430655,0.6613227570714705,-0.23681889421293434,1021377.3135100383,1.0,
6,"LAND_SF, BED_RMS, TT_RMS, NUM_PARKING, median_hh_income, neighborhood_walkability",16000,4000,0.15732866707856097,0.6613942607652413,-0.22210163515605164,1060007.791624173,1.0,
3,"median_hh_income, neighborhood_walkability, emp_dist_m",16000,4000,0.15727968621291855,0.661413482489902,-0.0036157036129542686,1017756.3145506486,1.0,
6,"YR_BUILT, LIVING_AREA, BED_RMS, NUM_PARKING, median_hh_income, neighborhood_walkability",16000,4000,0.15711828190057664,0.6614768189702399,0.2663565442575241,1021014.9141928726,1.0,
3,"LAND_SF, TT_RMS, median_hh_income",16000,4000,0.15697700573209972,0.6615322520120263,-0.9678200159398733,1107978.0793602306,1.0,
3,"YR_BUILT, BED_RMS, neighborhood_walkability",16000,4000,0.15681690249488878,0.6615950666847037,0.5348722420198999,950135.7923025958,1.0,
5,"YR_BUILT, BED_RMS, TT_RMS, NUM_PARKING, median_hh_income",16000,4000,0.15676791609514862,0.6616142847464709,-1.3825013976985043,1137636.2609338246,1.0,
6,"YR_BUILT, LAND_SF, LIVING_AREA, TT_RMS, NUM_PARKING, median_hh_income",16000,4000,0.15618958300494845,0.6618411308639607,-0.3099670149060101,1046951.9037736929,1.0,
4,"LAND_SF, NUM_PARKING, neighborhood_walkability, emp_dist_m",16000,4000,0.15610889024451569,0.6618727757157054,0.044217706671317525,1022638.443950254,1.0,
3,"BED_RMS, TT_RMS, median_hh_income",16000,4000,0.15602056712224743,0.6619074111917183,-2.5332420327279586,1204855.0214050643,1.0,
7,"YR_BUILT, LAND_SF, LIVING_AREA, NUM_PARKING, median_hh_income, neighborhood_walkability, emp_dist_m",16000,4000,0.15582583269718375,0.6619837689321034,-0.7177557568617543,1095550.6758482573,1.0,
6,"YR_BUILT, LAND_SF, BED_RMS, TT_RMS, NUM_PARKING, median_hh_income",16000,4000,0.15567984357679054,0.6620410072686799,-0.23125955511445717,1062334.7325296013,1.0,
6,"YR_BUILT, LAND_SF, LIVING_AREA, BED_RMS, median_hh_income, neighborhood_walkability",16000,4000,0.15537923395905273,0.6621588524850244,-0.44090045267912714,1074796.5204925677,1.0,
4,"LAND_SF, LIVING_AREA, neighborhood_walkability, INT_COND",16000,4000,0.1552585957922129,0.6622061392562827,-0.6031258357887648,1065720.9914780075,1.0,
4,"YR_BUILT, LAND_SF, TT_RMS, neighborhood_walkability",16000,4000,0.1551816483930849,0.66223629871072,-0.07335155337652322,1029981.4021932479,1.0,
3,"LAND_SF, BED_RMS, NUM_PARKING",16000,4000,0.1550521889978128,0.6622870370892372,0.5739803213727774,962131.4459446609,1.0,
3,"LAND_SF, LIVING_AREA, TT_RMS",16000,4000,0.1547874901324502,0.6623907671051302,-2.9592408041258915,1261386.336150872,1.0,
3,"LIVING_AREA, median_hh_income, INT_COND",16000,4000,0.1541719567131935,0.662631919149106,-0.41531999630978267,1036410.4267834168,1.0,
3,"LAND_SF, BED_RMS, median_hh_income",16000,4000,0.15322971962797505,0.6630008963835412,0.5963163953959342,952810.5254943698,1.0,
4,"YR_BUILT, LAND_SF, median_hh_income, emp_dist_m",16000,4000,0.15266875782951306,0.6632204698663766,0.04741058864419612,1024309.939332355,1.0,
3,"TT_RMS, NUM_PARKING, neighborhood_walkability",16000,4000,0.1524311975647762,0.6633134345659971,-1.3815753767922576,1137317.511512883,1.0,
4,"YR_BUILT, LAND_SF, LIVING_AREA, INT_COND",16000,4000,0.15202653445124925,0.6634717618003948,-0.5877456008813817,1068324.1964495687,1.0,
6,"LAND_SF, LIVING_AREA, BED_RMS, NUM_PARKING, median_hh_income, neighborhood_walkability",16000,4000,0.15150883609923327,0.6636742597812917,-0.44219717193914865,1074589.0069873827,1.0,
3,"BED_RMS, TT_RMS, NUM_PARKING",16000,4000,0.15139679176110854,0.6637180778501349,-2.591440335531438,1224762.929203166,1.0,
6,"YR_BUILT, BED_RMS, TT_RMS, NUM_PARKING, median_hh_income, neighborhood_walkability",16000,4000,0.1508999058877868,0.663912364102866,-0.1865903037857315,1054510.3299705172,1.0,
3,"TT_RMS, median_hh_income, neighborhood_walkability",16000,4000,0.15057465059724506,0.6640395106753431,-0.5936642415124942,1093175.3557754487,1.0,
2,"TT_RMS, median_hh_income",16000,4000,0.150451607044486,0.6640876036725463,-2.55569168940878,1228846.8432443743,1.0,
7,"YR_BUILT, LAND_SF, LIVING_AREA, TT_RMS, NUM_PARKING, median_hh_income, neighborhood_walkability",16000,4000,0.1500546453869569,0.6642427369943734,-0.34096397434259695,1058753.449293018,1.0,
6,"YR_BUILT, LAND_SF, LIVING_AREA, BED_RMS, NUM_PARKING, median_hh_income",16000,4000,0.14986724866523005,0.6643159593787471,-0.4289600127951143,1074527.6828428989,1.0,
3,"YR_BUILT, TT_RMS, NUM_PARKING",16000,4000,0.14926265310911757,0.6645521407820871,-1.376712416690875,1138298.037167226,1.0,
7,"YR_BUILT, LAND_SF, BED_RMS, TT_RMS, NUM_PARKING, median_hh_income, neighborhood_walkability",16000,4000,0.1486906567857832,0.6647755102568467,0.438234920570977,980624.0347218065,1.0,
4,"LAND_SF, median_hh_income, neighborhood_walkability, emp_dist_m",16000,4000,0.14851995855733302,0.6648421548408932,0.04230900025361328,1023484.7748751964,1.0,
3,"YR_BUILT, TT_RMS, median_hh_income",16000,4000,0.14839979020822314,0.6648890673706509,-0.6555449581826653,1099274.877148314,1.0,
4,"LAND_SF, TT_RMS, NUM_PARKING, neighborhood_walkability",16000,4000,0.14838607075910548,0.6648944230967798,-0.07908415276456471,1050270.896264883,1.0,
4,"LAND_SF, LIVING_AREA, NUM_PARKING, INT_COND",16000,4000,0.1481277184482187,0.6649952692542194,-0.5921537733462134,1068427.2159376922,1.0,
4,"LAND_SF, NUM_PARKING, median_hh_income, emp_dist_m",16000,4000,0.14793593308803943,0.6650701215428844,0.04698432983181222,1025496.4519285402,1.0,
3,"BED_RMS, NUM_PARKING, neighborhood_walkability",16000,4000,0.14782075035031095,0.6651150723932147,0.5200627984365014,956878.8160163737,1.0,
4,"YR_BUILT, LAND_SF, BED_RMS, neighborhood_walkability",16000,4000,0.14666373841811153,0.6655664357932921,0.33164879522938717,1012044.5783340983,1.0,
2,"TT_RMS, NUM_PARKING",16000,4000,0.1460283957761177,0.6658141599769154,-2.561312368689008,1237056.753213528,1.0,
4,"LAND_SF, TT_RMS, median_hh_income, neighborhood_walkability",16000,4000,0.14589547393396607,0.6658659754006779,-0.06708964952784213,1030226.4623546442,1.0,
4,"YR_BUILT, NUM_PARKING, neighborhood_walkability, emp_dist_m",16000,4000,0.1458342957816442,0.665889822435426,-0.001966977964520167,1027854.202905508,1.0,
4,"YR_BUILT, LAND_SF, TT_RMS, NUM_PARKING",16000,4000,0.14571639042370044,0.6659357791322946,-0.12136624439685617,1056673.9526763242,1.0,
3,"YR_BUILT, BED_RMS, NUM_PARKING",16000,4000,0.1453532141352034,0.666077316663347,0.5361452234372719,953078.9341579394,1.0,
3,"BED_RMS, median_hh_income, neighborhood_walkability",16000,4000,0.14474704305971708,0.6663134874667762,0.5167165620584994,960213.2895110734,1.0,
4,"YR_BUILT, LAND_SF, TT_RMS, median_hh_income",16000,4000,0.1437847408860441,0.6666882389661635,-0.07120872839604342,1033511.751341589,1.0,
3,"YR_BUILT, BED_RMS, median_hh_income",16000,4000,0.14327319091124646,0.6668873672950332,0.5362368423772232,953980.4417538531,1.0,
7,"YR_BUILT, LAND_SF, LIVING_AREA, BED_RMS, NUM_PARKING, median_hh_income, neighborhood_walkability",16000,4000,0.14321464511350734,0.6669101533135777,-0.5579891828613652,1093829.835226689,1.0,
4,"LAND_SF, LIVING_AREA, median_hh_income, INT_COND",16000,4000,0.1420527984932236,0.6673621829833388,-0.6000061939020653,1070664.9297041504,1.0,
4,"LAND_SF, BED_RMS, NUM_PARKING, neighborhood_walkability",16000,4000,0.14024062643418556,0.6680666186155922,0.33402484225454776,1008939.210740271,1.0,
4,"YR_BUILT, TT_RMS, NUM_PARKING, neighborhood_walkability",16000,4000,0.13980507159864985,0.6682358187498627,0.368677615709726,1001582.1476457829,1.0,
5,"YR_BUILT, LAND_SF, NUM_PARKING, neighborhood_walkability, emp_dist_m",16000,4000,0.13885050555574252,0.6686064895910481,0.022653250946345738,1033308.9817380109,1.0,
3,"TT_RMS, NUM_PARKING, median_hh_income",16000,4000,0.13875075926408487,0.6686452105606733,-1.382692828390641,1142751.186955259,1.0,
4,"YR_BUILT, median_hh_income, neighborhood_walkability, emp_dist_m",16000,4000,0.13810049005151948,0.6688975866054303,-0.003745795564201737,1028619.9700801801,1.0,
4,"YR_BUILT, LAND_SF, BED_RMS, NUM_PARKING",16000,4000,0.13796526323409064,0.6689500575392102,0.3571285163282186,1008145.0739626198,1.0,
4,"YR_BUILT, NUM_PARKING, median_hh_income, emp_dist_m",16000,4000,0.13779808889589695,0.6690149191144181,-0.0021169492815811264,1031361.376826632,1.0,
4,"YR_BUILT, TT_RMS, median_hh_income, neighborhood_walkability",16000,4000,0.1371696007305685,0.6692587085089082,0.3756710821705883,992727.3132257364,1.0,
4,"LAND_SF, BED_RMS, median_hh_income, neighborhood_walkability",16000,4000,0.13706537692732357,0.6692991281451045,0.31540519189011185,1016092.5585413107,1.0,
4,"LAND_SF, TT_RMS, NUM_PARKING, median_hh_income",16000,4000,0.13699438457736546,0.6693266587015639,-0.11523243419073848,1056221.486624496,1.0,
5,"YR_BUILT, LAND_SF, TT_RMS, NUM_PARKING, neighborhood_walkability",16000,4000,0.13572594474131372,0.6698183639971459,0.45395212501997073,988042.8363319554,1.0,
4,"YR_BUILT, LAND_SF, BED_RMS, median_hh_income",16000,4000,0.13534896101471172,0.6699644305671832,0.33822019183788143,1015534.0153230518,1.0,
3,"BED_RMS, NUM_PARKING, median_hh_income",16000,4000,0.13428632112275907,0.6703759910088487,0.5253854153725386,959030.0433978591,1.0,
4,"NUM_PARKING, median_hh_income, neighborhood_walkability, emp_dist_m",16000,4000,0.1334815309473576,0.6706875181896376,-0.003371750844687549,1029910.7541905869,1.0,
5,"YR_BUILT, LAND_SF, TT_RMS, median_hh_income, neighborhood_walkability",16000,4000,0.13311361832596358,0.6708298857358215,0.4380098796790203,995316.06339811,1.0,
5,"YR_BUILT, LAND_SF, median_hh_income, neighborhood_walkability, emp_dist_m",16000,4000,0.13297524482868472,0.6708834229555843,0.021192743928702407,1033808.2146084154,1.0,
5,"YR_BUILT, LAND_SF, NUM_PARKING, median_hh_income, emp_dist_m",16000,4000,0.1313416117807995,0.671515158990161,0.023823200378401133,1036155.5166301449,1.0,
4,"YR_BUILT, BED_RMS, NUM_PARKING, neighborhood_walkability",16000,4000,0.13088376360275078,0.6716921051259194,0.23170923327286497,1022830.0438369685,1.0,
4,"TT_RMS, NUM_PARKING, median_hh_income, neighborhood_walkability",16000,4000,0.1304931100592015,0.6718430454781268,0.40869575498509536,995012.3796045787,1.0,
3,"YR_BUILT, LIVING_AREA, neighborhood_walkability",16000,4000,0.1293039410248218,0.6723023069161018,-0.6451862048954069,1099197.6954611812,1.0,
5,"LAND_SF, NUM_PARKING, median_hh_income, neighborhood_walkability, emp_dist_m",16000,4000,0.1291469341043564,0.6723629201206816,0.021121709763442853,1034787.0500781445,1.0,
3,"BED_RMS, TT_RMS, INT_COND",16000,4000,0.12909611520029463,0.6723825378091316,-4.968633726321321,1434668.0651412206,1.0,
4,"LAND_SF, BED_RMS, NUM_PARKING, median_hh_income",16000,4000,0.12893107035608653,0.6724462463400065,0.34031367109751876,1012365.8990960766,1.0,
4,"YR_BUILT, TT_RMS, NUM_PARKING, median_hh_income",16000,4000,0.12855013568763873,0.67259326690269,0.34994272586924813,1008326.357606083,1.0,
5,"LAND_SF, TT_RMS, NUM_PARKING, median_hh_income, neighborhood_walkability",16000,4000,0.1279684873986242,0.6728176902929855,0.44094407392127943,992631.3902270887,1.0,
4,"YR_BUILT, BED_RMS, median_hh_income, neighborhood_walkability",16000,4000,0.12756364005294651,0.6729738525674167,0.21406182828888265,1029034.7175065143,1.0,
1,BED_RMS,16000,4000,0.12740859445601949,0.6730336489044931,-4.269333772024322,1401678.4553746718,1.0,
2,"LIVING_AREA, TT_RMS",16000,4000,0.1265819635593174,0.6733523654915835,-3.2341646570231593,1226922.613885781,1.0,
5,"YR_BUILT, LAND_SF, BED_RMS, NUM_PARKING, neighborhood_walkability",16000,4000,0.12646298425319713,0.6733982268464531,0.1658569166069792,1038426.3691332126,1.0,
5,"YR_BUILT, LAND_SF, TT_RMS, NUM_PARKING, median_hh_income",16000,4000,0.12615706439020202,0.673516131329321,0.45825661171673504,990793.3432860973,1.0,
4,"YR_BUILT, LAND_SF, neighborhood_walkability, INT_COND",16000,4000,0.12493478513764078,0.6739870037777895,0.11948105805438214,1026737.2895803939,1.0,
3,"LIVING_AREA, NUM_PARKING, neighborhood_walkability",16000,4000,0.12384164681971244,0.674407847309678,-0.6469390808891409,1100351.359129773,1.0,
3,"LAND_SF, neighborhood_walkability, INT_COND",16000,4000,0.12370257323827571,0.6744613699364326,-0.4853827588420221,1084854.1022978541,1.0,
5,"YR_BUILT, LAND_SF, BED_RMS, median_hh_income, neighborhood_walkability",16000,4000,0.12341248012154449,0.6745729989364059,0.15586959690413726,1041424.3957732372,1.0,
3,"YR_BUILT, LAND_SF, INT_COND",16000,4000,0.12130626449787274,0.6753829259139036,-0.7318635035523944,1107780.252911179,1.0,
4,"BED_RMS, NUM_PARKING, median_hh_income, neighborhood_walkability",16000,4000,0.12125961503163318,0.6754008535680885,0.21863852247164783,1026500.1441658674,1.0,
3,"YR_BUILT, LIVING_AREA, NUM_PARKING",16000,4000,0.1207020466351223,0.6756150934392424,-0.6361497028420477,1103235.3290223433,1.0,
4,"LAND_SF, NUM_PARKING, neighborhood_walkability, INT_COND",16000,4000,0.12066740557085953,0.6756284016672871,0.11793070406402306,1027488.9601696207,1.0,
5,"YR_BUILT, LAND_SF, NUM_PARKING, neighborhood_walkability, INT_COND",16000,4000,0.1206394919087379,0.6756391252054443,0.04661243367409218,1040105.972828373,1.0,
5,"YR_BUILT, NUM_PARKING, median_hh_income, neighborhood_walkability, emp_dist_m",16000,4000,0.12016195255980633,0.6758225542278142,-0.003587850271676407,1037405.8641948795,1.0,
5,"YR_BUILT, TT_RMS, NUM_PARKING, median_hh_income, neighborhood_walkability",16000,4000,0.1200674068476203,0.6758588645513108,0.3584649827186599,1008093.8179465501,1.0,
4,"YR_BUILT, LIVING_AREA, NUM_PARKING, neighborhood_walkability",16000,4000,0.12004778326169474,0.6758664007538916,-0.6926622787576613,1111487.7953957284,1.0,
4,"YR_BUILT, BED_RMS, NUM_PARKING, median_hh_income",16000,4000,0.11971095779538066,0.6759957414332699,0.23429198677955643,1027004.7547050198,1.0,
6,"YR_BUILT, LAND_SF, TT_RMS, NUM_PARKING, median_hh_income, neighborhood_walkability",16000,4000,0.11852718650279537,0.6764501123665567,0.2501878496108575,1030679.904431723,1.0,
5,"LAND_SF, BED_RMS, NUM_PARKING, median_hh_income, neighborhood_walkability",16000,4000,0.11850572721023922,0.6764583463428584,0.15814600988993843,1040673.5149161041,1.0,
4,"YR_BUILT, LAND_SF, NUM_PARKING, INT_COND",16000,4000,0.11839165535597562,0.6765021142742095,0.13072763722197212,1030684.8357808136,1.0,
6,"YR_BUILT, LAND_SF, NUM_PARKING, median_hh_income, neighborhood_walkability, emp_dist_m",16000,4000,0.11808302195383591,0.6766205188243426,0.012372512722766515,1041200.4650770966,1.0,
5,"YR_BUILT, LAND_SF, BED_RMS, NUM_PARKING, median_hh_income",16000,4000,0.11694666716841562,0.6770562930900805,0.16845933492480714,1041771.8228447249,1.0,
3,"LIVING_AREA, median_hh_income, neighborhood_walkability",16000,4000,0.11667915318346012,0.6771588397341948,-0.6536723510529934,1102041.0103032629,1.0,
3,"LAND_SF, NUM_PARKING, INT_COND",16000,4000,0.1153758740324633,0.6776582062519629,-0.7288361567199682,1106720.6872157422,1.0,
3,"YR_BUILT, LIVING_AREA, median_hh_income",16000,4000,0.11453323706550655,0.6779808765953156,-0.6431740122111378,1104813.338606865,1.0,
4,"YR_BUILT, LIVING_AREA, median_hh_income, neighborhood_walkability",16000,4000,0.11442771739245772,0.6780212723460183,-0.6963616882986154,1112335.4652908521,1.0,
5,"YR_BUILT, LAND_SF, median_hh_income, neighborhood_walkability, INT_COND",16000,4000,0.11425526019985799,0.678087288387427,0.04467559320690917,1040598.2537843095,1.0,
6,"YR_BUILT, LAND_SF, NUM_PARKING, median_hh_income, neighborhood_walkability, INT_COND",16000,4000,0.11231897990722284,0.6788280493681538,0.022963080884286557,1044497.7021510069,1.0,
4,"LAND_SF, median_hh_income, neighborhood_walkability, INT_COND",16000,4000,0.11220094963285332,0.6788731779649815,0.11518562733663174,1028255.0024321616,1.0,
5,"LAND_SF, NUM_PARKING, median_hh_income, neighborhood_walkability, INT_COND",16000,4000,0.11094227712888227,0.6793542419842761,0.044305688700436496,1041077.5887647825,1.0,
4,"YR_BUILT, LAND_SF, median_hh_income, INT_COND",16000,4000,0.11091888348460599,0.6793631797992921,0.12777867219544292,1031249.8514300721,1.0,
4,"LIVING_AREA, NUM_PARKING, median_hh_income, neighborhood_walkability",16000,4000,0.11011148746209531,0.6796715828491254,-0.6964780383449638,1113286.6262936133,1.0,
5,"YR_BUILT, BED_RMS, NUM_PARKING, median_hh_income, neighborhood_walkability",16000,4000,0.11010809390980858,0.6796728787973385,0.110339217941673,1046244.5441526129,1.0,
5,"YR_BUILT, LAND_SF, NUM_PARKING, median_hh_income, INT_COND",16000,4000,0.10954008260972181,0.6798897592338466,0.049510154425346564,1044544.6547665637,1.0,
6,"YR_BUILT, LAND_SF, BED_RMS, NUM_PARKING, median_hh_income, neighborhood_walkability",16000,4000,0.10914341128852256,0.6800411769089255,0.09457590874928734,1051367.7298065855,1.0,
3,"LIVING_AREA, NUM_PARKING, median_hh_income",16000,4000,0.10908022521648764,0.6800652932310368,-0.6452102924703922,1105803.4785608335,1.0,
4,"YR_BUILT, LIVING_AREA, NUM_PARKING, median_hh_income",16000,4000,0.10818479424300864,0.6804069618149424,-0.6922268003422496,1116071.159077329,1.0,
2,"LIVING_AREA, neighborhood_walkability",16000,4000,0.10794985308577143,0.6804965796366644,-0.4161124576851183,1053904.9220822207,1.0,
3,"YR_BUILT, neighborhood_walkability, INT_COND",16000,4000,0.10757291787128531,0.6806403361477223,-0.003978349718774421,1044352.855281153,1.0,
4,"YR_BUILT, NUM_PARKING, neighborhood_walkability, INT_COND",16000,4000,0.10669554025108641,0.6809748351255026,-0.002395419253062192,1046009.0278732369,1.0,
4,"LAND_SF, NUM_PARKING, median_hh_income, INT_COND",16000,4000,0.10666078627391518,0.68098808164713,0.12615489107368416,1031731.1263531657,1.0,
4,"YR_BUILT, LAND_SF, LIVING_AREA, neighborhood_walkability",16000,4000,0.10597813358286068,0.6812482233509254,-0.6759934498576261,1108270.315505825,1.0,
3,"LAND_SF, median_hh_income, INT_COND",16000,4000,0.10504953829688668,0.6816019281823399,-0.734955458700931,1108162.1741324677,1.0,
5,"YR_BUILT, LIVING_AREA, NUM_PARKING, median_hh_income, neighborhood_walkability",16000,4000,0.10467074211804395,0.68174616012733,-0.7116384514276675,1117898.349211365,1.0,
2,"YR_BUILT, LIVING_AREA",16000,4000,0.1037642142813946,0.6820912094527063,-0.3752237232990525,1052588.8599840095,1.0,
5,"YR_BUILT, LAND_SF, LIVING_AREA, NUM_PARKING, neighborhood_walkability",16000,4000,0.10339383586958473,0.6822321354052415,-0.7010730953750379,1115507.0917645725,1.0,
3,"NUM_PARKING, neighborhood_walkability, INT_COND",16000,4000,0.1020979899551232,0.6827249652341374,-0.0021164976246179634,1044351.4893736868,1.0,
4,"LAND_SF, LIVING_AREA, NUM_PARKING, neighborhood_walkability",16000,4000,0.10154281668988563,0.6829359972138881,-0.676659920109651,1109184.186997929,1.0,
3,"YR_BUILT, NUM_PARKING, INT_COND",16000,4000,0.10037271592015717,0.6833805614863896,0.000497285377419665,1052058.8289351035,1.0,
5,"YR_BUILT, NUM_PARKING, median_hh_income, neighborhood_walkability, INT_COND",16000,4000,0.09911146844294327,0.6838594320936935,-0.0037214213955776287,1047648.3650319749,1.0,
4,"YR_BUILT, LAND_SF, LIVING_AREA, NUM_PARKING",16000,4000,0.09888941750695657,0.6839437057111941,-0.6708134566438821,1111829.90577789,1.0,
5,"YR_BUILT, LAND_SF, LIVING_AREA, median_hh_income, neighborhood_walkability",16000,4000,0.098871368653495,0.6839505552245322,-0.7037378783735044,1116080.156223445,1.0,
4,"YR_BUILT, median_hh_income, neighborhood_walkability, INT_COND",16000,4000,0.0979715304589609,0.684291955579125,-0.004964920707409171,1046638.0701644568,1.0,
2,"YR_BUILT, INT_COND",16000,4000,0.09704163699473856,0.6846445800966483,-0.0016763466898326307,1055212.4898081368,1.0,
2,"LIVING_AREA, NUM_PARKING",16000,4000,0.09646969538105521,0.6848613756625304,-0.3866316785276336,1055312.6268918184,1.0,
4,"LAND_SF, LIVING_AREA, median_hh_income, neighborhood_walkability",16000,4000,0.09606762486359066,0.6850137401925638,-0.6807477765396539,1110129.0956246178,1.0,
2,"LAND_SF, INT_COND",16000,4000,0.09582610303396899,0.6851052485434668,-0.7227151736836261,1103976.9742062083,1.0,
5,"LAND_SF, LIVING_AREA, NUM_PARKING, median_hh_income, neighborhood_walkability",16000,4000,0.0952368046003984,0.6853284720236191,-0.7037731437886281,1116883.9824499602,1.0,
6,"YR_BUILT, LAND_SF, LIVING_AREA, NUM_PARKING, median_hh_income, neighborhood_walkability",16000,4000,0.09416322187386894,0.6857349533451017,-0.7142222776270939,1120010.420529385,1.0,
4,"YR_BUILT, LAND_SF, LIVING_AREA, median_hh_income",16000,4000,0.09397317296814456,0.6858068848154045,-0.675049297207224,1112700.7079815136,1.0,
4,"NUM_PARKING, median_hh_income, neighborhood_walkability, INT_COND",16000,4000,0.09391586104793548,0.6858285752812591,-0.00421359601363247,1047022.392205913,1.0,
5,"YR_BUILT, LAND_SF, LIVING_AREA, NUM_PARKING, median_hh_income",16000,4000,0.09343580152956088,0.6860102333215136,-0.7007940780350932,1119269.5082478928,1.0,
2,"neighborhood_walkability, INT_COND",16000,4000,0.09304621616226083,0.6861576199282327,-0.006148345669525712,1043029.1723071155,1.0,
4,"YR_BUILT, NUM_PARKING, median_hh_income, INT_COND",16000,4000,0.09293203254654925,0.6862008114852785,-0.002637286016634377,1052263.8243185356,1.0,
3,"LAND_SF, LIVING_AREA, neighborhood_walkability",16000,4000,0.08997144017263481,0.6873197496199008,-0.6002982352663195,1092282.0794304907,1.0,
2,"NUM_PARKING, INT_COND",16000,4000,0.08982677956948437,0.6873743765529998,0.009600202278106318,1048793.5368781895,1.0,
4,"LAND_SF, LIVING_AREA, NUM_PARKING, median_hh_income",16000,4000,0.0895430774004704,0.6874814959470653,-0.6758217269717426,1113559.719509546,1.0,
3,"YR_BUILT, median_hh_income, INT_COND",16000,4000,0.08946688401281178,0.6875102619693566,-0.004360522046798376,1052903.7068394804,1.0,
3,"median_hh_income, neighborhood_walkability, INT_COND",16000,4000,0.0889563688978453,0.6877029706093963,-0.0064959128500776675,1045702.3506373897,1.0,
2,"LIVING_AREA, median_hh_income",16000,4000,0.08895452664480097,0.6877036659231045,-0.4068836979548851,1060929.3942820358,1.0,
3,"YR_BUILT, LAND_SF, LIVING_AREA",16000,4000,0.08653360234118379,0.6886167783924555,-0.5843971701916773,1094321.0432812783,1.0,
3,"NUM_PARKING, median_hh_income, INT_COND",16000,4000,0.08401284139785314,0.689566261809931,-0.0024530060161169764,1052401.0386219046,1.0,
3,"LAND_SF, LIVING_AREA, NUM_PARKING",16000,4000,0.08086888033640893,0.6907486541341795,-0.589040693183978,1095324.4674080072,1.0,
3,"LAND_SF, LIVING_AREA, median_hh_income",16000,4000,0.07495762462091271,0.6929663180551412,-0.59696107743373,1097280.1772200488,1.0,
1,INT_COND,16000,4000,0.07221085824025075,0.6939943821506953,-0.006841416852413351,1053189.4296506236,1.0,
2,"median_hh_income, INT_COND",16000,4000,0.07215305584012233,0.6940160001640896,-0.006844806272069404,1053198.2558135148,1.0,
3,"LAND_SF, LIVING_AREA, INT_COND",16000,4000,0.06413295884875903,0.6970090042380337,-0.3074531207750646,1008664.0781564951,1.0,
2,"BED_RMS, TT_RMS",16000,4000,0.05968582886128815,0.6986630939170256,-4.877363708968559,1450631.2300138024,1.0,
3,"YR_BUILT, LAND_SF, neighborhood_walkability",16000,4000,0.05649998274081891,0.6998456513246524,0.10821072243074914,1053885.9492048644,1.0,
2,"LAND_SF, neighborhood_walkability",16000,4000,0.05481813843848804,0.7004691316292158,-0.30699019055499077,1097832.2582227553,1.0,
2,"YR_BUILT, LAND_SF",16000,4000,0.05211316496235341,0.7014707360875666,-0.6649475986121658,1128920.11615616,1.0,
4,"YR_BUILT, LAND_SF, NUM_PARKING, neighborhood_walkability",16000,4000,0.051105076212090705,0.7018436481363919,0.03998902936469584,1066504.865898498,1.0,
3,"LAND_SF, NUM_PARKING, neighborhood_walkability",16000,4000,0.05046669717229346,0.702079694790244,0.10679999335986612,1055463.8946890591,1.0,
3,"YR_BUILT, LAND_SF, NUM_PARKING",16000,4000,0.04798517046692197,0.7029965097658573,0.1191026917640271,1058228.5775151546,1.0,
4,"YR_BUILT, LAND_SF, median_hh_income, neighborhood_walkability",16000,4000,0.04484359268283489,0.7041554724010368,0.03808426848740387,1066824.268205013,1.0,
2,"LAND_SF, NUM_PARKING",16000,4000,0.043533915494327946,0.7046380637552454,-0.5582650820920885,1122944.553248664,1.0,
5,"YR_BUILT, LAND_SF, NUM_PARKING, median_hh_income, neighborhood_walkability",16000,4000,0.04222299477437996,0.705120782566761,0.018170354191548665,1070644.0781290203,1.0,
3,"LAND_SF, median_hh_income, neighborhood_walkability",16000,4000,0.04216390547378579,0.7051425331679161,0.10408417978151341,1055967.3740031882,1.0,
3,"YR_BUILT, LAND_SF, median_hh_income",16000,4000,0.040676062835050986,0.7056899827951576,0.11619263863131668,1058536.4063625338,1.0,
2,"YR_BUILT, neighborhood_walkability",16000,4000,0.04034604501612671,0.7058113548542653,-0.006627168972663577,1069067.6152699888,1.0,
4,"LAND_SF, NUM_PARKING, median_hh_income, neighborhood_walkability",16000,4000,0.040206180110551104,0.7058627872697335,0.037802445787292416,1067912.324568189,1.0,
4,"YR_BUILT, LAND_SF, NUM_PARKING, median_hh_income",16000,4000,0.03864965322352498,0.7064349150009497,0.04265518137903068,1070946.2487391818,1.0,
3,"YR_BUILT, NUM_PARKING, neighborhood_walkability",16000,4000,0.03759987314893998,0.7068205178960604,-0.005062136753408053,1071587.7988472816,1.0,
2,"TT_RMS, INT_COND",16000,4000,0.03603490536956022,0.707394968163661,-5.800066924599399,1479901.852928546,1.0,
3,"LAND_SF, NUM_PARKING, median_hh_income",16000,4000,0.03465205962261597,0.7079021792426318,0.11468814050751608,1059945.6158742637,1.0,
2,"LAND_SF, median_hh_income",16000,4000,0.03345307611799897,0.7083416579104901,-0.572994735761726,1124475.807296702,1.0,
2,"NUM_PARKING, neighborhood_walkability",16000,4000,0.032222258097348466,0.7087925218459838,-0.004720077646329202,1070560.7006869004,1.0,
2,"YR_BUILT, NUM_PARKING",16000,4000,0.030188319326650892,0.7095369509973651,-0.0022269539443506847,1077403.5735662486,1.0,
1,YR_BUILT,16000,4000,0.029506099403848518,0.7097864711643874,-0.004431232006707253,1079272.3768586884,1.0,
4,"YR_BUILT, NUM_PARKING, median_hh_income, neighborhood_walkability",16000,4000,0.02920415239692653,0.7098968795002631,-0.006354474939805677,1073385.3829300434,1.0,
3,"YR_BUILT, median_hh_income, neighborhood_walkability",16000,4000,0.02903952759631301,0.709957068096287,-0.007573148772541227,1071998.2193250176,1.0,
1,neighborhood_walkability,16000,4000,0.02612800804283366,0.7110207090466194,-0.008689151221695113,1068022.5770268587,1.0,
1,LAND_SF,16000,4000,0.024975441553820366,0.7114413271183659,-0.724554927775604,1130450.0504991238,1.0,
3,"NUM_PARKING, median_hh_income, neighborhood_walkability",16000,4000,0.02321795218354339,0.7120822277114481,-0.00680079282828161,1073240.9523039367,1.0,
3,"YR_BUILT, NUM_PARKING, median_hh_income",16000,4000,0.022028347191669462,0.7125157117295479,-0.0053000744478111095,1077873.563329414,1.0,
2,"YR_BUILT, median_hh_income",16000,4000,0.019527983778553692,0.7134259686637023,-0.007000313591781326,1077903.6581671343,1.0,
2,"median_hh_income, neighborhood_walkability",16000,4000,0.019326133399318546,0.7134994016067626,-0.009032818941919984,1071534.9223490488,1.0,
1,NUM_PARKING,16000,4000,0.016993523973361846,0.7143474546575468,0.0071048257435401,1075442.5920980256,1.0,
2,"NUM_PARKING, median_hh_income",16000,4000,0.011425082160978484,0.7163678812579453,-0.005054256588592709,1078835.4337041848,1.0,
1,median_hh_income,16000,4000,-0.0001892070375042465,0.7205637236168787,-0.009373489291943704,1079212.8759132433,1.0,
2,"LAND_SF, LIVING_AREA",16000,4000,-0.00033867052089431304,0.7206175604010652,-0.308916423340134,1038317.9873482918,1.0,
1,TT_RMS,16000,4000,-0.03394081038629371,0.7326206418613603,-5.771227203901425,1498287.0414210225,1.0,
2,"LIVING_AREA, INT_COND",16000,4000,-0.15303652987774963,0.7736648134120304,-3.7143356011102338,1255522.852002081,1.0,
1,LIVING_AREA,16000,4000,-0.2111291271369078,0.7929148226012116,-3.500062685996186,1269913.7221133828,1.0,
