n_features,features,rows_train,rows_test,r2_log,rmse_log,r2_level,mae_level,alpha,error,balanced_holdout_score
6,"LU, LAND_SF, INT_COND, BLDG_TYPE, neighborhood_walkability, neighborhood_name",55188,13797,0.8391086854348304,0.2432726982787618,0.7910901592374014,248265.0934289533,1.0,,1.0
6,"LU, LAND_SF, INT_COND, RES_FLOOR, neighborhood_walkability, neighborhood_name",55188,13797,0.8366596963269534,0.24511717994632937,0.7827924624658829,248672.87336228025,1.0,,0.5928632634686651
6,"LU, LAND_SF, OVERALL_COND, BLDG_TYPE, neighborhood_walkability, neighborhood_name",55188,13797,0.834567325026547,0.24668214617256834,0.7863831899129501,251601.03756302618,1.0,,0.3343152731843958
6,"LU, LAND_SF, OVERALL_COND, RES_FLOOR, neighborhood_walkability, neighborhood_name",55188,13797,0.831295143315796,0.24910982965536155,0.7816275034986069,251558.22167810757,1.0,,0.0032086782030684305
6,"LIVING_AREA, INT_COND, RES_FLOOR, BLDG_TYPE, neighborhood_walkability, neighborhood_name",55188,13797,0.8149142928668884,0.2609236910084892,0.8677176007162735,243898.70512442724,1.0,,
6,"LU, LIVING_AREA, INT_COND, BLDG_TYPE, neighborhood_walkability, neighborhood_name",55188,13797,0.8201436009752571,0.25721128501196655,0.8668269936959582,241250.67358739677,1.0,,
6,"LU, LIVING_AREA, RES_FLOOR, BLDG_TYPE, neighborhood_walkability, neighborhood_name",55188,13797,0.8051167484349759,0.2677406606422342,0.8666232583459585,243539.88221348752,1.0,,
6,"LIVING_AREA, INT_COND, YR_BUILT, BLDG_TYPE, neighborhood_walkability, neighborhood_name",55188,13797,0.8095513704041938,0.2646768748517169,0.86175949112336,250389.28207805447,1.0,,
6,"LIVING_AREA, LAND_SF, INT_COND, BLDG_TYPE, neighborhood_walkability, neighborhood_name",55188,13797,0.8077652134571536,0.2659151382986979,0.861417670942231,251923.64374080364,1.0,,
5,"LIVING_AREA, INT_COND, BLDG_TYPE, neighborhood_walkability, neighborhood_name",55188,13797,0.8075596900827514,0.2660572488341872,0.8609310403818893,251950.9899424588,1.0,,
6,"LU, LIVING_AREA, OVERALL_COND, BLDG_TYPE, neighborhood_walkability, neighborhood_name",55188,13797,0.8193710657078314,0.2577630915457165,0.860807281118455,244142.33799058842,1.0,,
6,"LU, LIVING_AREA, BLDG_TYPE, neighborhood_walkability, emp_dist_m, neighborhood_name",55188,13797,0.7818911690538812,0.28324594236599693,0.860613176938672,255380.31527651625,1.0,,
6,"LIVING_AREA, LAND_SF, RES_FLOOR, BLDG_TYPE, neighborhood_walkability, neighborhood_name",55188,13797,0.7958027245122279,0.274064032624512,0.8586595467223684,257781.7260810565,1.0,,
6,"LIVING_AREA, RES_FLOOR, YR_BUILT, BLDG_TYPE, neighborhood_walkability, neighborhood_name",55188,13797,0.7957830429941087,0.2740772401128158,0.8577114927142848,256794.2670507779,1.0,,
5,"LIVING_AREA, RES_FLOOR, BLDG_TYPE, neighborhood_walkability, neighborhood_name",55188,13797,0.792984404578865,0.2759488599391699,0.8566782334157186,259705.48036673234,1.0,,
6,"LIVING_AREA, INT_COND, OVERALL_COND, BLDG_TYPE, neighborhood_walkability, neighborhood_name",55188,13797,0.8026482286645785,0.26943101457978313,0.8559321276576224,255935.4388983208,1.0,,
6,"LU, LIVING_AREA, LAND_SF, BLDG_TYPE, neighborhood_walkability, neighborhood_name",55188,13797,0.8057826263599124,0.26728286053881883,0.8547084759253941,250284.06299171853,1.0,,
6,"LIVING_AREA, OVERALL_COND, RES_FLOOR, BLDG_TYPE, neighborhood_walkability, neighborhood_name",55188,13797,0.8051566123199763,0.26771327571130044,0.8545143401226544,254664.6130912376,1.0,,
5,"LU, LIVING_AREA, neighborhood_walkability, emp_dist_m, neighborhood_name",55188,13797,0.7816695129318523,0.2833898321248838,0.8513156131982651,257194.66446981876,1.0,,
6,"LU, LIVING_AREA, RES_FLOOR, neighborhood_walkability, emp_dist_m, neighborhood_name",55188,13797,0.7847675186559356,0.2813720653272944,0.8481886214249541,255391.78559979796,1.0,,
6,"LU, LIVING_AREA, RES_FLOOR, YR_BUILT, neighborhood_walkability, neighborhood_name",55188,13797,0.7929451127580587,0.27597504641729864,0.8443247027981576,256511.60775910085,1.0,,
6,"LU, LIVING_AREA, GROSS_AREA, BLDG_TYPE, neighborhood_walkability, neighborhood_name",55188,13797,0.7735771187384628,0.28859395396635845,0.8424314197625545,267888.6640371365,1.0,,
6,"LU, LIVING_AREA, LAND_SF, RES_FLOOR, neighborhood_walkability, neighborhood_name",55188,13797,0.7913990089179379,0.27700349958660775,0.840707250139866,257002.72786205064,1.0,,
6,"LU, LIVING_AREA, YR_BUILT, BLDG_TYPE, neighborhood_walkability, neighborhood_name",55188,13797,0.7637321494910135,0.29480129519480747,0.8398746306704271,274109.48724923533,1.0,,
6,"LU, LIVING_AREA, INT_COND, YR_BUILT, neighborhood_walkability, neighborhood_name",55188,13797,0.8058170291227269,0.26725918686863925,0.8394475190325923,258741.00860232467,1.0,,
6,"LU, LIVING_AREA, INT_COND, OVERALL_COND, neighborhood_walkability, neighborhood_name",55188,13797,0.7967433101545347,0.27343209904362104,0.8370553269048548,260444.63695840645,1.0,,
6,"LU, LIVING_AREA, LAND_SF, INT_COND, neighborhood_walkability, neighborhood_name",55188,13797,0.8010348850063649,0.2705300674166585,0.836765214794981,258631.74949628842,1.0,,
5,"LU, LIVING_AREA, INT_COND, neighborhood_walkability, neighborhood_name",55188,13797,0.8023966396808584,0.26960269858509694,0.8364058730328098,258253.22520557308,1.0,,
5,"LU, LIVING_AREA, BLDG_TYPE, neighborhood_walkability, neighborhood_name",55188,13797,0.7576896792666697,0.2985472178411481,0.8336592266372492,276644.07938548166,1.0,,
6,"LU, LIVING_AREA, GROSS_AREA, RES_FLOOR, neighborhood_walkability, neighborhood_name",55188,13797,0.7748364671165745,0.2877902651041738,0.832635840090234,267095.7155853403,1.0,,
6,"LU, LIVING_AREA, LAND_SF, OVERALL_COND, neighborhood_walkability, neighborhood_name",55188,13797,0.8039317669595625,0.2685534213518893,0.8322380375797886,257446.17271745345,1.0,,
6,"LU, GROSS_AREA, RES_FLOOR, BLDG_TYPE, neighborhood_walkability, neighborhood_name",55188,13797,0.7826492054004833,0.2827533038977174,0.8312099514397819,264799.0395159463,1.0,,
5,"LIVING_AREA, YR_BUILT, BLDG_TYPE, neighborhood_walkability, neighborhood_name",55188,13797,0.7620599104844332,0.2958427170516931,0.8305106724580411,282789.3610983821,1.0,,
6,"LU, LIVING_AREA, OVERALL_COND, neighborhood_walkability, emp_dist_m, neighborhood_name",55188,13797,0.7790450562567293,0.2850879976497016,0.8292242820744171,270877.30621940386,1.0,,
6,"LIVING_AREA, LAND_SF, YR_BUILT, BLDG_TYPE, neighborhood_walkability, neighborhood_name",55188,13797,0.7604510244235488,0.29684123589396394,0.8289176478561735,283965.8232207286,1.0,,
6,"LIVING_AREA, GROSS_AREA, RES_FLOOR, BLDG_TYPE, neighborhood_walkability, neighborhood_name",55188,13797,0.7734559874343897,0.28867113938074085,0.8287936993676431,274046.0396123421,1.0,,
4,"LIVING_AREA, BLDG_TYPE, neighborhood_walkability, neighborhood_name",55188,13797,0.7571925039487444,0.2988533423341556,0.8271266931004184,287156.41048752377,1.0,,
5,"LIVING_AREA, LAND_SF, BLDG_TYPE, neighborhood_walkability, neighborhood_name",55188,13797,0.7559823290171342,0.2995971729527138,0.8259268989753124,288044.2300233611,1.0,,
6,"LU, GROSS_AREA, BLDG_TYPE, neighborhood_walkability, emp_dist_m, neighborhood_name",55188,13797,0.7635016343613287,0.29494507182658847,0.8248815027719048,274587.7232207599,1.0,,
6,"LIVING_AREA, RES_FLOOR, BLDG_TYPE, neighborhood_walkability, emp_dist_m, neighborhood_name",55188,13797,0.7719868565762422,0.28960563844899145,0.8234546559342172,277882.0479935013,1.0,,
6,"LIVING_AREA, GROSS_AREA, neighborhood_walkability, emp_dist_m, median_hh_income, neighborhood_name",55188,13797,0.7964790730838348,0.27360977445088863,0.8193844142096014,267573.9323950499,1.0,,
6,"LIVING_AREA, LAND_SF, INT_COND, RES_FLOOR, neighborhood_walkability, neighborhood_name",55188,13797,0.7944258387620649,0.2749864760742603,0.8183409112635601,272233.6754825273,1.0,,
6,"LU, LIVING_AREA, INT_COND, neighborhood_walkability, emp_dist_m, neighborhood_name",55188,13797,0.7707532373495056,0.29038800817600013,0.8173504270352822,276186.5950822993,1.0,,
6,"LU, GROSS_AREA, INT_COND, BLDG_TYPE, neighborhood_walkability, neighborhood_name",55188,13797,0.7943895623056995,0.2750107376224972,0.8167514888525821,267738.76640536153,1.0,,
6,"LU, LIVING_AREA, LAND_SF, YR_BUILT, neighborhood_walkability, neighborhood_name",55188,13797,0.752887463963665,0.30149107548150794,0.815857112030542,285416.91278907284,1.0,,
5,"LU, LIVING_AREA, YR_BUILT, neighborhood_walkability, neighborhood_name",55188,13797,0.7526644495172152,0.3016270898319413,0.8137848108940899,285430.98284983594,1.0,,
5,"LU, LIVING_AREA, LAND_SF, neighborhood_walkability, neighborhood_name",55188,13797,0.7489113435945219,0.3039069405493862,0.8136608145744808,286056.27835262124,1.0,,
4,"LU, LIVING_AREA, neighborhood_walkability, neighborhood_name",55188,13797,0.7477434273711145,0.3046129184062524,0.810590501289373,286243.3125125921,1.0,,
5,"LU, LIVING_AREA, RES_FLOOR, neighborhood_walkability, neighborhood_name",55188,13797,0.7543005367158861,0.30062782584159414,0.8105242882249412,282757.5646493587,1.0,,
6,"LIVING_AREA, OVERALL_COND, BLDG_TYPE, neighborhood_walkability, emp_dist_m, neighborhood_name",55188,13797,0.7738216788076407,0.2884380562379951,0.808803543836202,283538.5218827292,1.0,,
6,"LU, GROSS_AREA, OVERALL_COND, BLDG_TYPE, neighborhood_walkability, neighborhood_name",55188,13797,0.7929313920415357,0.27598419015860665,0.807114858653943,271437.86525341443,1.0,,
6,"LIVING_AREA, INT_COND, OVERALL_COND, RES_FLOOR, neighborhood_walkability, neighborhood_name",55188,13797,0.7863095579457416,0.2803623043420418,0.8067748104367254,277097.9005780801,1.0,,
6,"LU, LAND_SF, GROSS_AREA, neighborhood_walkability, emp_dist_m, neighborhood_name",55188,13797,0.7667680589137268,0.29290115584245846,0.8045805731312455,274919.33969365084,1.0,,
5,"LIVING_AREA, INT_COND, YR_BUILT, neighborhood_walkability, neighborhood_name",55188,13797,0.7812117194925055,0.2836867811964266,0.8044271035397426,284188.362673649,1.0,,
6,"LIVING_AREA, LAND_SF, INT_COND, YR_BUILT, neighborhood_walkability, neighborhood_name",55188,13797,0.7805686845886582,0.2841033635230206,0.8040453026001462,284481.90655631537,1.0,,
6,"LAND_SF, INT_COND, RES_FLOOR, BLDG_TYPE, neighborhood_walkability, neighborhood_name",55188,13797,0.8171613279447173,0.25933498086489615,0.803422462662081,247993.13048720444,1.0,,
6,"LU, LAND_SF, GROSS_AREA, BLDG_TYPE, neighborhood_walkability, neighborhood_name",55188,13797,0.7804067971709723,0.28420814410100137,0.8033878776393794,276002.2371228848,1.0,,
5,"LU, GROSS_AREA, BLDG_TYPE, neighborhood_walkability, neighborhood_name",55188,13797,0.7794678376518561,0.2848151193630956,0.8021988024269058,277067.2820203491,1.0,,
6,"LIVING_AREA, GROSS_AREA, YR_BUILT, neighborhood_walkability, median_hh_income, neighborhood_name",55188,13797,0.7734199310742418,0.28869411067080913,0.8016501065874672,283293.6351623153,1.0,,
5,"LU, GROSS_AREA, neighborhood_walkability, emp_dist_m, neighborhood_name",55188,13797,0.7561916068192733,0.29946867306456776,0.8014308489781313,281813.3806610835,1.0,,
6,"LIVING_AREA, INT_COND, BLDG_TYPE, neighborhood_walkability, emp_dist_m, neighborhood_name",55188,13797,0.767386897367414,0.2925123178226888,0.801414529364552,288069.5347528287,1.0,,
6,"LU, GROSS_AREA, INT_COND, RES_FLOOR, neighborhood_walkability, neighborhood_name",55188,13797,0.7819498312803792,0.28320784910093605,0.8014088389040732,273843.642758353,1.0,,
6,"LU, LIVING_AREA, OVERALL_COND, RES_FLOOR, neighborhood_walkability, neighborhood_name",55188,13797,0.7608890567882542,0.2965697140411207,0.8010073192899135,285878.721865334,1.0,,
4,"LIVING_AREA, INT_COND, neighborhood_walkability, neighborhood_name",55188,13797,0.7781462510490331,0.2856672526735585,0.7999931103711599,287915.14942317107,1.0,,
6,"LIVING_AREA, INT_COND, OVERALL_COND, YR_BUILT, neighborhood_walkability, neighborhood_name",55188,13797,0.7760389359339251,0.28702077530632725,0.7999709104223833,288194.15952584817,1.0,,
6,"LIVING_AREA, GROSS_AREA, RES_FLOOR, neighborhood_walkability, median_hh_income, neighborhood_name",55188,13797,0.7725508834261005,0.28924722381151446,0.7999294462207439,285560.9898867871,1.0,,
6,"LIVING_AREA, GROSS_AREA, BLDG_TYPE, neighborhood_walkability, median_hh_income, neighborhood_name",55188,13797,0.7725335288270094,0.28925825852981396,0.7998910290346377,285578.56870330946,1.0,,
6,"LIVING_AREA, GROSS_AREA, INT_COND, neighborhood_walkability, median_hh_income, neighborhood_name",55188,13797,0.7725893812719888,0.2892227439048754,0.7998874793799847,285548.7597666322,1.0,,
6,"LIVING_AREA, GROSS_AREA, OVERALL_COND, neighborhood_walkability, median_hh_income, neighborhood_name",55188,13797,0.7725567204368531,0.2892435123220766,0.7998731164109065,285571.897194485,1.0,,
6,"LU, LIVING_AREA, GROSS_AREA, neighborhood_walkability, median_hh_income, neighborhood_name",55188,13797,0.7725253633389465,0.2892634503140105,0.7998707743469725,285587.1327141319,1.0,,
5,"LIVING_AREA, GROSS_AREA, neighborhood_walkability, median_hh_income, neighborhood_name",55188,13797,0.7725141626502192,0.2892705717892494,0.7998626837447083,285593.90631870035,1.0,,
5,"LIVING_AREA, LAND_SF, INT_COND, neighborhood_walkability, neighborhood_name",55188,13797,0.7776595120139385,0.28598045274791517,0.7996456875597818,288171.1626030083,1.0,,
6,"LIVING_AREA, YR_BUILT, neighborhood_walkability, emp_dist_m, median_hh_income, neighborhood_name",55188,13797,0.7766892513139514,0.28660376148480954,0.7956109937260831,282847.273024643,1.0,,
6,"LIVING_AREA, LAND_SF, OVERALL_COND, RES_FLOOR, neighborhood_walkability, neighborhood_name",55188,13797,0.779981383626178,0.2844833062916848,0.7954391459879285,289582.1531154254,1.0,,
5,"LIVING_AREA, INT_COND, OVERALL_COND, neighborhood_walkability, neighborhood_name",55188,13797,0.7727228889298039,0.28913783335787047,0.7946503893376986,292259.46079835214,1.0,,
6,"LU, GROSS_AREA, YR_BUILT, BLDG_TYPE, neighborhood_walkability, neighborhood_name",55188,13797,0.7463995202686398,0.30542325938586196,0.7945799579805306,296044.8277197434,1.0,,
6,"LU, LIVING_AREA, INT_COND, RES_FLOOR, neighborhood_walkability, neighborhood_name",55188,13797,0.7537594988135532,0.30095863976336634,0.7944477818869884,290089.7438073641,1.0,,
6,"LIVING_AREA, LAND_SF, INT_COND, OVERALL_COND, neighborhood_walkability, neighborhood_name",55188,13797,0.7723069316706462,0.28940229906241255,0.7943603671232045,292470.982672713,1.0,,
5,"LU, GROSS_AREA, RES_FLOOR, neighborhood_walkability, neighborhood_name",55188,13797,0.7625387693749996,0.29554487261488105,0.7937519012340026,281612.4201607406,1.0,,
6,"LIVING_AREA, GROSS_AREA, INT_COND, BLDG_TYPE, neighborhood_walkability, neighborhood_name",55188,13797,0.7587086945128143,0.297918799110938,0.7934659618062948,294340.4563792696,1.0,,
6,"LU, LAND_SF, GROSS_AREA, RES_FLOOR, neighborhood_walkability, neighborhood_name",55188,13797,0.7658998390621767,0.29344582046296236,0.7930044483730785,280254.23207063176,1.0,,
6,"LU, GROSS_AREA, RES_FLOOR, YR_BUILT, neighborhood_walkability, neighborhood_name",55188,13797,0.7660705613760656,0.2933388002748879,0.7929833747999125,281595.64489796094,1.0,,
6,"LIVING_AREA, GROSS_AREA, OVERALL_COND, BLDG_TYPE, neighborhood_walkability, neighborhood_name",55188,13797,0.7653904445480102,0.29376491136647903,0.7927771282821945,293452.77051849035,1.0,,
6,"LIVING_AREA, LAND_SF, GROSS_AREA, neighborhood_walkability, median_hh_income, neighborhood_name",55188,13797,0.7590954050933496,0.2976799704701334,0.7914363925590511,291824.3218096385,1.0,,
6,"LAND_SF, RES_FLOOR, YR_BUILT, BLDG_TYPE, neighborhood_walkability, neighborhood_name",55188,13797,0.7932694771387669,0.2757587956395795,0.7894396522701431,268009.5983552692,1.0,,
5,"LIVING_AREA, LAND_SF, OVERALL_COND, neighborhood_walkability, neighborhood_name",55188,13797,0.7680811447071842,0.292075481621945,0.7889339534115205,299090.56099675875,1.0,,
6,"LU, LIVING_AREA, GROSS_AREA, INT_COND, neighborhood_walkability, neighborhood_name",55188,13797,0.7511329480125774,0.3025594860437944,0.7883174351115871,297247.7340526499,1.0,,
6,"LU, LIVING_AREA, GROSS_AREA, OVERALL_COND, neighborhood_walkability, neighborhood_name",55188,13797,0.7572933016388476,0.2987913037767118,0.7877990818743041,296711.9463339109,1.0,,
6,"LAND_SF, OVERALL_COND, RES_FLOOR, BLDG_TYPE, neighborhood_walkability, neighborhood_name",55188,13797,0.8068134310234616,0.2665726177790124,0.7864892055198964,256677.66550515205,1.0,,
5,"LAND_SF, RES_FLOOR, BLDG_TYPE, neighborhood_walkability, neighborhood_name",55188,13797,0.7916669042669859,0.2768255718848196,0.7862835411273874,269252.1440049678,1.0,,
6,"GROSS_AREA, INT_COND, RES_FLOOR, BLDG_TYPE, neighborhood_walkability, neighborhood_name",55188,13797,0.7699477554674456,0.29089771478414156,0.7858316916440786,292818.8384417989,1.0,,
6,"LU, GROSS_AREA, OVERALL_COND, RES_FLOOR, neighborhood_walkability, neighborhood_name",55188,13797,0.7748879410316011,0.28775736781795214,0.7849587796172016,283877.86840302456,1.0,,
6,"GROSS_AREA, RES_FLOOR, YR_BUILT, BLDG_TYPE, neighborhood_walkability, neighborhood_name",55188,13797,0.7496085892164113,0.3034846891111593,0.7823934496330158,300736.5255782909,1.0,,
5,"LU, LIVING_AREA, OVERALL_COND, neighborhood_walkability, neighborhood_name",55188,13797,0.7445828994407712,0.3065152292771946,0.7823117063027154,303890.2975854689,1.0,,
6,"LIVING_AREA, GROSS_AREA, INT_COND, RES_FLOOR, neighborhood_walkability, neighborhood_name",55188,13797,0.7523877700212707,0.30179574877583504,0.7814565746050435,297893.78201420873,1.0,,
6,"LAND_SF, INT_COND, YR_BUILT, BLDG_TYPE, neighborhood_walkability, neighborhood_name",55188,13797,0.7948074417387481,0.27473113172578373,0.7808826859581599,264921.6691437909,1.0,,
6,"LIVING_AREA, GROSS_AREA, OVERALL_COND, RES_FLOOR, neighborhood_walkability, neighborhood_name",55188,13797,0.755942575595201,0.29962157595546923,0.7794038967662229,299365.90365056245,1.0,,
6,"LIVING_AREA, LAND_SF, neighborhood_walkability, emp_dist_m, median_hh_income, neighborhood_name",55188,13797,0.7688855723109441,0.2915684989705081,0.7791069530767505,296516.3782651648,1.0,,
6,"LIVING_AREA, RES_FLOOR, neighborhood_walkability, emp_dist_m, median_hh_income, neighborhood_name",55188,13797,0.7678446170465544,0.2922243835408609,0.7789178924473856,296856.13673862576,1.0,,
6,"LIVING_AREA, INT_COND, neighborhood_walkability, emp_dist_m, median_hh_income, neighborhood_name",55188,13797,0.7678446064350976,0.29222439021941893,0.7789178610525419,296856.14977234445,1.0,,
6,"LU, LIVING_AREA, neighborhood_walkability, emp_dist_m, median_hh_income, neighborhood_name",55188,13797,0.7678445996534272,0.29222439448761495,0.778917852569038,296856.15826860035,1.0,,
6,"LIVING_AREA, OVERALL_COND, neighborhood_walkability, emp_dist_m, median_hh_income, neighborhood_name",55188,13797,0.7678445958890499,0.29222439685681006,0.7789178517950828,296856.1589589145,1.0,,
6,"LIVING_AREA, BLDG_TYPE, neighborhood_walkability, emp_dist_m, median_hh_income, neighborhood_name",55188,13797,0.7678445932535173,0.2922243985155415,0.7789178514166921,296856.16161493474,1.0,,
5,"LIVING_AREA, neighborhood_walkability, emp_dist_m, median_hh_income, neighborhood_name",55188,13797,0.7678445893801485,0.29222440095333274,0.7789178482635591,296856.163857287,1.0,,
6,"LU, LIVING_AREA, OVERALL_COND, YR_BUILT, neighborhood_walkability, neighborhood_name",55188,13797,0.7452366278703295,0.3061227220844793,0.7780839698734555,305455.88824205,1.0,,
6,"LIVING_AREA, OVERALL_COND, YR_BUILT, BLDG_TYPE, neighborhood_walkability, neighborhood_name",55188,13797,0.7491303991091025,0.30377434392319863,0.7780560451595654,306262.67392003635,1.0,,
6,"LU, LAND_SF, RES_FLOOR, BLDG_TYPE, neighborhood_walkability, neighborhood_name",55188,13797,0.8195363252326532,0.2576451493290948,0.7761989126225298,261774.43384514967,1.0,,
6,"GROSS_AREA, INT_COND, YR_BUILT, BLDG_TYPE, neighborhood_walkability, neighborhood_name",55188,13797,0.7475728340271999,0.3047159011614833,0.7757877491866386,306598.32898041693,1.0,,
5,"LAND_SF, INT_COND, BLDG_TYPE, neighborhood_walkability, neighborhood_name",55188,13797,0.7936860126667592,0.2754808462322064,0.7746970962117603,266700.76944039384,1.0,,
6,"LAND_SF, INT_COND, OVERALL_COND, BLDG_TYPE, neighborhood_walkability, neighborhood_name",55188,13797,0.7950669612558365,0.27455734216619837,0.774335506593162,265647.78357801365,1.0,,
6,"LAND_SF, GROSS_AREA, RES_FLOOR, BLDG_TYPE, neighborhood_walkability, neighborhood_name",55188,13797,0.748521501497196,0.30414277312320204,0.7738145675108932,307312.69006050116,1.0,,
6,"LIVING_AREA, LAND_SF, OVERALL_COND, BLDG_TYPE, neighborhood_walkability, neighborhood_name",55188,13797,0.7459223539499862,0.3057104615297095,0.7723694754250655,309698.3801778256,1.0,,
5,"LIVING_AREA, OVERALL_COND, BLDG_TYPE, neighborhood_walkability, neighborhood_name",55188,13797,0.7463428346615495,0.305457392080591,0.7723113029205951,309529.5212780291,1.0,,
6,"LU, GROSS_AREA, INT_COND, OVERALL_COND, neighborhood_walkability, neighborhood_name",55188,13797,0.7679110959036707,0.2921825405869573,0.7720487076724327,291563.5437929336,1.0,,
6,"LAND_SF, INT_COND, RES_FLOOR, YR_BUILT, neighborhood_walkability, neighborhood_name",55188,13797,0.7801065942128523,0.2844023463449549,0.7718205394797969,267866.0441154564,1.0,,
6,"LU, LAND_SF, INT_COND, OVERALL_COND, neighborhood_walkability, neighborhood_name",55188,13797,0.8271925172399262,0.25212060703923445,0.7717903468436681,257972.35069731218,1.0,,
5,"LU, GROSS_AREA, INT_COND, neighborhood_walkability, neighborhood_name",55188,13797,0.7705227670887327,0.290533940417092,0.770653148841719,289918.6859833602,1.0,,
6,"LU, LAND_SF, GROSS_AREA, INT_COND, neighborhood_walkability, neighborhood_name",55188,13797,0.7705620467540679,0.29050907397566567,0.7703637800405226,289829.91467428725,1.0,,
6,"LIVING_AREA, INT_COND, RES_FLOOR, neighborhood_walkability, emp_dist_m, neighborhood_name",55188,13797,0.7541867573970072,0.30069742564810603,0.7675978776751364,303297.77091224596,1.0,,
5,"GROSS_AREA, RES_FLOOR, BLDG_TYPE, neighborhood_walkability, neighborhood_name",55188,13797,0.7413410191875283,0.30845431720885214,0.7675801723399488,311819.72821414366,1.0,,
6,"LU, GROSS_AREA, INT_COND, YR_BUILT, neighborhood_walkability, neighborhood_name",55188,13797,0.775779634208886,0.28718688331410264,0.7674089570154157,290335.14111772727,1.0,,
6,"GROSS_AREA, OVERALL_COND, YR_BUILT, BLDG_TYPE, neighborhood_walkability, neighborhood_name",55188,13797,0.7375418164495109,0.3107113597265891,0.7665483383704005,314050.2186897946,1.0,,
5,"LAND_SF, GROSS_AREA, BLDG_TYPE, neighborhood_walkability, neighborhood_name",55188,13797,0.7497878203037276,0.30337605194192735,0.7659960424921088,310575.70517144166,1.0,,
6,"LIVING_AREA, LAND_SF, GROSS_AREA, INT_COND, neighborhood_walkability, neighborhood_name",55188,13797,0.7437919448300641,0.30698945796353894,0.7655102468095382,309176.6270829335,1.0,,
6,"LIVING_AREA, GROSS_AREA, YR_BUILT, neighborhood_walkability, emp_dist_m, neighborhood_name",55188,13797,0.70726725106533,0.32814268522211154,0.7654943317509099,323630.0982983433,1.0,,
5,"LIVING_AREA, GROSS_AREA, INT_COND, neighborhood_walkability, neighborhood_name",55188,13797,0.7431505314812585,0.3073734897060105,0.7649606417343162,309628.85126199794,1.0,,
6,"LIVING_AREA, GROSS_AREA, INT_COND, YR_BUILT, neighborhood_walkability, neighborhood_name",55188,13797,0.7438272264455946,0.3069683199534068,0.7648178570663298,309602.16632497316,1.0,,
6,"LIVING_AREA, LAND_SF, YR_BUILT, neighborhood_walkability, median_hh_income, neighborhood_name",55188,13797,0.7401630780820606,0.3091558747014909,0.7644771619509192,310187.4638906671,1.0,,
6,"LIVING_AREA, LAND_SF, GROSS_AREA, neighborhood_walkability, emp_dist_m, neighborhood_name",55188,13797,0.7150357005142381,0.3237593351021242,0.7641589207416742,320617.1146358947,1.0,,
6,"LIVING_AREA, RES_FLOOR, YR_BUILT, neighborhood_walkability, median_hh_income, neighborhood_name",55188,13797,0.7392098105567462,0.30972245786451513,0.7640901548933713,311017.4407858361,1.0,,
6,"LIVING_AREA, YR_BUILT, BLDG_TYPE, neighborhood_walkability, median_hh_income, neighborhood_name",55188,13797,0.7391318353553332,0.30976875727884023,0.7639884697565635,311083.0276501959,1.0,,
6,"LIVING_AREA, INT_COND, YR_BUILT, neighborhood_walkability, median_hh_income, neighborhood_name",55188,13797,0.7392035029644302,0.3097262033872799,0.7639767191755302,311043.63728922594,1.0,,
6,"LU, LIVING_AREA, YR_BUILT, neighborhood_walkability, median_hh_income, neighborhood_name",55188,13797,0.739131057436643,0.3097692191495454,0.7639728891679027,311082.91646850616,1.0,,
6,"LAND_SF, GROSS_AREA, INT_COND, BLDG_TYPE, neighborhood_walkability, neighborhood_name",55188,13797,0.741359084992145,0.30844354516313593,0.7639663855275505,315972.84540565824,1.0,,
6,"LIVING_AREA, OVERALL_COND, YR_BUILT, neighborhood_walkability, median_hh_income, neighborhood_name",55188,13797,0.7391350122715536,0.3097668710533073,0.7639344140557822,311092.0709369975,1.0,,
6,"LIVING_AREA, OVERALL_COND, RES_FLOOR, neighborhood_walkability, emp_dist_m, neighborhood_name",55188,13797,0.755256301641348,0.3000425386400316,0.7639188961160345,303965.7109523375,1.0,,
5,"LIVING_AREA, YR_BUILT, neighborhood_walkability, median_hh_income, neighborhood_name",55188,13797,0.7390667727756082,0.30980738425731263,0.7639064088929952,311130.8573173425,1.0,,
5,"LAND_SF, INT_COND, RES_FLOOR, neighborhood_walkability, neighborhood_name",55188,13797,0.7790312181212936,0.28509692486465477,0.7637141249269582,269651.0227718803,1.0,,
6,"LU, INT_COND, RES_FLOOR, BLDG_TYPE, neighborhood_walkability, neighborhood_name",55188,13797,0.8205603698405335,0.256913103161151,0.7625976020960372,265293.4101919697,1.0,,
6,"LAND_SF, OVERALL_COND, YR_BUILT, BLDG_TYPE, neighborhood_walkability, neighborhood_name",55188,13797,0.7817913673526437,0.283310738444598,0.7624788635542569,274126.8779952904,1.0,,
6,"LAND_SF, INT_COND, OVERALL_COND, RES_FLOOR, neighborhood_walkability, neighborhood_name",55188,13797,0.77966329064555,0.28468887857594577,0.7622133329520091,269166.55170828704,1.0,,
6,"LU, LAND_SF, INT_COND, YR_BUILT, neighborhood_walkability, neighborhood_name",55188,13797,0.8223925799676035,0.2555981022359367,0.7619445053173145,263753.09149886854,1.0,,
6,"INT_COND, RES_FLOOR, YR_BUILT, BLDG_TYPE, neighborhood_walkability, neighborhood_name",55188,13797,0.7892273115890863,0.2784416762660438,0.7615050653509547,272371.78763965616,1.0,,
5,"LAND_SF, YR_BUILT, BLDG_TYPE, neighborhood_walkability, neighborhood_name",55188,13797,0.7671554323217169,0.29265781595148516,0.7610710374340113,286910.1548954046,1.0,,
6,"LU, LAND_SF, OVERALL_COND, YR_BUILT, neighborhood_walkability, neighborhood_name",55188,13797,0.8171088627052248,0.25937218605734064,0.7609515806232399,266087.52224259055,1.0,,
6,"LU, OVERALL_COND, RES_FLOOR, BLDG_TYPE, neighborhood_walkability, neighborhood_name",55188,13797,0.8183903743393015,0.25846188283994587,0.7608520045846465,267917.4960766269,1.0,,
6,"LU, LAND_SF, GROSS_AREA, OVERALL_COND, neighborhood_walkability, neighborhood_name",55188,13797,0.7689644570193314,0.2915187351820362,0.7607296725866758,291048.173580414,1.0,,
5,"LU, LAND_SF, INT_COND, neighborhood_walkability, neighborhood_name",55188,13797,0.8213213094140929,0.2563677859306593,0.7606561019171215,264823.43732827436,1.0,,
5,"LU, LAND_SF, OVERALL_COND, neighborhood_walkability, neighborhood_name",55188,13797,0.8165300244096709,0.25978230967637256,0.7604748732067717,266286.504877617,1.0,,
4,"LIVING_AREA, YR_BUILT, neighborhood_walkability, neighborhood_name",55188,13797,0.7215770805473307,0.3200218000105163,0.7602228107968031,324363.5385340077,1.0,,
5,"LIVING_AREA, LAND_SF, YR_BUILT, neighborhood_walkability, neighborhood_name",55188,13797,0.7212992588287911,0.3201814255873661,0.760213406703174,324543.5669227126,1.0,,
5,"LU, GROSS_AREA, OVERALL_COND, neighborhood_walkability, neighborhood_name",55188,13797,0.7693051982896097,0.2913036836041561,0.7601872993948615,290843.88300112094,1.0,,
6,"LU, LAND_SF, YR_BUILT, BLDG_TYPE, neighborhood_walkability, neighborhood_name",55188,13797,0.8093630212649101,0.2648077220577016,0.7595567537143615,271472.9212273579,1.0,,
6,"LU, LIVING_AREA, GROSS_AREA, neighborhood_walkability, emp_dist_m, neighborhood_name",55188,13797,0.7056625856445119,0.3290408416234331,0.7595161288157108,328396.5327641315,1.0,,
6,"LIVING_AREA, GROSS_AREA, RES_FLOOR, neighborhood_walkability, emp_dist_m, neighborhood_name",55188,13797,0.7056625590901184,0.3290408564660582,0.7595161165138173,328396.55528964184,1.0,,
6,"LIVING_AREA, GROSS_AREA, INT_COND, neighborhood_walkability, emp_dist_m, neighborhood_name",55188,13797,0.7056626414002121,0.32904081045868394,0.7595161014122994,328396.51526904036,1.0,,
6,"LIVING_AREA, GROSS_AREA, BLDG_TYPE, neighborhood_walkability, emp_dist_m, neighborhood_name",55188,13797,0.7056625508550034,0.32904086106909014,0.7595160737200974,328396.5722010995,1.0,,
6,"LIVING_AREA, GROSS_AREA, OVERALL_COND, neighborhood_walkability, emp_dist_m, neighborhood_name",55188,13797,0.7056625694414779,0.32904085068014766,0.7595160282466851,328396.573818003,1.0,,
5,"LIVING_AREA, GROSS_AREA, neighborhood_walkability, emp_dist_m, neighborhood_name",55188,13797,0.7056624968747598,0.3290408912414401,0.7595159839651145,328396.6158444755,1.0,,
5,"LU, LAND_SF, BLDG_TYPE, neighborhood_walkability, neighborhood_name",55188,13797,0.8088782139968289,0.26514422338026516,0.7591500781494758,271707.7436362962,1.0,,
5,"INT_COND, RES_FLOOR, BLDG_TYPE, neighborhood_walkability, neighborhood_name",55188,13797,0.7890013241454727,0.278590906855374,0.7578975843804255,273525.81672366033,1.0,,
5,"GROSS_AREA, INT_COND, BLDG_TYPE, neighborhood_walkability, neighborhood_name",55188,13797,0.7381102749290367,0.3103746922862146,0.7576603156581416,318085.1549399999,1.0,,
6,"LU, GROSS_AREA, OVERALL_COND, YR_BUILT, neighborhood_walkability, neighborhood_name",55188,13797,0.7750527178940451,0.287652032643062,0.757262291785907,291694.7247117002,1.0,,
6,"LIVING_AREA, GROSS_AREA, OVERALL_COND, YR_BUILT, neighborhood_walkability, neighborhood_name",55188,13797,0.7473074259618755,0.3048760519329336,0.7568730552022074,310901.3343732875,1.0,,
6,"LAND_SF, OVERALL_COND, RES_FLOOR, YR_BUILT, neighborhood_walkability, neighborhood_name",55188,13797,0.7662642558474303,0.29321733230048935,0.7565328749236024,276169.06848005735,1.0,,
6,"INT_COND, OVERALL_COND, RES_FLOOR, BLDG_TYPE, neighborhood_walkability, neighborhood_name",55188,13797,0.7901687409598043,0.2778191417761089,0.7561734730118455,272775.1669351549,1.0,,
4,"GROSS_AREA, BLDG_TYPE, neighborhood_walkability, neighborhood_name",55188,13797,0.743765522322636,0.30700528732945714,0.7561119338178635,314712.5639158115,1.0,,
5,"LIVING_AREA, GROSS_AREA, OVERALL_COND, neighborhood_walkability, neighborhood_name",55188,13797,0.747012511332821,0.3050539087406889,0.7557642954354867,311483.4480449752,1.0,,
6,"LIVING_AREA, LAND_SF, GROSS_AREA, OVERALL_COND, neighborhood_walkability, neighborhood_name",55188,13797,0.7474645898616756,0.30478122729844725,0.7551842989351419,310984.10882657144,1.0,,
5,"LIVING_AREA, INT_COND, neighborhood_walkability, emp_dist_m, neighborhood_name",55188,13797,0.7432620946831976,0.30730672823796745,0.754552320242445,314502.7124186508,1.0,,
6,"OVERALL_COND, RES_FLOOR, YR_BUILT, BLDG_TYPE, neighborhood_walkability, neighborhood_name",55188,13797,0.7810907670161734,0.2837651854822221,0.7516446510684189,279600.78171203274,1.0,,
6,"LIVING_AREA, LAND_SF, RES_FLOOR, YR_BUILT, neighborhood_walkability, neighborhood_name",55188,13797,0.7231839700244764,0.31909697711302754,0.7515327128096891,318825.78492893715,1.0,,
5,"LAND_SF, OVERALL_COND, BLDG_TYPE, neighborhood_walkability, neighborhood_name",55188,13797,0.7789860801465504,0.28512604219192944,0.7504773824984281,278426.2295327773,1.0,,
6,"GROSS_AREA, OVERALL_COND, RES_FLOOR, BLDG_TYPE, neighborhood_walkability, neighborhood_name",55188,13797,0.7515343964725462,0.30231535758037154,0.7504198827505393,309993.0476307194,1.0,,
5,"LU, LAND_SF, RES_FLOOR, neighborhood_walkability, neighborhood_name",55188,13797,0.809060799240039,0.2650175424002302,0.7497819194048285,271274.92375656654,1.0,,
3,"LIVING_AREA, neighborhood_walkability, neighborhood_name",55188,13797,0.7143723911893797,0.3241359222081177,0.7496664838549119,333940.6667044987,1.0,,
6,"LU, LAND_SF, RES_FLOOR, YR_BUILT, neighborhood_walkability, neighborhood_name",55188,13797,0.8089493759542621,0.2650948571123056,0.7494405219085349,271398.8120658222,1.0,,
4,"LIVING_AREA, LAND_SF, neighborhood_walkability, neighborhood_name",55188,13797,0.7142300334847005,0.32421668733098014,0.749397500570909,333975.16124378185,1.0,,
6,"LIVING_AREA, LAND_SF, RES_FLOOR, neighborhood_walkability, median_hh_income, neighborhood_name",55188,13797,0.7313217831159322,0.3143715966592134,0.7492778087049224,322594.6252848932,1.0,,
6,"LU, LIVING_AREA, LAND_SF, neighborhood_walkability, median_hh_income, neighborhood_name",55188,13797,0.7312882636827991,0.314391206043997,0.7492287437969691,322612.49010572716,1.0,,
6,"LIVING_AREA, LAND_SF, BLDG_TYPE, neighborhood_walkability, median_hh_income, neighborhood_name",55188,13797,0.7312670112013041,0.31440363843953206,0.7492071904701809,322630.53186101926,1.0,,
6,"LIVING_AREA, GROSS_AREA, INT_COND, OVERALL_COND, neighborhood_walkability, neighborhood_name",55188,13797,0.7305966106442882,0.3147955610771897,0.7492046276000459,320490.9848453612,1.0,,
6,"LIVING_AREA, LAND_SF, INT_COND, neighborhood_walkability, median_hh_income, neighborhood_name",55188,13797,0.7313507147631162,0.31435467021633645,0.7491987446053685,322586.5900100321,1.0,,
6,"LIVING_AREA, LAND_SF, OVERALL_COND, neighborhood_walkability, median_hh_income, neighborhood_name",55188,13797,0.7312730897516091,0.3144000826253612,0.7491466891139179,322636.04401515075,1.0,,
5,"LIVING_AREA, LAND_SF, neighborhood_walkability, median_hh_income, neighborhood_name",55188,13797,0.7312020163868569,0.3144416564194276,0.7491208614146716,322675.6525290613,1.0,,
6,"LU, LIVING_AREA, RES_FLOOR, neighborhood_walkability, median_hh_income, neighborhood_name",55188,13797,0.7307169914243969,0.31472522126156616,0.7490797995969304,323089.2192420474,1.0,,
6,"LIVING_AREA, RES_FLOOR, BLDG_TYPE, neighborhood_walkability, median_hh_income, neighborhood_name",55188,13797,0.7307076117772393,0.3147307024574223,0.7490764777280507,323097.4523651557,1.0,,
6,"LIVING_AREA, INT_COND, RES_FLOOR, neighborhood_walkability, median_hh_income, neighborhood_name",55188,13797,0.730776531968582,0.3146904252545963,0.7490674863255036,323058.8605556456,1.0,,
6,"LIVING_AREA, OVERALL_COND, RES_FLOOR, neighborhood_walkability, median_hh_income, neighborhood_name",55188,13797,0.7307086907473013,0.31473007194322933,0.7490238555811175,323103.3552962126,1.0,,
5,"LIVING_AREA, RES_FLOOR, neighborhood_walkability, median_hh_income, neighborhood_name",55188,13797,0.7306480958732826,0.3147654796145924,0.74900358508172,323137.69369623665,1.0,,
6,"LU, LIVING_AREA, BLDG_TYPE, neighborhood_walkability, median_hh_income, neighborhood_name",55188,13797,0.7306527391676104,0.31476276651874535,0.7490004062997078,323135.18575366883,1.0,,
6,"LU, LIVING_AREA, INT_COND, neighborhood_walkability, median_hh_income, neighborhood_name",55188,13797,0.7307216702136146,0.31472248707611594,0.748991122114111,323096.83387477684,1.0,,
6,"LIVING_AREA, INT_COND, BLDG_TYPE, neighborhood_walkability, median_hh_income, neighborhood_name",55188,13797,0.7307122586495536,0.3147279869709085,0.7489881834974499,323104.81700973824,1.0,,
6,"LU, LIVING_AREA, OVERALL_COND, neighborhood_walkability, median_hh_income, neighborhood_name",55188,13797,0.7306538424512182,0.3147621218621871,0.7489474113396839,323141.38712715864,1.0,,
6,"LIVING_AREA, OVERALL_COND, BLDG_TYPE, neighborhood_walkability, median_hh_income, neighborhood_name",55188,13797,0.7306444221630598,0.3147676261619151,0.7489445850738345,323149.2448424538,1.0,,
6,"LIVING_AREA, INT_COND, OVERALL_COND, neighborhood_walkability, median_hh_income, neighborhood_name",55188,13797,0.73071325831404,0.314727402795257,0.748935046205307,323111.0499703012,1.0,,
5,"LU, LIVING_AREA, neighborhood_walkability, median_hh_income, neighborhood_name",55188,13797,0.7305932172661391,0.3147975436376489,0.7489274164028654,323175.49623919744,1.0,,
5,"LIVING_AREA, BLDG_TYPE, neighborhood_walkability, median_hh_income, neighborhood_name",55188,13797,0.7305838551805555,0.31480301331423155,0.7489242521108025,323183.55014913395,1.0,,
5,"LIVING_AREA, INT_COND, neighborhood_walkability, median_hh_income, neighborhood_name",55188,13797,0.7306526978043477,0.3147627906875719,0.7489150414684329,323145.22499767167,1.0,,
5,"LIVING_AREA, OVERALL_COND, neighborhood_walkability, median_hh_income, neighborhood_name",55188,13797,0.7305849084712651,0.3148023979475957,0.7488715181545331,323189.61552120006,1.0,,
4,"LIVING_AREA, neighborhood_walkability, median_hh_income, neighborhood_name",55188,13797,0.7305243779709998,0.3148377598798965,0.748851365022984,323223.80833881296,1.0,,
5,"LIVING_AREA, RES_FLOOR, YR_BUILT, neighborhood_walkability, neighborhood_name",55188,13797,0.7191232207610512,0.32142895057770465,0.7486547044934577,321390.4169980816,1.0,,
6,"LU, INT_COND, OVERALL_COND, BLDG_TYPE, neighborhood_walkability, neighborhood_name",55188,13797,0.8142991842961959,0.26135690455844784,0.7480245847103467,271460.2979465423,1.0,,
6,"LIVING_AREA, INT_COND, RES_FLOOR, YR_BUILT, neighborhood_walkability, neighborhood_name",55188,13797,0.7310679351580918,0.3145200711954271,0.7480162983506545,316708.2333786888,1.0,,
6,"LAND_SF, GROSS_AREA, OVERALL_COND, BLDG_TYPE, neighborhood_walkability, neighborhood_name",55188,13797,0.7278565794307659,0.31639236272931553,0.7476816918010811,326525.4417057556,1.0,,
4,"LAND_SF, BLDG_TYPE, neighborhood_walkability, neighborhood_name",55188,13797,0.761584422846284,0.2961381682059141,0.7468540955073129,292181.67360590154,1.0,,
6,"GROSS_AREA, INT_COND, OVERALL_COND, BLDG_TYPE, neighborhood_walkability, neighborhood_name",55188,13797,0.7302901674262461,0.3149745483350546,0.7466389296936347,324914.9033096519,1.0,,
5,"LAND_SF, RES_FLOOR, YR_BUILT, neighborhood_walkability, neighborhood_name",55188,13797,0.7509077118830347,0.302696370205249,0.7451281447165161,289213.575871309,1.0,,
6,"LIVING_AREA, OVERALL_COND, RES_FLOOR, YR_BUILT, neighborhood_walkability, neighborhood_name",55188,13797,0.7310248130851534,0.3145452861392459,0.7449237052169718,317604.6966588639,1.0,,
4,"LU, GROSS_AREA, neighborhood_walkability, neighborhood_name",55188,13797,0.7126444220441754,0.325114910757509,0.7443160447120043,318109.97318326187,1.0,,
5,"OVERALL_COND, RES_FLOOR, BLDG_TYPE, neighborhood_walkability, neighborhood_name",55188,13797,0.7794849292346455,0.28480408234368243,0.7439335343975552,281837.54070922814,1.0,,
5,"LU, LAND_SF, GROSS_AREA, neighborhood_walkability, neighborhood_name",55188,13797,0.7151405595881226,0.3236997623279874,0.7437976174842098,317024.93870861974,1.0,,
5,"RES_FLOOR, YR_BUILT, BLDG_TYPE, neighborhood_walkability, neighborhood_name",55188,13797,0.7648174511221407,0.29412342769274236,0.7435073309791924,292290.18282993865,1.0,,
5,"LAND_SF, OVERALL_COND, RES_FLOOR, neighborhood_walkability, neighborhood_name",55188,13797,0.7631641712258188,0.2951554276306572,0.7428788279789937,279619.34641862626,1.0,,
6,"LU, INT_COND, YR_BUILT, BLDG_TYPE, neighborhood_walkability, neighborhood_name",55188,13797,0.8088875915065765,0.26513771856704865,0.7412657156450511,275946.26326651184,1.0,,
5,"LU, INT_COND, BLDG_TYPE, neighborhood_walkability, neighborhood_name",55188,13797,0.8090697669251212,0.26501131889621005,0.7410641766542325,275898.8156061017,1.0,,
6,"LU, LAND_SF, GROSS_AREA, YR_BUILT, neighborhood_walkability, neighborhood_name",55188,13797,0.7189422114073405,0.3215325053750816,0.7409791065249494,318151.0671458413,1.0,,
5,"LU, GROSS_AREA, YR_BUILT, neighborhood_walkability, neighborhood_name",55188,13797,0.7192614432239781,0.321349851535359,0.7409525743725525,318331.4747152157,1.0,,
5,"GROSS_AREA, OVERALL_COND, BLDG_TYPE, neighborhood_walkability, neighborhood_name",55188,13797,0.724504084752202,0.31833519312034536,0.7404421768215919,329001.94616367365,1.0,,
6,"LU, RES_FLOOR, YR_BUILT, BLDG_TYPE, neighborhood_walkability, neighborhood_name",55188,13797,0.7945660569631073,0.27489267857088184,0.7395469007808835,285579.13121521485,1.0,,
4,"RES_FLOOR, BLDG_TYPE, neighborhood_walkability, neighborhood_name",55188,13797,0.7629704582727581,0.29527610984189506,0.7392817329772251,294053.805045874,1.0,,
6,"LU, OVERALL_COND, YR_BUILT, BLDG_TYPE, neighborhood_walkability, neighborhood_name",55188,13797,0.8058884274990357,0.2672100486093289,0.7391567803314021,278406.9524352348,1.0,,
5,"LIVING_AREA, INT_COND, RES_FLOOR, neighborhood_walkability, neighborhood_name",55188,13797,0.7277702674702522,0.3164425316441923,0.7383096526729361,323392.6629524835,1.0,,
5,"LU, RES_FLOOR, BLDG_TYPE, neighborhood_walkability, neighborhood_name",55188,13797,0.7945749437223913,0.27488673278741743,0.7382150266111096,285766.5262150106,1.0,,
5,"LIVING_AREA, LAND_SF, RES_FLOOR, neighborhood_walkability, neighborhood_name",55188,13797,0.7184224208030405,0.3218296904749393,0.7381164452362348,329436.5478691496,1.0,,
5,"LU, OVERALL_COND, BLDG_TYPE, neighborhood_walkability, neighborhood_name",55188,13797,0.8057222047649671,0.2673244335468782,0.737528288594625,278864.21557108726,1.0,,
4,"LAND_SF, RES_FLOOR, neighborhood_walkability, neighborhood_name",55188,13797,0.7469039987998196,0.3051193242750531,0.7360285611134398,291295.80487793434,1.0,,
4,"LIVING_AREA, RES_FLOOR, neighborhood_walkability, neighborhood_name",55188,13797,0.714314881799905,0.32416855196834826,0.7347465865589873,332363.40376165253,1.0,,
6,"LU, GROSS_AREA, OVERALL_COND, neighborhood_walkability, emp_dist_m, neighborhood_name",55188,13797,0.7359222244606787,0.31166856303226564,0.73385780577621,320016.09326223645,1.0,,
5,"LIVING_AREA, OVERALL_COND, RES_FLOOR, neighborhood_walkability, neighborhood_name",55188,13797,0.726948253644403,0.3169199300303691,0.7310035101826562,325748.82624160056,1.0,,
6,"LIVING_AREA, INT_COND, OVERALL_COND, neighborhood_walkability, emp_dist_m, neighborhood_name",55188,13797,0.727921127065748,0.316354839151125,0.7302454080478187,327666.46216992853,1.0,,
6,"LIVING_AREA, LAND_SF, GROSS_AREA, YR_BUILT, neighborhood_walkability, neighborhood_name",55188,13797,0.6692245249390381,0.34881385188763037,0.7292856828397958,350789.65554058325,1.0,,
6,"LIVING_AREA, GROSS_AREA, RES_FLOOR, YR_BUILT, neighborhood_walkability, neighborhood_name",55188,13797,0.6682115033561059,0.349347576206008,0.7288288067431987,351656.1202877518,1.0,,
6,"LIVING_AREA, GROSS_AREA, YR_BUILT, BLDG_TYPE, neighborhood_walkability, neighborhood_name",55188,13797,0.6681946446431146,0.3493564515524539,0.7287764521090323,351675.69915055495,1.0,,
6,"LU, LIVING_AREA, GROSS_AREA, YR_BUILT, neighborhood_walkability, neighborhood_name",55188,13797,0.6681843616057996,0.34936186499370253,0.7287596166511257,351679.98740930273,1.0,,
5,"LIVING_AREA, GROSS_AREA, YR_BUILT, neighborhood_walkability, neighborhood_name",55188,13797,0.6681452128776046,0.3493824738314408,0.7286966574726182,351716.41878348385,1.0,,
6,"LIVING_AREA, LAND_SF, GROSS_AREA, RES_FLOOR, neighborhood_walkability, neighborhood_name",55188,13797,0.6692455592525852,0.34880276101613344,0.7273339575337042,352151.13821381907,1.0,,
6,"LIVING_AREA, LAND_SF, GROSS_AREA, BLDG_TYPE, neighborhood_walkability, neighborhood_name",55188,13797,0.6692246029307245,0.348813810765201,0.7272886815856845,352170.7885105337,1.0,,
6,"LU, LIVING_AREA, LAND_SF, GROSS_AREA, neighborhood_walkability, neighborhood_name",55188,13797,0.6692129615073033,0.3488199488479826,0.727275106967045,352174.79373452085,1.0,,
5,"LIVING_AREA, LAND_SF, GROSS_AREA, neighborhood_walkability, neighborhood_name",55188,13797,0.6691755738953296,0.348839661192921,0.7272185505514734,352206.6888231197,1.0,,
5,"LIVING_AREA, GROSS_AREA, RES_FLOOR, neighborhood_walkability, neighborhood_name",55188,13797,0.6680084594570753,0.34945445460273283,0.7261878939487743,353578.51278065296,1.0,,
5,"LIVING_AREA, GROSS_AREA, BLDG_TYPE, neighborhood_walkability, neighborhood_name",55188,13797,0.6679924738126419,0.34946286774995317,0.7261463351543864,353592.5083548481,1.0,,
5,"LU, LIVING_AREA, GROSS_AREA, neighborhood_walkability, neighborhood_name",55188,13797,0.6679828465943023,0.349467934398561,0.7261328293227467,353595.4615416448,1.0,,
4,"LIVING_AREA, GROSS_AREA, neighborhood_walkability, neighborhood_name",55188,13797,0.6679524792649889,0.34948391574935805,0.7260886446791828,353620.42957742093,1.0,,
6,"LU, GROSS_AREA, RES_FLOOR, neighborhood_walkability, emp_dist_m, neighborhood_name",55188,13797,0.7262399498427123,0.31733071335037166,0.7238679980768887,318410.93939772854,1.0,,
5,"INT_COND, YR_BUILT, BLDG_TYPE, neighborhood_walkability, neighborhood_name",55188,13797,0.7584796638137412,0.2980601559803821,0.7232308441225501,295271.97891023074,1.0,,
6,"INT_COND, OVERALL_COND, YR_BUILT, BLDG_TYPE, neighborhood_walkability, neighborhood_name",55188,13797,0.759741917381766,0.297280262332737,0.7223496280780273,294405.9052602453,1.0,,
6,"LAND_SF, GROSS_AREA, YR_BUILT, BLDG_TYPE, neighborhood_walkability, neighborhood_name",55188,13797,0.6790367205311567,0.3436012590401167,0.721205414870435,352786.3528621144,1.0,,
5,"GROSS_AREA, YR_BUILT, BLDG_TYPE, neighborhood_walkability, neighborhood_name",55188,13797,0.6798354081796039,0.3431734826628608,0.7203054810365019,352435.2962760768,1.0,,
4,"LU, LAND_SF, neighborhood_walkability, neighborhood_name",55188,13797,0.7885577839333859,0.2788835660401434,0.7201239600795372,288999.939018804,1.0,,
5,"LU, LAND_SF, YR_BUILT, neighborhood_walkability, neighborhood_name",55188,13797,0.7893466198185719,0.27836285892470547,0.7199899281585201,288873.47503496154,1.0,,
6,"LU, INT_COND, OVERALL_COND, RES_FLOOR, neighborhood_walkability, neighborhood_name",55188,13797,0.7994275319634148,0.2716206169861149,0.7193247672858215,279923.2238778531,1.0,,
6,"GROSS_AREA, INT_COND, RES_FLOOR, YR_BUILT, neighborhood_walkability, neighborhood_name",55188,13797,0.7391359076368743,0.30976633944737153,0.7175430633818137,323169.723593328,1.0,,
6,"LAND_SF, INT_COND, OVERALL_COND, YR_BUILT, neighborhood_walkability, neighborhood_name",55188,13797,0.7014272662901814,0.331399725519143,0.7158107035473239,324956.0111843741,1.0,,
4,"INT_COND, BLDG_TYPE, neighborhood_walkability, neighborhood_name",55188,13797,0.7570218235514206,0.2989583626633449,0.7157529663373523,298017.1062447373,1.0,,
6,"LIVING_AREA, LAND_SF, YR_BUILT, neighborhood_walkability, emp_dist_m, neighborhood_name",55188,13797,0.6707366948542315,0.34801562155627,0.7135569844018086,350635.062812236,1.0,,
5,"INT_COND, OVERALL_COND, BLDG_TYPE, neighborhood_walkability, neighborhood_name",55188,13797,0.7579365469862033,0.29839509792287144,0.7130776590342929,297329.4464205714,1.0,,
6,"LU, INT_COND, RES_FLOOR, YR_BUILT, neighborhood_walkability, neighborhood_name",55188,13797,0.7941384670336324,0.27517861048719267,0.7130409528774505,283853.3936729047,1.0,,
6,"LU, LIVING_AREA, YR_BUILT, neighborhood_walkability, emp_dist_m, neighborhood_name",55188,13797,0.6679478531359739,0.3494863502684416,0.712698894715343,353984.09064383287,1.0,,
6,"LIVING_AREA, YR_BUILT, BLDG_TYPE, neighborhood_walkability, emp_dist_m, neighborhood_name",55188,13797,0.6678914554423827,0.3495160284190405,0.7126114254559467,354042.94584165374,1.0,,
6,"LIVING_AREA, RES_FLOOR, YR_BUILT, neighborhood_walkability, emp_dist_m, neighborhood_name",55188,13797,0.667883690076943,0.34952011458885907,0.7125822480779446,354056.3528756496,1.0,,
6,"LIVING_AREA, INT_COND, YR_BUILT, neighborhood_walkability, emp_dist_m, neighborhood_name",55188,13797,0.6679860243826321,0.34946626198831127,0.712561514035567,354009.77056279633,1.0,,
6,"LIVING_AREA, OVERALL_COND, YR_BUILT, neighborhood_walkability, emp_dist_m, neighborhood_name",55188,13797,0.6678863363185057,0.3495187221301496,0.7124882501206802,354076.04615130025,1.0,,
5,"LIVING_AREA, YR_BUILT, neighborhood_walkability, emp_dist_m, neighborhood_name",55188,13797,0.6677809240387778,0.3495741860364558,0.7124583543225823,354126.808695534,1.0,,
5,"LU, INT_COND, RES_FLOOR, neighborhood_walkability, neighborhood_name",55188,13797,0.7944181932224437,0.2749915895584597,0.7124461734278973,284264.264817081,1.0,,
6,"GROSS_AREA, INT_COND, OVERALL_COND, RES_FLOOR, neighborhood_walkability, neighborhood_name",55188,13797,0.7475946947725118,0.3047027063436642,0.7119610409782253,323113.7612430546,1.0,,
6,"LU, OVERALL_COND, RES_FLOOR, YR_BUILT, neighborhood_walkability, neighborhood_name",55188,13797,0.7922066192910955,0.2764667623305237,0.7116549507947881,285735.32761911454,1.0,,
5,"LU, YR_BUILT, BLDG_TYPE, neighborhood_walkability, neighborhood_name",55188,13797,0.7791303048746205,0.2850329961593708,0.7115473010806661,298898.89677300956,1.0,,
6,"LIVING_AREA, LAND_SF, OVERALL_COND, YR_BUILT, neighborhood_walkability, neighborhood_name",55188,13797,0.7099816981883846,0.32661774399572596,0.7111750917381595,339908.7328202815,1.0,,
4,"LU, BLDG_TYPE, neighborhood_walkability, neighborhood_name",55188,13797,0.7786271368219696,0.2853574813918899,0.7110741154206776,299272.70343628136,1.0,,
5,"LAND_SF, INT_COND, YR_BUILT, neighborhood_walkability, neighborhood_name",55188,13797,0.6979166688763758,0.3333423194341838,0.7108962107283224,325115.29467707674,1.0,,
5,"LIVING_AREA, OVERALL_COND, YR_BUILT, neighborhood_walkability, neighborhood_name",55188,13797,0.7092646155528111,0.3270212828675718,0.7095079676281872,340299.13526477263,1.0,,
5,"LU, OVERALL_COND, RES_FLOOR, neighborhood_walkability, neighborhood_name",55188,13797,0.7919907123145532,0.276610355945389,0.7092025661984662,286481.2027286625,1.0,,
5,"OVERALL_COND, YR_BUILT, BLDG_TYPE, neighborhood_walkability, neighborhood_name",55188,13797,0.7467802251006295,0.30519392271039586,0.7071586031966632,303850.89875622455,1.0,,
6,"LAND_SF, GROSS_AREA, INT_COND, RES_FLOOR, neighborhood_walkability, neighborhood_name",55188,13797,0.7390194048173633,0.30983550309342606,0.7053946983848212,328722.8734112541,1.0,,
4,"YR_BUILT, BLDG_TYPE, neighborhood_walkability, neighborhood_name",55188,13797,0.7293938463686137,0.3154974883978862,0.6995082771809973,316934.6429595749,1.0,,
5,"INT_COND, RES_FLOOR, YR_BUILT, neighborhood_walkability, neighborhood_name",55188,13797,0.7333516855081953,0.3131817838880357,0.6994391108232327,297490.93354021036,1.0,,
6,"INT_COND, OVERALL_COND, RES_FLOOR, YR_BUILT, neighborhood_walkability, neighborhood_name",55188,13797,0.7340522468995059,0.3127701042474882,0.6979474172853366,297335.2397941508,1.0,,
6,"LU, GROSS_AREA, INT_COND, neighborhood_walkability, emp_dist_m, neighborhood_name",55188,13797,0.7088173581678541,0.32727272538793356,0.6966757054746988,339517.43841063516,1.0,,
4,"LIVING_AREA, OVERALL_COND, neighborhood_walkability, neighborhood_name",55188,13797,0.7039049131755479,0.33002183342473396,0.6951201638414541,346745.47027282114,1.0,,
5,"GROSS_AREA, INT_COND, RES_FLOOR, neighborhood_walkability, neighborhood_name",55188,13797,0.7305713656038066,0.3148103100388437,0.6950143854047406,334858.91079626145,1.0,,
4,"LAND_SF, INT_COND, neighborhood_walkability, neighborhood_name",55188,13797,0.6955381431147389,0.334652071788803,0.6938430740278393,329229.191160459,1.0,,
5,"LAND_SF, INT_COND, OVERALL_COND, neighborhood_walkability, neighborhood_name",55188,13797,0.6965104278378826,0.3341172966201637,0.6935888435211072,328948.1883709656,1.0,,
4,"OVERALL_COND, BLDG_TYPE, neighborhood_walkability, neighborhood_name",55188,13797,0.7431205357898266,0.3073914372050628,0.6934308460489514,308608.0723586893,1.0,,
6,"LU, INT_COND, OVERALL_COND, YR_BUILT, neighborhood_walkability, neighborhood_name",55188,13797,0.7825305114225873,0.28283049831017404,0.6923437620598218,294465.8632162843,1.0,,
5,"LU, INT_COND, OVERALL_COND, neighborhood_walkability, neighborhood_name",55188,13797,0.7824787639088547,0.2828641464891393,0.690356154442842,295062.86002647626,1.0,,
6,"LAND_SF, GROSS_AREA, RES_FLOOR, YR_BUILT, neighborhood_walkability, neighborhood_name",55188,13797,0.7098381089978049,0.3266985888487769,0.6899058396169699,341739.24792971084,1.0,,
3,"BLDG_TYPE, neighborhood_walkability, neighborhood_name",55188,13797,0.7249046143624348,0.31810370321449294,0.6894925178130611,321280.2142346974,1.0,,
5,"LAND_SF, OVERALL_COND, YR_BUILT, neighborhood_walkability, neighborhood_name",55188,13797,0.6726684145805479,0.3469932519982224,0.6888432885550511,337691.6848552868,1.0,,
5,"GROSS_AREA, RES_FLOOR, YR_BUILT, neighborhood_walkability, neighborhood_name",55188,13797,0.7050163429288403,0.32940186208367944,0.6859704035704007,344654.21100616053,1.0,,
4,"INT_COND, RES_FLOOR, neighborhood_walkability, neighborhood_name",55188,13797,0.7300608984148867,0.31510839322055284,0.6853923953533092,300057.2438775562,1.0,,
5,"INT_COND, OVERALL_COND, RES_FLOOR, neighborhood_walkability, neighborhood_name",55188,13797,0.7307427083291549,0.31471019255286026,0.6836147480967998,300267.18399324565,1.0,,
5,"LU, INT_COND, YR_BUILT, neighborhood_walkability, neighborhood_name",55188,13797,0.7764045083658051,0.28678642712536506,0.6823252252464072,300204.77034972166,1.0,,
5,"OVERALL_COND, RES_FLOOR, YR_BUILT, neighborhood_walkability, neighborhood_name",55188,13797,0.7190381512332694,0.32147762270185554,0.6822243724247399,306295.0113496402,1.0,,
6,"LU, LIVING_AREA, LAND_SF, neighborhood_walkability, emp_dist_m, neighborhood_name",55188,13797,0.6597678808703202,0.3537648890145235,0.6813266467252208,370314.6649633505,1.0,,
6,"LIVING_AREA, LAND_SF, BLDG_TYPE, neighborhood_walkability, emp_dist_m, neighborhood_name",55188,13797,0.6596787629955485,0.3538112172550148,0.6812345696121402,370372.7152386789,1.0,,
6,"LIVING_AREA, LAND_SF, RES_FLOOR, neighborhood_walkability, emp_dist_m, neighborhood_name",55188,13797,0.6596764540158395,0.35381241750561176,0.6811852960664104,370390.61922132823,1.0,,
5,"LIVING_AREA, LAND_SF, neighborhood_walkability, emp_dist_m, neighborhood_name",55188,13797,0.6595448448973027,0.3538808236443348,0.6811209545882799,370433.70989526424,1.0,,
6,"LIVING_AREA, LAND_SF, INT_COND, neighborhood_walkability, emp_dist_m, neighborhood_name",55188,13797,0.6598003474986569,0.35374800961581376,0.6811189197235995,370358.9420120178,1.0,,
6,"LIVING_AREA, LAND_SF, OVERALL_COND, neighborhood_walkability, emp_dist_m, neighborhood_name",55188,13797,0.6596627815588233,0.3538195246196242,0.6810842465383604,370405.82553335367,1.0,,
4,"LU, INT_COND, neighborhood_walkability, neighborhood_name",55188,13797,0.7763686977123615,0.28680939180614956,0.6810208380892262,300695.11836166383,1.0,,
4,"LAND_SF, YR_BUILT, neighborhood_walkability, neighborhood_name",55188,13797,0.6538238384112681,0.3568417423219874,0.680685053935275,349878.1373741631,1.0,,
5,"LU, OVERALL_COND, YR_BUILT, neighborhood_walkability, neighborhood_name",55188,13797,0.7732988244305533,0.2887712536082365,0.6796430006287274,302795.5246783786,1.0,,
5,"LIVING_AREA, BLDG_TYPE, neighborhood_walkability, emp_dist_m, neighborhood_name",55188,13797,0.6559345524678002,0.35575220674401725,0.6779842744037741,375146.4591483391,1.0,,
5,"LIVING_AREA, RES_FLOOR, neighborhood_walkability, emp_dist_m, neighborhood_name",55188,13797,0.6559062682649203,0.35576682890511896,0.6779269320313559,375181.8399974268,1.0,,
4,"LIVING_AREA, neighborhood_walkability, emp_dist_m, neighborhood_name",55188,13797,0.6557862022892909,0.35582889304912807,0.6778733602444869,375187.20467741025,1.0,,
5,"LIVING_AREA, OVERALL_COND, neighborhood_walkability, emp_dist_m, neighborhood_name",55188,13797,0.6559180436312397,0.355760741435064,0.6778063083139221,375186.9438062307,1.0,,
4,"LU, RES_FLOOR, neighborhood_walkability, neighborhood_name",55188,13797,0.7672371217827947,0.292606474499298,0.6773545272802423,305010.5943023277,1.0,,
4,"LU, OVERALL_COND, neighborhood_walkability, neighborhood_name",55188,13797,0.7732618339592687,0.2887948118210262,0.6772705993546205,303259.7311596757,1.0,,
5,"LU, RES_FLOOR, YR_BUILT, neighborhood_walkability, neighborhood_name",55188,13797,0.7670679321874855,0.29271279939630307,0.6761100250700278,305170.29858066345,1.0,,
6,"GROSS_AREA, OVERALL_COND, RES_FLOOR, YR_BUILT, neighborhood_walkability, neighborhood_name",55188,13797,0.7157658665370015,0.32334428365200535,0.6752491754119349,342605.2976718252,1.0,,
4,"RES_FLOOR, YR_BUILT, neighborhood_walkability, neighborhood_name",55188,13797,0.7033208323762994,0.33034717561809507,0.6700439940647214,318640.9873668753,1.0,,
6,"GROSS_AREA, RES_FLOOR, BLDG_TYPE, neighborhood_walkability, emp_dist_m, neighborhood_name",55188,13797,0.6911719048580836,0.33704312549902576,0.6693937741777152,351799.8380781128,1.0,,
6,"GROSS_AREA, RES_FLOOR, YR_BUILT, neighborhood_walkability, emp_dist_m, neighborhood_name",55188,13797,0.6804006345298022,0.3428704254450338,0.6667561203314356,349205.8460577486,1.0,,
5,"GROSS_AREA, INT_COND, YR_BUILT, neighborhood_walkability, neighborhood_name",55188,13797,0.6844222787780547,0.34070635950555034,0.6644248977032117,363449.02330784977,1.0,,
6,"LAND_SF, GROSS_AREA, INT_COND, YR_BUILT, neighborhood_walkability, neighborhood_name",55188,13797,0.6841041228522974,0.3408780611702465,0.6641239307735755,363654.02900186967,1.0,,
4,"OVERALL_COND, RES_FLOOR, neighborhood_walkability, neighborhood_name",55188,13797,0.7125163228598677,0.32518736857230796,0.6628153880386373,310197.02396710624,1.0,,
4,"LAND_SF, OVERALL_COND, neighborhood_walkability, neighborhood_name",55188,13797,0.6665717160870841,0.35020979665060714,0.6627579108881281,344334.1809856418,1.0,,
3,"LAND_SF, neighborhood_walkability, neighborhood_name",55188,13797,0.6460997898068387,0.3608007921785126,0.660746603788442,354315.9454958673,1.0,,
5,"LAND_SF, GROSS_AREA, RES_FLOOR, neighborhood_walkability, neighborhood_name",55188,13797,0.6973114260532858,0.33367608841544727,0.6568350523007275,359259.25729371567,1.0,,
3,"RES_FLOOR, neighborhood_walkability, neighborhood_name",55188,13797,0.6954021728476699,0.3347267899372199,0.6565630591731821,320989.58299190254,1.0,,
6,"GROSS_AREA, INT_COND, OVERALL_COND, YR_BUILT, neighborhood_walkability, neighborhood_name",55188,13797,0.675261728918618,0.3456159758323574,0.6555299775319204,369710.17785425053,1.0,,
4,"GROSS_AREA, RES_FLOOR, neighborhood_walkability, neighborhood_name",55188,13797,0.689855813828975,0.3377605276063923,0.6494305194978411,363976.3345774709,1.0,,
6,"LAND_SF, GROSS_AREA, OVERALL_COND, RES_FLOOR, neighborhood_walkability, neighborhood_name",55188,13797,0.7097309804822473,0.32675889226237775,0.6473685622466993,352646.61822682776,1.0,,
6,"LU, RES_FLOOR, BLDG_TYPE, neighborhood_walkability, emp_dist_m, neighborhood_name",55188,13797,0.7011071353262941,0.3315773420241563,0.6447401832724599,342387.5610605082,1.0,,
6,"GROSS_AREA, YR_BUILT, neighborhood_walkability, emp_dist_m, median_hh_income, neighborhood_name",55188,13797,0.6696003093408192,0.34861565694208985,0.6420804458557572,365291.6452900655,1.0,,
5,"GROSS_AREA, OVERALL_COND, YR_BUILT, neighborhood_walkability, neighborhood_name",55188,13797,0.6643416989750812,0.3513789721655718,0.6399833841261658,380106.34550317447,1.0,,
6,"GROSS_AREA, OVERALL_COND, BLDG_TYPE, neighborhood_walkability, emp_dist_m, neighborhood_name",55188,13797,0.6812638248261136,0.3424070914023768,0.6391479857617175,364148.9874483827,1.0,,
6,"LAND_SF, GROSS_AREA, OVERALL_COND, YR_BUILT, neighborhood_walkability, neighborhood_name",55188,13797,0.6633333555658854,0.3519063611418395,0.638773983763287,380745.40131867205,1.0,,
5,"GROSS_AREA, OVERALL_COND, RES_FLOOR, neighborhood_walkability, neighborhood_name",55188,13797,0.7023099401453767,0.3309095026121349,0.6387653836163965,357196.9635981908,1.0,,
4,"LU, YR_BUILT, neighborhood_walkability, neighborhood_name",55188,13797,0.7434229439720215,0.30721044753258897,0.638170731718164,324191.8272004202,1.0,,
3,"LU, neighborhood_walkability, neighborhood_name",55188,13797,0.7429400703284046,0.30749939405983007,0.6377767601185281,324456.64407704305,1.0,,
6,"LAND_SF, GROSS_AREA, RES_FLOOR, neighborhood_walkability, emp_dist_m, neighborhood_name",55188,13797,0.6791010991288187,0.3435667976578179,0.6355015301224434,359650.5702949145,1.0,,
6,"GROSS_AREA, INT_COND, RES_FLOOR, neighborhood_walkability, emp_dist_m, neighborhood_name",55188,13797,0.6874315915985627,0.33907799993312193,0.6342788705007989,359055.1866690116,1.0,,
6,"GROSS_AREA, INT_COND, BLDG_TYPE, neighborhood_walkability, emp_dist_m, neighborhood_name",55188,13797,0.673947786323287,0.34631447853391933,0.630118000119733,374075.5695477331,1.0,,
5,"LAND_SF, GROSS_AREA, INT_COND, neighborhood_walkability, neighborhood_name",55188,13797,0.6701417273637227,0.3483299057864409,0.6299026496365446,378965.2162479502,1.0,,
6,"LU, LAND_SF, INT_COND, neighborhood_walkability, emp_dist_m, neighborhood_name",55188,13797,0.7311297655061282,0.3144839133587482,0.6286116793023555,334430.67457816924,1.0,,
4,"GROSS_AREA, INT_COND, neighborhood_walkability, neighborhood_name",55188,13797,0.6689725862996423,0.3489466654826786,0.6281779562614425,379682.05238785135,1.0,,
5,"LU, RES_FLOOR, neighborhood_walkability, emp_dist_m, neighborhood_name",55188,13797,0.6950274729732496,0.3349326081125429,0.628131260870975,346294.59017891745,1.0,,
5,"INT_COND, OVERALL_COND, YR_BUILT, neighborhood_walkability, neighborhood_name",55188,13797,0.6406751635975524,0.3635554758811979,0.624718835444547,355534.0782874159,1.0,,
4,"INT_COND, YR_BUILT, neighborhood_walkability, neighborhood_name",55188,13797,0.6390742966032394,0.3643644335510145,0.6228249701530231,356491.3977179555,1.0,,
6,"GROSS_AREA, OVERALL_COND, RES_FLOOR, neighborhood_walkability, emp_dist_m, neighborhood_name",55188,13797,0.6785787000582832,0.34384633428155126,0.6202192340659504,363466.5246828996,1.0,,
6,"LAND_SF, GROSS_AREA, INT_COND, OVERALL_COND, neighborhood_walkability, neighborhood_name",55188,13797,0.6600457196290899,0.35362041460054605,0.6179774050128819,385786.32601809973,1.0,,
5,"GROSS_AREA, RES_FLOOR, neighborhood_walkability, emp_dist_m, neighborhood_name",55188,13797,0.6622971611298147,0.3524474947454116,0.6174638763335094,373245.49071915384,1.0,,
5,"GROSS_AREA, INT_COND, OVERALL_COND, neighborhood_walkability, neighborhood_name",55188,13797,0.6588751557078019,0.35422870166962844,0.6161429331143949,386548.588533296,1.0,,
4,"OVERALL_COND, YR_BUILT, neighborhood_walkability, neighborhood_name",55188,13797,0.6135007279137396,0.3770521419708811,0.6035834833661501,366987.739540474,1.0,,
4,"INT_COND, OVERALL_COND, neighborhood_walkability, neighborhood_name",55188,13797,0.6355288014979248,0.3661496974097234,0.5992475807893755,359791.0126068892,1.0,,
3,"INT_COND, neighborhood_walkability, neighborhood_name",55188,13797,0.6334987925046474,0.36716796041006317,0.5956457508188655,360881.6064327941,1.0,,
3,"YR_BUILT, neighborhood_walkability, neighborhood_name",55188,13797,0.5927908562286331,0.38702216034720754,0.5922148543619021,380718.50124297704,1.0,,
6,"LU, LAND_SF, RES_FLOOR, neighborhood_walkability, emp_dist_m, neighborhood_name",55188,13797,0.667074041536358,0.3499458934222809,0.590719924094729,358621.0585399476,1.0,,
6,"LAND_SF, RES_FLOOR, YR_BUILT, neighborhood_walkability, emp_dist_m, neighborhood_name",55188,13797,0.6418738960593098,0.3629485461849097,0.5859457567189488,366857.9323470968,1.0,,
6,"LU, LAND_SF, BLDG_TYPE, neighborhood_walkability, emp_dist_m, neighborhood_name",55188,13797,0.6793406908547917,0.34343851561580746,0.5855335242159561,362501.0200332507,1.0,,
5,"LU, LAND_SF, neighborhood_walkability, emp_dist_m, neighborhood_name",55188,13797,0.6839687602679698,0.34095108712068917,0.5852442736793375,356976.4277090479,1.0,,
5,"LAND_SF, GROSS_AREA, OVERALL_COND, neighborhood_walkability, neighborhood_name",55188,13797,0.6413114081071067,0.3632334654938537,0.5845793588979145,403109.9457025312,1.0,,
4,"GROSS_AREA, OVERALL_COND, neighborhood_walkability, neighborhood_name",55188,13797,0.6404954766450904,0.3636463658003588,0.5829790985623605,403474.8437724137,1.0,,
6,"LAND_SF, RES_FLOOR, BLDG_TYPE, neighborhood_walkability, emp_dist_m, neighborhood_name",55188,13797,0.6498694883409635,0.358874046267551,0.5731595042122053,370974.18004111113,1.0,,
6,"LAND_SF, GROSS_AREA, neighborhood_walkability, emp_dist_m, median_hh_income, neighborhood_name",55188,13797,0.6432553662953651,0.36224783338730204,0.5724338975066843,394544.049988436,1.0,,
6,"LAND_SF, INT_COND, RES_FLOOR, neighborhood_walkability, emp_dist_m, neighborhood_name",55188,13797,0.6586269926463024,0.3543575262022135,0.5713146644256611,364363.9813415252,1.0,,
6,"GROSS_AREA, RES_FLOOR, YR_BUILT, neighborhood_walkability, median_hh_income, neighborhood_name",55188,13797,0.5934271112859908,0.38671968547182717,0.5696113174375171,409361.6302749806,1.0,,
6,"LU, GROSS_AREA, YR_BUILT, neighborhood_walkability, median_hh_income, neighborhood_name",55188,13797,0.5928808608733871,0.38697938660598524,0.5688885366208827,409675.49288751243,1.0,,
6,"GROSS_AREA, YR_BUILT, BLDG_TYPE, neighborhood_walkability, median_hh_income, neighborhood_name",55188,13797,0.5927978131368283,0.3870188543198501,0.5688432826263559,409713.02145140455,1.0,,
6,"GROSS_AREA, INT_COND, YR_BUILT, neighborhood_walkability, median_hh_income, neighborhood_name",55188,13797,0.5928739657720852,0.3869826635960828,0.5688310174745397,409679.8372121179,1.0,,
6,"LAND_SF, GROSS_AREA, YR_BUILT, neighborhood_walkability, median_hh_income, neighborhood_name",55188,13797,0.5938119449824695,0.38653662112691284,0.5687576506442095,408991.6724821531,1.0,,
6,"GROSS_AREA, OVERALL_COND, YR_BUILT, neighborhood_walkability, median_hh_income, neighborhood_name",55188,13797,0.5927400156948087,0.3870463196759179,0.5687122709845028,409750.3910873858,1.0,,
5,"GROSS_AREA, YR_BUILT, neighborhood_walkability, median_hh_income, neighborhood_name",55188,13797,0.5926437022636624,0.3870920835083486,0.5686647102722122,409792.5571105852,1.0,,
4,"GROSS_AREA, YR_BUILT, neighborhood_walkability, neighborhood_name",55188,13797,0.5877335771354806,0.38941802929453895,0.5685825526852932,419713.37522512395,1.0,,
6,"LU, LAND_SF, YR_BUILT, neighborhood_walkability, emp_dist_m, neighborhood_name",55188,13797,0.6716377342314577,0.3475391175008015,0.5685083929335968,360837.00787804415,1.0,,
3,"OVERALL_COND, neighborhood_walkability, neighborhood_name",55188,13797,0.6022038849871092,0.38252281297602525,0.5675369362414462,373580.31137698714,1.0,,
6,"GROSS_AREA, RES_FLOOR, neighborhood_walkability, emp_dist_m, median_hh_income, neighborhood_name",55188,13797,0.6391064108982432,0.3643482230579714,0.5672433993899493,396385.121433124,1.0,,
6,"LU, GROSS_AREA, neighborhood_walkability, emp_dist_m, median_hh_income, neighborhood_name",55188,13797,0.6391063745899956,0.364348241385874,0.5672433275502071,396385.14696583786,1.0,,
6,"GROSS_AREA, INT_COND, neighborhood_walkability, emp_dist_m, median_hh_income, neighborhood_name",55188,13797,0.6391063699670609,0.3643482437194676,0.5672433216505642,396385.14713016804,1.0,,
6,"GROSS_AREA, BLDG_TYPE, neighborhood_walkability, emp_dist_m, median_hh_income, neighborhood_name",55188,13797,0.6391063602090261,0.36434824864518883,0.5672433115405239,396385.15323979023,1.0,,
6,"GROSS_AREA, OVERALL_COND, neighborhood_walkability, emp_dist_m, median_hh_income, neighborhood_name",55188,13797,0.6391063588483684,0.3643482493320301,0.5672433068897926,396385.1534931741,1.0,,
5,"GROSS_AREA, neighborhood_walkability, emp_dist_m, median_hh_income, neighborhood_name",55188,13797,0.6391063533363406,0.36434825211442556,0.5672433026617238,396385.1567494548,1.0,,
5,"LAND_SF, GROSS_AREA, YR_BUILT, neighborhood_walkability, neighborhood_name",55188,13797,0.5871593252679566,0.3896891479208352,0.567162022319287,419972.1508642739,1.0,,
2,"neighborhood_walkability, neighborhood_name",55188,13797,0.5790452168708305,0.3935000541114052,0.5644791616133729,384691.2773555135,1.0,,
6,"LAND_SF, GROSS_AREA, INT_COND, neighborhood_walkability, emp_dist_m, neighborhood_name",55188,13797,0.6381403877441606,0.36483553235289085,0.5612645657995066,397927.3801375386,1.0,,
6,"LAND_SF, OVERALL_COND, RES_FLOOR, neighborhood_walkability, emp_dist_m, neighborhood_name",55188,13797,0.6469540673145566,0.3603650616781094,0.5565257259527401,370872.3464220421,1.0,,
5,"LAND_SF, RES_FLOOR, neighborhood_walkability, emp_dist_m, neighborhood_name",55188,13797,0.6329352213475105,0.3674501501840911,0.552542897577498,379530.1287765369,1.0,,
5,"GROSS_AREA, INT_COND, neighborhood_walkability, emp_dist_m, neighborhood_name",55188,13797,0.6302349171802402,0.3687992431594587,0.5484491377406207,403911.03972023807,1.0,,
5,"LU, INT_COND, neighborhood_walkability, emp_dist_m, neighborhood_name",55188,13797,0.6842431752326446,0.34080302834050075,0.5461112337067131,369507.2170867737,1.0,,
6,"LU, RES_FLOOR, YR_BUILT, neighborhood_walkability, emp_dist_m, neighborhood_name",55188,13797,0.619728199952245,0.37400217889605253,0.5431845378426271,380426.7309454472,1.0,,
6,"LU, INT_COND, RES_FLOOR, neighborhood_walkability, emp_dist_m, neighborhood_name",55188,13797,0.6406152241465277,0.3635857972015604,0.5387903809305957,373833.7602426948,1.0,,
6,"LAND_SF, GROSS_AREA, YR_BUILT, neighborhood_walkability, emp_dist_m, neighborhood_name",55188,13797,0.562431844381128,0.4011898401561432,0.5371617824839536,419260.079567791,1.0,,
6,"LU, INT_COND, OVERALL_COND, neighborhood_walkability, emp_dist_m, neighborhood_name",55188,13797,0.6809394506811,0.34258127897878005,0.5355225297647916,372780.43629835785,1.0,,
6,"RES_FLOOR, YR_BUILT, BLDG_TYPE, neighborhood_walkability, emp_dist_m, neighborhood_name",55188,13797,0.6033316429647397,0.38198019915532183,0.5331528502114795,388079.8954293241,1.0,,
6,"INT_COND, RES_FLOOR, YR_BUILT, neighborhood_walkability, emp_dist_m, neighborhood_name",55188,13797,0.6132156187063766,0.3771911865012469,0.5323692832579168,382799.9684982753,1.0,,
6,"LU, OVERALL_COND, RES_FLOOR, neighborhood_walkability, emp_dist_m, neighborhood_name",55188,13797,0.6341421914283829,0.3668455341319948,0.5297889055121132,377730.11409871356,1.0,,
6,"LU, GROSS_AREA, YR_BUILT, neighborhood_walkability, emp_dist_m, neighborhood_name",55188,13797,0.5547008264878377,0.40471846260405037,0.5269859524512802,426401.0919678666,1.0,,
6,"GROSS_AREA, INT_COND, YR_BUILT, neighborhood_walkability, emp_dist_m, neighborhood_name",55188,13797,0.5546961144042988,0.40472060393090875,0.526815407461704,426424.39182190597,1.0,,
6,"GROSS_AREA, YR_BUILT, BLDG_TYPE, neighborhood_walkability, emp_dist_m, neighborhood_name",55188,13797,0.5545766574690223,0.40477488533583794,0.5268081657483358,426462.4907487877,1.0,,
6,"GROSS_AREA, OVERALL_COND, YR_BUILT, neighborhood_walkability, emp_dist_m, neighborhood_name",55188,13797,0.5545452385855126,0.40478916091313516,0.5266464312481788,426489.2503613305,1.0,,
5,"GROSS_AREA, YR_BUILT, neighborhood_walkability, emp_dist_m, neighborhood_name",55188,13797,0.5544278265757852,0.40484250412736766,0.5265804794069922,426531.41533319734,1.0,,
6,"OVERALL_COND, RES_FLOOR, YR_BUILT, neighborhood_walkability, emp_dist_m, neighborhood_name",55188,13797,0.6046531598741093,0.3813433769586815,0.5237573787051688,386736.7011390334,1.0,,
5,"RES_FLOOR, YR_BUILT, neighborhood_walkability, emp_dist_m, neighborhood_name",55188,13797,0.5918152398561227,0.38748550857022024,0.5222593632340233,392851.2808495489,1.0,,
6,"LU, LAND_SF, OVERALL_COND, neighborhood_walkability, emp_dist_m, neighborhood_name",55188,13797,0.6668960299869269,0.3500394368728997,0.5171230574276886,377483.7015340957,1.0,,
6,"INT_COND, RES_FLOOR, BLDG_TYPE, neighborhood_walkability, emp_dist_m, neighborhood_name",55188,13797,0.6169778534761311,0.37535224265042216,0.5139177201386922,386136.15600940364,1.0,,
6,"GROSS_AREA, INT_COND, OVERALL_COND, neighborhood_walkability, emp_dist_m, neighborhood_name",55188,13797,0.6104729328059706,0.3785261544239228,0.5126713281731426,414284.9102659044,1.0,,
6,"OVERALL_COND, RES_FLOOR, BLDG_TYPE, neighborhood_walkability, emp_dist_m, neighborhood_name",55188,13797,0.606686724175159,0.38036134548856243,0.500054494667503,392507.12043350766,1.0,,
4,"LU, neighborhood_walkability, emp_dist_m, neighborhood_name",55188,13797,0.6344619018736363,0.3666852123072442,0.4998532551623007,392100.381570342,1.0,,
4,"LAND_SF, GROSS_AREA, neighborhood_walkability, neighborhood_name",55188,13797,0.5586451833305472,0.40292202449067327,0.4988012169522311,447133.68856584944,1.0,,
5,"INT_COND, RES_FLOOR, neighborhood_walkability, emp_dist_m, neighborhood_name",55188,13797,0.6036638819872722,0.38182019734179956,0.498723887860701,392500.93406943255,1.0,,
3,"GROSS_AREA, neighborhood_walkability, neighborhood_name",55188,13797,0.5578763179934976,0.40327282838436035,0.49835838909453356,447508.89851226215,1.0,,
5,"RES_FLOOR, BLDG_TYPE, neighborhood_walkability, emp_dist_m, neighborhood_name",55188,13797,0.5917120816690594,0.3875344689691703,0.4959504293877255,400304.0810293351,1.0,,
5,"LU, BLDG_TYPE, neighborhood_walkability, emp_dist_m, neighborhood_name",55188,13797,0.6268494061376475,0.3704837302033171,0.4947026988193085,396964.5467231939,1.0,,
6,"LU, GROSS_AREA, RES_FLOOR, neighborhood_walkability, median_hh_income, neighborhood_name",55188,13797,0.5588704801676901,0.4028191722707327,0.48963486700045444,439286.2448669858,1.0,,
6,"GROSS_AREA, INT_COND, RES_FLOOR, neighborhood_walkability, median_hh_income, neighborhood_name",55188,13797,0.5588502069441803,0.4028284284516514,0.48955863094757956,439282.953054591,1.0,,
6,"GROSS_AREA, RES_FLOOR, BLDG_TYPE, neighborhood_walkability, median_hh_income, neighborhood_name",55188,13797,0.5587551916217348,0.4028718069286709,0.48953729966296256,439326.67104042845,1.0,,
6,"LAND_SF, GROSS_AREA, RES_FLOOR, neighborhood_walkability, median_hh_income, neighborhood_name",55188,13797,0.5587396365445558,0.40287890802844867,0.4894485788191537,439335.70329686295,1.0,,
6,"GROSS_AREA, OVERALL_COND, RES_FLOOR, neighborhood_walkability, median_hh_income, neighborhood_name",55188,13797,0.5587007045454221,0.402896680455622,0.48942016333433136,439347.50281381066,1.0,,
5,"GROSS_AREA, RES_FLOOR, neighborhood_walkability, median_hh_income, neighborhood_name",55188,13797,0.5586070593818113,0.40293942618917367,0.4893708943954562,439391.7512035998,1.0,,
6,"INT_COND, OVERALL_COND, BLDG_TYPE, neighborhood_walkability, emp_dist_m, neighborhood_name",55188,13797,0.6087552864017438,0.3793598049861504,0.4892888695899259,393748.86622068135,1.0,,
6,"LU, GROSS_AREA, INT_COND, neighborhood_walkability, median_hh_income, neighborhood_name",55188,13797,0.5583704240233303,0.4030474217309228,0.4889514393233432,439506.8312047304,1.0,,
6,"LU, GROSS_AREA, BLDG_TYPE, neighborhood_walkability, median_hh_income, neighborhood_name",55188,13797,0.558275588788641,0.4030906944725254,0.48893090172780707,439550.3955810048,1.0,,
6,"GROSS_AREA, INT_COND, BLDG_TYPE, neighborhood_walkability, median_hh_income, neighborhood_name",55188,13797,0.5582551458123636,0.40310002186983107,0.48885451590615603,439546.965987307,1.0,,
6,"LU, GROSS_AREA, OVERALL_COND, neighborhood_walkability, median_hh_income, neighborhood_name",55188,13797,0.5582210045292353,0.4031155988323487,0.48881351406707707,439571.2446853986,1.0,,
6,"LU, LAND_SF, GROSS_AREA, neighborhood_walkability, median_hh_income, neighborhood_name",55188,13797,0.5582427194106752,0.40310569148603453,0.4887992172198725,439568.1197274812,1.0,,
5,"LU, GROSS_AREA, neighborhood_walkability, median_hh_income, neighborhood_name",55188,13797,0.5581274315616946,0.40315828841927054,0.48876444364685334,439615.4565816885,1.0,,
6,"GROSS_AREA, INT_COND, OVERALL_COND, neighborhood_walkability, median_hh_income, neighborhood_name",55188,13797,0.5582003323982763,0.403125030200809,0.4887369388089591,439567.80916879413,1.0,,
6,"GROSS_AREA, OVERALL_COND, BLDG_TYPE, neighborhood_walkability, median_hh_income, neighborhood_name",55188,13797,0.5581057584539328,0.40316817541669286,0.488716822614626,439611.32634475664,1.0,,
5,"GROSS_AREA, INT_COND, neighborhood_walkability, median_hh_income, neighborhood_name",55188,13797,0.5581069450473412,0.40316763411407386,0.4886878911184007,439612.014932641,1.0,,
6,"LAND_SF, GROSS_AREA, INT_COND, neighborhood_walkability, median_hh_income, neighborhood_name",55188,13797,0.5582132396023867,0.4031191414966836,0.4886794328901557,439569.4421556879,1.0,,
5,"GROSS_AREA, BLDG_TYPE, neighborhood_walkability, median_hh_income, neighborhood_name",55188,13797,0.5580122608869373,0.4032108250444034,0.4886671432252935,439655.62887317396,1.0,,
6,"LAND_SF, GROSS_AREA, BLDG_TYPE, neighborhood_walkability, median_hh_income, neighborhood_name",55188,13797,0.5580929893658185,0.40317400039955437,0.4886508631832226,439623.7003763312,1.0,,
5,"GROSS_AREA, OVERALL_COND, neighborhood_walkability, median_hh_income, neighborhood_name",55188,13797,0.5579576176884045,0.40323574886725655,0.48855033169314743,439676.39415646216,1.0,,
6,"LAND_SF, GROSS_AREA, OVERALL_COND, neighborhood_walkability, median_hh_income, neighborhood_name",55188,13797,0.5580382790455001,0.4031989571161274,0.4885098534137371,439645.4481067038,1.0,,
4,"GROSS_AREA, neighborhood_walkability, median_hh_income, neighborhood_name",55188,13797,0.557864156389496,0.40327837480826445,0.4885012084475794,439720.51075217227,1.0,,
5,"LAND_SF, GROSS_AREA, neighborhood_walkability, median_hh_income, neighborhood_name",55188,13797,0.5579279385042262,0.40324928547331795,0.4884438716878855,439698.8190714335,1.0,,
5,"LU, YR_BUILT, neighborhood_walkability, emp_dist_m, neighborhood_name",55188,13797,0.6197495576549863,0.373991675961676,0.48556959928467114,394336.12264162983,1.0,,
5,"OVERALL_COND, RES_FLOOR, neighborhood_walkability, emp_dist_m, neighborhood_name",55188,13797,0.5923008727919901,0.387254936845371,0.48369305621187975,399248.05302873446,1.0,,
6,"INT_COND, OVERALL_COND, RES_FLOOR, neighborhood_walkability, emp_dist_m, neighborhood_name",55188,13797,0.596842209978931,0.3850920917654392,0.4803501347183141,397854.99625427945,1.0,,
4,"RES_FLOOR, neighborhood_walkability, emp_dist_m, neighborhood_name",55188,13797,0.577576305801587,0.39418601046903806,0.4798246050564241,406694.63884224626,1.0,,
6,"LU, YR_BUILT, BLDG_TYPE, neighborhood_walkability, emp_dist_m, neighborhood_name",55188,13797,0.6107434452013545,0.37839469526597475,0.47873380017611267,400932.77546429494,1.0,,
6,"LU, OVERALL_COND, BLDG_TYPE, neighborhood_walkability, emp_dist_m, neighborhood_name",55188,13797,0.6312510064666821,0.3682921769615812,0.4515316960786864,400548.0158915263,1.0,,
6,"LAND_SF, GROSS_AREA, BLDG_TYPE, neighborhood_walkability, emp_dist_m, neighborhood_name",55188,13797,0.5310031991733181,0.41534789353877843,0.45004451834337256,449042.14258568914,1.0,,
6,"LAND_SF, GROSS_AREA, OVERALL_COND, neighborhood_walkability, emp_dist_m, neighborhood_name",55188,13797,0.5309558331929564,0.41536886688383645,0.44988064134392525,449053.7534692149,1.0,,
5,"LAND_SF, GROSS_AREA, neighborhood_walkability, emp_dist_m, neighborhood_name",55188,13797,0.5308260413386853,0.41542633243850247,0.449818498162151,449103.84140877426,1.0,,
6,"LU, OVERALL_COND, YR_BUILT, neighborhood_walkability, emp_dist_m, neighborhood_name",55188,13797,0.6191152884663862,0.3743034606881694,0.4379505212670878,402352.79418919014,1.0,,
6,"LU, INT_COND, BLDG_TYPE, neighborhood_walkability, emp_dist_m, neighborhood_name",55188,13797,0.5944788522385878,0.38621916967428666,0.4337825120445994,417019.39261687733,1.0,,
5,"LU, OVERALL_COND, neighborhood_walkability, emp_dist_m, neighborhood_name",55188,13797,0.6218487395519514,0.3729579321734104,0.4332659648255388,406476.8341050947,1.0,,
6,"LAND_SF, YR_BUILT, neighborhood_walkability, emp_dist_m, median_hh_income, neighborhood_name",55188,13797,0.5305057912637217,0.41556808968721276,0.42964191841574595,441101.0613694347,1.0,,
6,"LU, INT_COND, YR_BUILT, neighborhood_walkability, emp_dist_m, neighborhood_name",55188,13797,0.5869326375226648,0.38979612094534555,0.429347509791445,417253.064559163,1.0,,
5,"GROSS_AREA, BLDG_TYPE, neighborhood_walkability, emp_dist_m, neighborhood_name",55188,13797,0.5182269181450739,0.4209672764406791,0.4280464030696285,459920.1951735009,1.0,,
5,"GROSS_AREA, OVERALL_COND, neighborhood_walkability, emp_dist_m, neighborhood_name",55188,13797,0.5181841434024386,0.4209859640427017,0.4278849756179053,459923.2534099395,1.0,,
4,"GROSS_AREA, neighborhood_walkability, emp_dist_m, neighborhood_name",55188,13797,0.5180502377748217,0.42104445991074996,0.4278462631795078,459943.37831109064,1.0,,
6,"LAND_SF, INT_COND, BLDG_TYPE, neighborhood_walkability, emp_dist_m, neighborhood_name",55188,13797,0.5578596406944059,0.40328043421778037,0.4273309117601404,430367.7896977617,1.0,,
6,"LAND_SF, OVERALL_COND, BLDG_TYPE, neighborhood_walkability, emp_dist_m, neighborhood_name",55188,13797,0.5649153556027409,0.40004970090454506,0.4237655661373666,425883.6458476273,1.0,,
5,"LAND_SF, INT_COND, neighborhood_walkability, emp_dist_m, neighborhood_name",55188,13797,0.5128546294193694,0.42330788869768454,0.37590290710942276,452022.5020096536,1.0,,
6,"INT_COND, YR_BUILT, BLDG_TYPE, neighborhood_walkability, emp_dist_m, neighborhood_name",55188,13797,0.5071015522733837,0.4258001374997436,0.36905243890434336,447163.78914538707,1.0,,
6,"LAND_SF, INT_COND, YR_BUILT, neighborhood_walkability, emp_dist_m, neighborhood_name",55188,13797,0.4527925039418187,0.44864526766109236,0.3662153403523909,468402.6976315388,1.0,,
6,"LAND_SF, YR_BUILT, BLDG_TYPE, neighborhood_walkability, emp_dist_m, neighborhood_name",55188,13797,0.45268111389576793,0.44869092865296895,0.3661602919253383,468441.20246578805,1.0,,
6,"LAND_SF, OVERALL_COND, YR_BUILT, neighborhood_walkability, emp_dist_m, neighborhood_name",55188,13797,0.4526329703928823,0.4487106621927356,0.36605478969181426,468466.46332186443,1.0,,
5,"LAND_SF, YR_BUILT, neighborhood_walkability, emp_dist_m, neighborhood_name",55188,13797,0.4525376086579965,0.448749747451215,0.3660085641702777,468503.7525717148,1.0,,
6,"LAND_SF, INT_COND, OVERALL_COND, neighborhood_walkability, emp_dist_m, neighborhood_name",55188,13797,0.497099276268099,0.43009877185872397,0.3509849719648426,457737.9685166981,1.0,,
6,"LAND_SF, RES_FLOOR, neighborhood_walkability, emp_dist_m, median_hh_income, neighborhood_name",55188,13797,0.48702207231631944,0.434386591879365,0.34677221442743844,467428.41579626594,1.0,,
6,"LU, LAND_SF, neighborhood_walkability, emp_dist_m, median_hh_income, neighborhood_name",55188,13797,0.48702201665509914,0.434386615446156,0.3467721385316922,467428.44051747856,1.0,,
6,"LAND_SF, INT_COND, neighborhood_walkability, emp_dist_m, median_hh_income, neighborhood_name",55188,13797,0.48702199981830996,0.43438662257480093,0.3467721224784367,467428.4473852756,1.0,,
6,"LAND_SF, BLDG_TYPE, neighborhood_walkability, emp_dist_m, median_hh_income, neighborhood_name",55188,13797,0.4870219977245329,0.4343866234612997,0.3467721217420695,467428.44795036135,1.0,,
6,"LAND_SF, OVERALL_COND, neighborhood_walkability, emp_dist_m, median_hh_income, neighborhood_name",55188,13797,0.4870219925077064,0.434386625670088,0.3467721150663322,467428.4502943214,1.0,,
5,"LAND_SF, neighborhood_walkability, emp_dist_m, median_hh_income, neighborhood_name",55188,13797,0.4870219894377794,0.43438662696988567,0.3467721139443679,467428.45162381086,1.0,,
6,"RES_FLOOR, YR_BUILT, neighborhood_walkability, emp_dist_m, median_hh_income, neighborhood_name",55188,13797,0.4595504853917274,0.4458662891810734,0.33499234194279004,469027.4301997266,1.0,,
6,"LU, YR_BUILT, neighborhood_walkability, emp_dist_m, median_hh_income, neighborhood_name",55188,13797,0.4594718548849419,0.4458987227537213,0.3348296642192554,469063.78671690973,1.0,,
6,"INT_COND, YR_BUILT, neighborhood_walkability, emp_dist_m, median_hh_income, neighborhood_name",55188,13797,0.459443439315964,0.44591044304942723,0.3347840687113727,469075.79490066046,1.0,,
6,"YR_BUILT, BLDG_TYPE, neighborhood_walkability, emp_dist_m, median_hh_income, neighborhood_name",55188,13797,0.459439304155118,0.4459121486136666,0.33478055793012407,469077.44089133065,1.0,,
6,"OVERALL_COND, YR_BUILT, neighborhood_walkability, emp_dist_m, median_hh_income, neighborhood_name",55188,13797,0.4594329824191412,0.4459147560272766,0.3347679714370152,469080.63565326977,1.0,,
5,"YR_BUILT, neighborhood_walkability, emp_dist_m, median_hh_income, neighborhood_name",55188,13797,0.45942821003238654,0.44591672439836594,0.33476419285557946,469082.6212818315,1.0,,
5,"INT_COND, YR_BUILT, neighborhood_walkability, emp_dist_m, neighborhood_name",55188,13797,0.4676019148921281,0.4425326460270758,0.33416487292839236,464015.0247340574,1.0,,
5,"INT_COND, BLDG_TYPE, neighborhood_walkability, emp_dist_m, neighborhood_name",55188,13797,0.48275450640898,0.4361897239311953,0.31976786745988195,458599.5952882871,1.0,,
6,"INT_COND, OVERALL_COND, YR_BUILT, neighborhood_walkability, emp_dist_m, neighborhood_name",55188,13797,0.4530136729350944,0.4485545923220286,0.3113066943933678,469770.8687150047,1.0,,
5,"OVERALL_COND, BLDG_TYPE, neighborhood_walkability, emp_dist_m, neighborhood_name",55188,13797,0.4889969795414577,0.4335496158181217,0.31045093345548724,455652.592487469,1.0,,
5,"LAND_SF, BLDG_TYPE, neighborhood_walkability, emp_dist_m, neighborhood_name",55188,13797,0.4265036382734081,0.45929572766290044,0.3000940504586772,484994.5317263356,1.0,,
5,"LAND_SF, OVERALL_COND, neighborhood_walkability, emp_dist_m, neighborhood_name",55188,13797,0.42646086860641697,0.45931285380388465,0.3000069399646702,485008.1083396799,1.0,,
4,"LAND_SF, neighborhood_walkability, emp_dist_m, neighborhood_name",55188,13797,0.4263581793616814,0.45935397077082923,0.29995182472776283,485050.8985367611,1.0,,
6,"OVERALL_COND, YR_BUILT, BLDG_TYPE, neighborhood_walkability, emp_dist_m, neighborhood_name",55188,13797,0.39148093827062524,0.47311222003525644,0.28038758156768673,491414.8613977664,1.0,,
5,"YR_BUILT, BLDG_TYPE, neighborhood_walkability, emp_dist_m, neighborhood_name",55188,13797,0.39138765732404646,0.4731484807437095,0.28034909410118736,491442.47202298534,1.0,,
5,"OVERALL_COND, YR_BUILT, neighborhood_walkability, emp_dist_m, neighborhood_name",55188,13797,0.391368295380645,0.4731560068819445,0.28027613637364823,491455.4156813975,1.0,,
4,"YR_BUILT, neighborhood_walkability, emp_dist_m, neighborhood_name",55188,13797,0.39127541285694756,0.47319210937800793,0.28023781808098835,491482.8476988498,1.0,,
4,"INT_COND, neighborhood_walkability, emp_dist_m, neighborhood_name",55188,13797,0.4436886921118106,0.4523618963309231,0.2793939331360936,474274.3091546809,1.0,,
6,"LU, RES_FLOOR, neighborhood_walkability, emp_dist_m, median_hh_income, neighborhood_name",55188,13797,0.42912272410715635,0.45824575457461564,0.265835079355467,481770.61678435816,1.0,,
6,"INT_COND, RES_FLOOR, neighborhood_walkability, emp_dist_m, median_hh_income, neighborhood_name",55188,13797,0.4291227130904215,0.45824575899620695,0.2658350705971608,481770.62054291967,1.0,,
6,"RES_FLOOR, BLDG_TYPE, neighborhood_walkability, emp_dist_m, median_hh_income, neighborhood_name",55188,13797,0.4291227113486401,0.4582457596952748,0.2658350692869861,481770.62114477647,1.0,,
6,"OVERALL_COND, RES_FLOOR, neighborhood_walkability, emp_dist_m, median_hh_income, neighborhood_name",55188,13797,0.4291227086246425,0.45824576078855733,0.26583506631840215,481770.62222878035,1.0,,
5,"RES_FLOOR, neighborhood_walkability, emp_dist_m, median_hh_income, neighborhood_name",55188,13797,0.429122706565501,0.4582457616149984,0.26583506534535406,481770.6231411247,1.0,,
6,"LU, INT_COND, neighborhood_walkability, emp_dist_m, median_hh_income, neighborhood_name",55188,13797,0.4291226767566264,0.4582457735788568,0.26583502433579964,481770.6338145986,1.0,,
6,"LU, BLDG_TYPE, neighborhood_walkability, emp_dist_m, median_hh_income, neighborhood_name",55188,13797,0.42912267501484314,0.4582457742779254,0.26583502302560513,481770.6344164533,1.0,,
6,"LU, OVERALL_COND, neighborhood_walkability, emp_dist_m, median_hh_income, neighborhood_name",55188,13797,0.4291226722908469,0.4582457753712074,0.26583502005703663,481770.6355004588,1.0,,
5,"LU, neighborhood_walkability, emp_dist_m, median_hh_income, neighborhood_name",55188,13797,0.4291226702317038,0.45824577619764906,0.26583501908397755,481770.6364128016,1.0,,
6,"INT_COND, BLDG_TYPE, neighborhood_walkability, emp_dist_m, median_hh_income, neighborhood_name",55188,13797,0.42912266399810683,0.4582457786995171,0.2658350142672987,481770.63817501446,1.0,,
6,"INT_COND, OVERALL_COND, neighborhood_walkability, emp_dist_m, median_hh_income, neighborhood_name",55188,13797,0.4291226612741088,0.4582457797927998,0.265835011298717,481770.6392590188,1.0,,
5,"INT_COND, neighborhood_walkability, emp_dist_m, median_hh_income, neighborhood_name",55188,13797,0.4291226592149673,0.4582457806192408,0.2658350103256707,481770.6401713632,1.0,,
6,"OVERALL_COND, BLDG_TYPE, neighborhood_walkability, emp_dist_m, median_hh_income, neighborhood_name",55188,13797,0.42912265953232653,0.458245780491868,0.26583500998853093,481770.639860874,1.0,,
5,"BLDG_TYPE, neighborhood_walkability, emp_dist_m, median_hh_income, neighborhood_name",55188,13797,0.429122657473186,0.4582457813183086,0.26583500901549384,481770.6407732194,1.0,,
5,"OVERALL_COND, neighborhood_walkability, emp_dist_m, median_hh_income, neighborhood_name",55188,13797,0.42912265474918765,0.45824578241159136,0.26583500604690935,481770.64185722324,1.0,,
4,"neighborhood_walkability, emp_dist_m, median_hh_income, neighborhood_name",55188,13797,0.42912265269004646,0.4582457832380323,0.26583500507386826,481770.64276956825,1.0,,
6,"LAND_SF, RES_FLOOR, YR_BUILT, neighborhood_walkability, median_hh_income, neighborhood_name",55188,13797,0.3580119036142728,0.4859488513332543,0.2622980615866459,511559.6975454394,1.0,,
6,"LU, LAND_SF, YR_BUILT, neighborhood_walkability, median_hh_income, neighborhood_name",55188,13797,0.35604926952850824,0.4866910862539483,0.25994161083199374,512249.56668418716,1.0,,
6,"LAND_SF, YR_BUILT, BLDG_TYPE, neighborhood_walkability, median_hh_income, neighborhood_name",55188,13797,0.3555603885749745,0.48687579670532516,0.2595415519437928,512431.6463011787,1.0,,
6,"LAND_SF, INT_COND, YR_BUILT, neighborhood_walkability, median_hh_income, neighborhood_name",55188,13797,0.355569695034606,0.4868722811654468,0.2595049562299735,512431.8197910451,1.0,,
6,"LAND_SF, OVERALL_COND, YR_BUILT, neighborhood_walkability, median_hh_income, neighborhood_name",55188,13797,0.3553804892500815,0.48694374916643,0.25933041080888364,512502.2220357086,1.0,,
5,"LAND_SF, YR_BUILT, neighborhood_walkability, median_hh_income, neighborhood_name",55188,13797,0.35526269098960317,0.48698823936982244,0.25926524699525044,512546.0669940948,1.0,,
5,"INT_COND, OVERALL_COND, neighborhood_walkability, emp_dist_m, neighborhood_name",55188,13797,0.4280643513439659,0.4586703381638986,0.25514377655920983,478855.7906392627,1.0,,
6,"LU, RES_FLOOR, YR_BUILT, neighborhood_walkability, median_hh_income, neighborhood_name",55188,13797,0.3349642298816701,0.4945948326951694,0.2257316787910454,517216.8765843561,1.0,,
6,"RES_FLOOR, YR_BUILT, BLDG_TYPE, neighborhood_walkability, median_hh_income, neighborhood_name",55188,13797,0.3345000404202486,0.49476741413444614,0.2253728014948465,517379.13120854093,1.0,,
6,"INT_COND, RES_FLOOR, YR_BUILT, neighborhood_walkability, median_hh_income, neighborhood_name",55188,13797,0.33452162734866775,0.494759389644578,0.22536075643677034,517376.4690310054,1.0,,
6,"OVERALL_COND, RES_FLOOR, YR_BUILT, neighborhood_walkability, median_hh_income, neighborhood_name",55188,13797,0.3343585300842139,0.494820014424259,0.2252172746715383,517434.69049096736,1.0,,
5,"RES_FLOOR, YR_BUILT, neighborhood_walkability, median_hh_income, neighborhood_name",55188,13797,0.33425477055300623,0.4948585789476614,0.22516873725491227,517471.88581209915,1.0,,
6,"LU, YR_BUILT, BLDG_TYPE, neighborhood_walkability, median_hh_income, neighborhood_name",55188,13797,0.3327738514945512,0.4954086680627937,0.22342215634396811,517943.7165890484,1.0,,
6,"LU, INT_COND, YR_BUILT, neighborhood_walkability, median_hh_income, neighborhood_name",55188,13797,0.33279533604003786,0.4954006919697034,0.2234105690795467,517941.17277449096,1.0,,
6,"LU, OVERALL_COND, YR_BUILT, neighborhood_walkability, median_hh_income, neighborhood_name",55188,13797,0.33263214384914064,0.49546127351667524,0.22326740550899016,517999.01233101136,1.0,,
5,"LU, YR_BUILT, neighborhood_walkability, median_hh_income, neighborhood_name",55188,13797,0.33252841230402796,0.4954997777433906,0.22321893360060396,518036.1313120664,1.0,,
6,"INT_COND, YR_BUILT, BLDG_TYPE, neighborhood_walkability, median_hh_income, neighborhood_name",55188,13797,0.33233011599705153,0.49557337524276807,0.22305178964740713,518103.2356967956,1.0,,
6,"OVERALL_COND, YR_BUILT, BLDG_TYPE, neighborhood_walkability, median_hh_income, neighborhood_name",55188,13797,0.3321669257059906,0.4956339349776063,0.222908668616007,518160.9084287012,1.0,,
6,"INT_COND, OVERALL_COND, YR_BUILT, neighborhood_walkability, median_hh_income, neighborhood_name",55188,13797,0.3321875731323223,0.4956262731496339,0.22289586710752407,518158.7355935748,1.0,,
5,"YR_BUILT, BLDG_TYPE, neighborhood_walkability, median_hh_income, neighborhood_name",55188,13797,0.33206328374053784,0.49567239255354206,0.22286023057320592,518197.97417815216,1.0,,
5,"INT_COND, YR_BUILT, neighborhood_walkability, median_hh_income, neighborhood_name",55188,13797,0.3320842151685739,0.4956646259402946,0.2228476651701593,518195.7530972147,1.0,,
5,"OVERALL_COND, YR_BUILT, neighborhood_walkability, median_hh_income, neighborhood_name",55188,13797,0.3319210228502357,0.49572517527972515,0.22270457068886007,518253.33122607606,1.0,,
4,"YR_BUILT, neighborhood_walkability, median_hh_income, neighborhood_name",55188,13797,0.3318174081963783,0.4957636156458992,0.2226561449824579,518290.3724744054,1.0,,
4,"BLDG_TYPE, neighborhood_walkability, emp_dist_m, neighborhood_name",55188,13797,0.3544451286565079,0.4872969054720411,0.20211954968998536,507274.9953225877,1.0,,
4,"OVERALL_COND, neighborhood_walkability, emp_dist_m, neighborhood_name",55188,13797,0.35443438518625614,0.48730096030785647,0.20206966995048026,507273.01263150724,1.0,,
3,"neighborhood_walkability, emp_dist_m, neighborhood_name",55188,13797,0.3543313856347594,0.4873398330245468,0.20203119442862216,507304.4177927916,1.0,,
6,"LU, LAND_SF, RES_FLOOR, neighborhood_walkability, median_hh_income, neighborhood_name",55188,13797,0.3292032941073626,0.49673245079791206,0.2019619678881166,523616.4066351253,1.0,,
6,"LAND_SF, INT_COND, RES_FLOOR, neighborhood_walkability, median_hh_income, neighborhood_name",55188,13797,0.32878581089274106,0.49688700224564947,0.20162273022951116,523751.3234660699,1.0,,
6,"LAND_SF, RES_FLOOR, BLDG_TYPE, neighborhood_walkability, median_hh_income, neighborhood_name",55188,13797,0.32873570440167854,0.4969055483371282,0.20160231981614907,523768.43541814026,1.0,,
6,"LAND_SF, OVERALL_COND, RES_FLOOR, neighborhood_walkability, median_hh_income, neighborhood_name",55188,13797,0.32857965460466865,0.4969633031621703,0.2014387008169345,523817.04093637964,1.0,,
5,"LAND_SF, RES_FLOOR, neighborhood_walkability, median_hh_income, neighborhood_name",55188,13797,0.3284643301862511,0.49700598100438353,0.2013656476151341,523863.1118792897,1.0,,
6,"LU, LAND_SF, INT_COND, neighborhood_walkability, median_hh_income, neighborhood_name",55188,13797,0.3269535387844621,0.49756473800789314,0.1996012962053606,524302.0485798377,1.0,,
6,"LU, LAND_SF, BLDG_TYPE, neighborhood_walkability, median_hh_income, neighborhood_name",55188,13797,0.3269037092393128,0.49758315647312734,0.19958128903005445,524318.9818932897,1.0,,
6,"LU, LAND_SF, OVERALL_COND, neighborhood_walkability, median_hh_income, neighborhood_name",55188,13797,0.3267475329440712,0.49764087940802065,0.19941794885583664,524367.4292884007,1.0,,
5,"LU, LAND_SF, neighborhood_walkability, median_hh_income, neighborhood_name",55188,13797,0.326632351117882,0.4976834464513746,0.19934535556298905,524413.2642432479,1.0,,
6,"LAND_SF, INT_COND, BLDG_TYPE, neighborhood_walkability, median_hh_income, neighborhood_name",55188,13797,0.3264850646902786,0.4977378728921963,0.19924202629030496,524453.631454077,1.0,,
6,"LAND_SF, INT_COND, OVERALL_COND, neighborhood_walkability, median_hh_income, neighborhood_name",55188,13797,0.3263282123798139,0.49779582765041464,0.1990781943502279,524502.5463250675,1.0,,
6,"LAND_SF, OVERALL_COND, BLDG_TYPE, neighborhood_walkability, median_hh_income, neighborhood_name",55188,13797,0.3262791002652987,0.49781397251011034,0.199058922282919,524518.8191476997,1.0,,
5,"LAND_SF, INT_COND, neighborhood_walkability, median_hh_income, neighborhood_name",55188,13797,0.3262133522969084,0.4978382625824903,0.19900573737903393,524548.0424960228,1.0,,
5,"LAND_SF, BLDG_TYPE, neighborhood_walkability, median_hh_income, neighborhood_name",55188,13797,0.32616399967248066,0.49785649474469507,0.19898614309587215,524564.5362405977,1.0,,
5,"LAND_SF, OVERALL_COND, neighborhood_walkability, median_hh_income, neighborhood_name",55188,13797,0.32600743227148343,0.49791433045700734,0.19882276450679448,524613.2058569862,1.0,,
4,"LAND_SF, neighborhood_walkability, median_hh_income, neighborhood_name",55188,13797,0.325892376335879,0.4979568276277574,0.19875002562917754,524658.7833807558,1.0,,
6,"LU, INT_COND, RES_FLOOR, neighborhood_walkability, median_hh_income, neighborhood_name",55188,13797,0.2989220399220476,0.507820500628611,0.15788831256285119,528022.5590931833,1.0,,
6,"LU, RES_FLOOR, BLDG_TYPE, neighborhood_walkability, median_hh_income, neighborhood_name",55188,13797,0.298861675311507,0.507842362481831,0.15785168984751974,528042.9526349055,1.0,,
6,"LU, OVERALL_COND, RES_FLOOR, neighborhood_walkability, median_hh_income, neighborhood_name",55188,13797,0.29874605377985397,0.5078842337426159,0.1577443456415747,528079.2402513301,1.0,,
5,"LU, RES_FLOOR, neighborhood_walkability, median_hh_income, neighborhood_name",55188,13797,0.29864662198664615,0.5079202392798332,0.15769059267465535,528117.0538445221,1.0,,
6,"INT_COND, RES_FLOOR, BLDG_TYPE, neighborhood_walkability, median_hh_income, neighborhood_name",55188,13797,0.2984855937807287,0.507978544260846,0.15758642578204052,528153.5337107306,1.0,,
6,"INT_COND, OVERALL_COND, RES_FLOOR, neighborhood_walkability, median_hh_income, neighborhood_name",55188,13797,0.2983694339629678,0.5080205991724488,0.1574787266774108,528190.0097502487,1.0,,
6,"OVERALL_COND, RES_FLOOR, BLDG_TYPE, neighborhood_walkability, median_hh_income, neighborhood_name",55188,13797,0.2983096657886416,0.5080422364974204,0.15744258194347316,528210.0530223043,1.0,,
5,"INT_COND, RES_FLOOR, neighborhood_walkability, median_hh_income, neighborhood_name",55188,13797,0.2982702635424155,0.5080565004278954,0.15742516400427753,528227.7129644417,1.0,,
5,"RES_FLOOR, BLDG_TYPE, neighborhood_walkability, median_hh_income, neighborhood_name",55188,13797,0.29821032505788736,0.5080781978741244,0.1573888852747617,528247.7911503462,1.0,,
5,"OVERALL_COND, RES_FLOOR, neighborhood_walkability, median_hh_income, neighborhood_name",55188,13797,0.29809435369654824,0.5081201763245986,0.15728137180323765,528284.1805653259,1.0,,
4,"RES_FLOOR, neighborhood_walkability, median_hh_income, neighborhood_name",55188,13797,0.2979950402597308,0.5081561223070796,0.15722769576103635,528321.839228957,1.0,,
6,"LU, INT_COND, BLDG_TYPE, neighborhood_walkability, median_hh_income, neighborhood_name",55188,13797,0.2969227063744283,0.5085440861579046,0.15603819392487195,528588.2696185259,1.0,,
6,"LU, INT_COND, OVERALL_COND, neighborhood_walkability, median_hh_income, neighborhood_name",55188,13797,0.296806321908643,0.5085861755434945,0.15593068365369678,528624.5628023304,1.0,,
6,"LU, OVERALL_COND, BLDG_TYPE, neighborhood_walkability, median_hh_income, neighborhood_name",55188,13797,0.296746907006204,0.5086076610606974,0.15589505464714282,528644.4473464292,1.0,,
5,"LU, INT_COND, neighborhood_walkability, median_hh_income, neighborhood_name",55188,13797,0.2967072694385722,0.5086219942265962,0.15587734072431403,528662.1525554644,1.0,,
5,"LU, BLDG_TYPE, neighborhood_walkability, median_hh_income, neighborhood_name",55188,13797,0.29664768548014164,0.5086435393589326,0.1558415780222876,528682.0843677315,1.0,,
5,"LU, OVERALL_COND, neighborhood_walkability, median_hh_income, neighborhood_name",55188,13797,0.29653148950077446,0.5086855523673596,0.1557342542799598,528718.2821649414,1.0,,
4,"LU, neighborhood_walkability, median_hh_income, neighborhood_name",55188,13797,0.29643229597443277,0.5087214150494661,0.1556807991859268,528755.954865506,1.0,,
6,"INT_COND, OVERALL_COND, BLDG_TYPE, neighborhood_walkability, median_hh_income, neighborhood_name",55188,13797,0.29636955188492964,0.5087440984033268,0.15562983763909555,528754.9405184384,1.0,,
5,"INT_COND, BLDG_TYPE, neighborhood_walkability, median_hh_income, neighborhood_name",55188,13797,0.2962705917756292,0.5087798725811448,0.15557655045586938,528792.516658406,1.0,,
5,"INT_COND, OVERALL_COND, neighborhood_walkability, median_hh_income, neighborhood_name",55188,13797,0.2961538635682266,0.5088220667109299,0.15546887954501376,528828.8887972859,1.0,,
5,"OVERALL_COND, BLDG_TYPE, neighborhood_walkability, median_hh_income, neighborhood_name",55188,13797,0.2960948740966477,0.5088433884987624,0.15543359015719527,528848.5592366627,1.0,,
4,"INT_COND, neighborhood_walkability, median_hh_income, neighborhood_name",55188,13797,0.29605493153853923,0.5088578252584541,0.15541561332672815,528866.3968982763,1.0,,
4,"BLDG_TYPE, neighborhood_walkability, median_hh_income, neighborhood_name",55188,13797,0.29599577350573714,0.508879206469038,0.1553801921606136,528886.1619823093,1.0,,
4,"OVERALL_COND, neighborhood_walkability, median_hh_income, neighborhood_name",55188,13797,0.2958792340320865,0.5089213241570836,0.1552727070631187,528922.4299434023,1.0,,
3,"neighborhood_walkability, median_hh_income, neighborhood_name",55188,13797,0.2957801617461522,0.5089571264142662,0.1552193302268433,528959.9898113242,1.0,,
